local_exam_number,fipi_number,page_parameter,url,old_url,status
1,EABF12,353,https://oge.fipi.ru/bank/questions.php?proj=DE0E276E497AB3784C3FC4CC20248DC0&page=353&pagesize=10#qEABF12,https://oge.fipi.ru/bank/questions.php?proj=DE0E276E497AB3784C3FC4CC20248DC0&page=353#qEABF12,verified_local_archive
2,1DAE55,353,https://oge.fipi.ru/bank/questions.php?proj=DE0E276E497AB3784C3FC4CC20248DC0&page=353&pagesize=10#q1DAE55,https://oge.fipi.ru/bank/questions.php?proj=DE0E276E497AB3784C3FC4CC20248DC0&page=353#q1DAE55,verified_local_archive
3,D7DA06,353,https://oge.fipi.ru/bank/questions.php?proj=DE0E276E497AB3784C3FC4CC20248DC0&page=353&pagesize=10#qD7DA06,https://oge.fipi.ru/bank/questions.php?proj=DE0E276E497AB3784C3FC4CC20248DC0&page=353#qD7DA06,verified_local_archive
4,40373A,353,https://oge.fipi.ru/bank/questions.php?proj=DE0E276E497AB3784C3FC4CC20248DC0&page=353&pagesize=10#q40373A,https://oge.fipi.ru/bank/questions.php?proj=DE0E276E497AB3784C3FC4CC20248DC0&page=353#q40373A,verified_local_archive
5,E30C8F,353,https://oge.fipi.ru/bank/questions.php?proj=DE0E276E497AB3784C3FC4CC20248DC0&page=353&pagesize=10#qE30C8F,https://oge.fipi.ru/bank/questions.php?proj=DE0E276E497AB3784C3FC4CC20248DC0&page=353#qE30C8F,verified_local_archive
1-5,093985,353,https://oge.fipi.ru/bank/questions.php?proj=DE0E276E497AB3784C3FC4CC20248DC0&page=353&pagesize=10#q093985,https://oge.fipi.ru/bank/questions.php?proj=DE0E276E497AB3784C3FC4CC20248DC0&page=353#q093985,verified_local_archive
1-5,ACE7E1,353,https://oge.fipi.ru/bank/questions.php?proj=DE0E276E497AB3784C3FC4CC20248DC0&page=353&pagesize=10#qACE7E1,https://oge.fipi.ru/bank/questions.php?proj=DE0E276E497AB3784C3FC4CC20248DC0&page=353#qACE7E1,verified_local_archive
1-5,1DD53B,353,https://oge.fipi.ru/bank/questions.php?proj=DE0E276E497AB3784C3FC4CC20248DC0&page=353&pagesize=10#q1DD53B,https://oge.fipi.ru/bank/questions.php?proj=DE0E276E497AB3784C3FC4CC20248DC0&page=353#q1DD53B,verified_local_archive
1-5,B8F7D9,353,https://oge.fipi.ru/bank/questions.php?proj=DE0E276E497AB3784C3FC4CC20248DC0&page=353&pagesize=10#qB8F7D9,https://oge.fipi.ru/bank/questions.php?proj=DE0E276E497AB3784C3FC4CC20248DC0&page=353#qB8F7D9,verified_local_archive
1,BD19A3,353,https://oge.fipi.ru/bank/questions.php?proj=DE0E276E497AB3784C3FC4CC20248DC0&page=353&pagesize=10#qBD19A3,https://oge.fipi.ru/bank/questions.php?proj=DE0E276E497AB3784C3FC4CC20248DC0&page=353#qBD19A3,verified_local_archive
1,95B15C,354,https://oge.fipi.ru/bank/questions.php?proj=DE0E276E497AB3784C3FC4CC20248DC0&page=354&pagesize=10#q95B15C,https://oge.fipi.ru/bank/questions.php?proj=DE0E276E497AB3784C3FC4CC20248DC0&page=354#q95B15C,verified_local_archive
1,14EF59,354,https://oge.fipi.ru/bank/questions.php?proj=DE0E276E497AB3784C3FC4CC20248DC0&page=354&pagesize=10#q14EF59,https://oge.fipi.ru/bank/questions.php?proj=DE0E276E497AB3784C3FC4CC20248DC0&page=354#q14EF59,verified_local_archive
1,FCA4C5,354,https://oge.fipi.ru/bank/questions.php?proj=DE0E276E497AB3784C3FC4CC20248DC0&page=354&pagesize=10#qFCA4C5,https://oge.fipi.ru/bank/questions.php?proj=DE0E276E497AB3784C3FC4CC20248DC0&page=354#qFCA4C5,verified_local_archive
1,44E538,354,https://oge.fipi.ru/bank/questions.php?proj=DE0E276E497AB3784C3FC4CC20248DC0&page=354&pagesize=10#q44E538,https://oge.fipi.ru/bank/questions.php?proj=DE0E276E497AB3784C3FC4CC20248DC0&page=354#q44E538,verified_local_archive
1,211095,354,https://oge.fipi.ru/bank/questions.php?proj=DE0E276E497AB3784C3FC4CC20248DC0&page=354&pagesize=10#q211095,https://oge.fipi.ru/bank/questions.php?proj=DE0E276E497AB3784C3FC4CC20248DC0&page=354#q211095,verified_local_archive
1,C23492,354,https://oge.fipi.ru/bank/questions.php?proj=DE0E276E497AB3784C3FC4CC20248DC0&page=354&pagesize=10#qC23492,https://oge.fipi.ru/bank/questions.php?proj=DE0E276E497AB3784C3FC4CC20248DC0&page=354#qC23492,verified_local_archive
1,DAD553,354,https://oge.fipi.ru/bank/questions.php?proj=DE0E276E497AB3784C3FC4CC20248DC0&page=354&pagesize=10#qDAD553,https://oge.fipi.ru/bank/questions.php?proj=DE0E276E497AB3784C3FC4CC20248DC0&page=354#qDAD553,verified_local_archive
1,D02C75,354,https://oge.fipi.ru/bank/questions.php?proj=DE0E276E497AB3784C3FC4CC20248DC0&page=354&pagesize=10#qD02C75,https://oge.fipi.ru/bank/questions.php?proj=DE0E276E497AB3784C3FC4CC20248DC0&page=354#qD02C75,verified_local_archive
1,3DE30E,354,https://oge.fipi.ru/bank/questions.php?proj=DE0E276E497AB3784C3FC4CC20248DC0&page=354&pagesize=10#q3DE30E,https://oge.fipi.ru/bank/questions.php?proj=DE0E276E497AB3784C3FC4CC20248DC0&page=354#q3DE30E,verified_local_archive
2,339932,354,https://oge.fipi.ru/bank/questions.php?proj=DE0E276E497AB3784C3FC4CC20248DC0&page=354&pagesize=10#q339932,https://oge.fipi.ru/bank/questions.php?proj=DE0E276E497AB3784C3FC4CC20248DC0&page=354#q339932,verified_local_archive
1,C9CC62,357,https://oge.fipi.ru/bank/questions.php?proj=DE0E276E497AB3784C3FC4CC20248DC0&page=357&pagesize=10#qC9CC62,https://oge.fipi.ru/bank/questions.php?proj=DE0E276E497AB3784C3FC4CC20248DC0&page=357#qC9CC62,verified_local_archive
2,AFAE7D,357,https://oge.fipi.ru/bank/questions.php?proj=DE0E276E497AB3784C3FC4CC20248DC0&page=357&pagesize=10#qAFAE7D,https://oge.fipi.ru/bank/questions.php?proj=DE0E276E497AB3784C3FC4CC20248DC0&page=357#qAFAE7D,verified_local_archive
3,47CB29,357,https://oge.fipi.ru/bank/questions.php?proj=DE0E276E497AB3784C3FC4CC20248DC0&page=357&pagesize=10#q47CB29,https://oge.fipi.ru/bank/questions.php?proj=DE0E276E497AB3784C3FC4CC20248DC0&page=357#q47CB29,verified_local_archive
4,256E4B,357,https://oge.fipi.ru/bank/questions.php?proj=DE0E276E497AB3784C3FC4CC20248DC0&page=357&pagesize=10#q256E4B,https://oge.fipi.ru/bank/questions.php?proj=DE0E276E497AB3784C3FC4CC20248DC0&page=357#q256E4B,verified_local_archive
5,0F3619,357,https://oge.fipi.ru/bank/questions.php?proj=DE0E276E497AB3784C3FC4CC20248DC0&page=357&pagesize=10#q0F3619,https://oge.fipi.ru/bank/questions.php?proj=DE0E276E497AB3784C3FC4CC20248DC0&page=357#q0F3619,verified_local_archive
1-5,00194F,357,https://oge.fipi.ru/bank/questions.php?proj=DE0E276E497AB3784C3FC4CC20248DC0&page=357&pagesize=10#q00194F,https://oge.fipi.ru/bank/questions.php?proj=DE0E276E497AB3784C3FC4CC20248DC0&page=357#q00194F,verified_local_archive
1-5,0B1AFD,357,https://oge.fipi.ru/bank/questions.php?proj=DE0E276E497AB3784C3FC4CC20248DC0&page=357&pagesize=10#q0B1AFD,https://oge.fipi.ru/bank/questions.php?proj=DE0E276E497AB3784C3FC4CC20248DC0&page=357#q0B1AFD,verified_local_archive
1-5,F5D8CA,357,https://oge.fipi.ru/bank/questions.php?proj=DE0E276E497AB3784C3FC4CC20248DC0&page=357&pagesize=10#qF5D8CA,https://oge.fipi.ru/bank/questions.php?proj=DE0E276E497AB3784C3FC4CC20248DC0&page=357#qF5D8CA,verified_local_archive
1-5,EFAD85,357,https://oge.fipi.ru/bank/questions.php?proj=DE0E276E497AB3784C3FC4CC20248DC0&page=357&pagesize=10#qEFAD85,https://oge.fipi.ru/bank/questions.php?proj=DE0E276E497AB3784C3FC4CC20248DC0&page=357#qEFAD85,verified_local_archive
1,8061BC,357,https://oge.fipi.ru/bank/questions.php?proj=DE0E276E497AB3784C3FC4CC20248DC0&page=357&pagesize=10#q8061BC,https://oge.fipi.ru/bank/questions.php?proj=DE0E276E497AB3784C3FC4CC20248DC0&page=357#q8061BC,verified_local_archive
1,50AAED,360,https://oge.fipi.ru/bank/questions.php?proj=DE0E276E497AB3784C3FC4CC20248DC0&page=360&pagesize=10#q50AAED,https://oge.fipi.ru/bank/questions.php?proj=DE0E276E497AB3784C3FC4CC20248DC0&page=360#q50AAED,verified_local_archive
2,B54F14,360,https://oge.fipi.ru/bank/questions.php?proj=DE0E276E497AB3784C3FC4CC20248DC0&page=360&pagesize=10#qB54F14,https://oge.fipi.ru/bank/questions.php?proj=DE0E276E497AB3784C3FC4CC20248DC0&page=360#qB54F14,verified_local_archive
3,D73DC8,360,https://oge.fipi.ru/bank/questions.php?proj=DE0E276E497AB3784C3FC4CC20248DC0&page=360&pagesize=10#qD73DC8,https://oge.fipi.ru/bank/questions.php?proj=DE0E276E497AB3784C3FC4CC20248DC0&page=360#qD73DC8,verified_local_archive
4,4004C7,360,https://oge.fipi.ru/bank/questions.php?proj=DE0E276E497AB3784C3FC4CC20248DC0&page=360&pagesize=10#q4004C7,https://oge.fipi.ru/bank/questions.php?proj=DE0E276E497AB3784C3FC4CC20248DC0&page=360#q4004C7,verified_local_archive
5,8285E0,360,https://oge.fipi.ru/bank/questions.php?proj=DE0E276E497AB3784C3FC4CC20248DC0&page=360&pagesize=10#q8285E0,https://oge.fipi.ru/bank/questions.php?proj=DE0E276E497AB3784C3FC4CC20248DC0&page=360#q8285E0,verified_local_archive
1-5,D34BA5,360,https://oge.fipi.ru/bank/questions.php?proj=DE0E276E497AB3784C3FC4CC20248DC0&page=360&pagesize=10#qD34BA5,https://oge.fipi.ru/bank/questions.php?proj=DE0E276E497AB3784C3FC4CC20248DC0&page=360#qD34BA5,verified_local_archive
1-5,E9A538,360,https://oge.fipi.ru/bank/questions.php?proj=DE0E276E497AB3784C3FC4CC20248DC0&page=360&pagesize=10#qE9A538,https://oge.fipi.ru/bank/questions.php?proj=DE0E276E497AB3784C3FC4CC20248DC0&page=360#qE9A538,verified_local_archive
1-5,42D860,360,https://oge.fipi.ru/bank/questions.php?proj=DE0E276E497AB3784C3FC4CC20248DC0&page=360&pagesize=10#q42D860,https://oge.fipi.ru/bank/questions.php?proj=DE0E276E497AB3784C3FC4CC20248DC0&page=360#q42D860,verified_local_archive
1-5,48ABB4,360,https://oge.fipi.ru/bank/questions.php?proj=DE0E276E497AB3784C3FC4CC20248DC0&page=360&pagesize=10#q48ABB4,https://oge.fipi.ru/bank/questions.php?proj=DE0E276E497AB3784C3FC4CC20248DC0&page=360#q48ABB4,verified_local_archive
1,648B0F,360,https://oge.fipi.ru/bank/questions.php?proj=DE0E276E497AB3784C3FC4CC20248DC0&page=360&pagesize=10#q648B0F,https://oge.fipi.ru/bank/questions.php?proj=DE0E276E497AB3784C3FC4CC20248DC0&page=360#q648B0F,verified_local_archive
1,9DA1CD,362,https://oge.fipi.ru/bank/questions.php?proj=DE0E276E497AB3784C3FC4CC20248DC0&page=362&pagesize=10#q9DA1CD,https://oge.fipi.ru/bank/questions.php?proj=DE0E276E497AB3784C3FC4CC20248DC0&page=362#q9DA1CD,verified_local_archive
2,A595D8,362,https://oge.fipi.ru/bank/questions.php?proj=DE0E276E497AB3784C3FC4CC20248DC0&page=362&pagesize=10#qA595D8,https://oge.fipi.ru/bank/questions.php?proj=DE0E276E497AB3784C3FC4CC20248DC0&page=362#qA595D8,verified_local_archive
3,279B0A,362,https://oge.fipi.ru/bank/questions.php?proj=DE0E276E497AB3784C3FC4CC20248DC0&page=362&pagesize=10#q279B0A,https://oge.fipi.ru/bank/questions.php?proj=DE0E276E497AB3784C3FC4CC20248DC0&page=362#q279B0A,verified_local_archive
4,815F15,362,https://oge.fipi.ru/bank/questions.php?proj=DE0E276E497AB3784C3FC4CC20248DC0&page=362&pagesize=10#q815F15,https://oge.fipi.ru/bank/questions.php?proj=DE0E276E497AB3784C3FC4CC20248DC0&page=362#q815F15,verified_local_archive
5,68D6B8,362,https://oge.fipi.ru/bank/questions.php?proj=DE0E276E497AB3784C3FC4CC20248DC0&page=362&pagesize=10#q68D6B8,https://oge.fipi.ru/bank/questions.php?proj=DE0E276E497AB3784C3FC4CC20248DC0&page=362#q68D6B8,verified_local_archive
1-5,C9FB8A,363,https://oge.fipi.ru/bank/questions.php?proj=DE0E276E497AB3784C3FC4CC20248DC0&page=363&pagesize=10#qC9FB8A,https://oge.fipi.ru/bank/questions.php?proj=DE0E276E497AB3784C3FC4CC20248DC0&page=363#qC9FB8A,verified_local_archive
1-5,D46403,363,https://oge.fipi.ru/bank/questions.php?proj=DE0E276E497AB3784C3FC4CC20248DC0&page=363&pagesize=10#qD46403,https://oge.fipi.ru/bank/questions.php?proj=DE0E276E497AB3784C3FC4CC20248DC0&page=363#qD46403,verified_local_archive
1-5,344753,363,https://oge.fipi.ru/bank/questions.php?proj=DE0E276E497AB3784C3FC4CC20248DC0&page=363&pagesize=10#q344753,https://oge.fipi.ru/bank/questions.php?proj=DE0E276E497AB3784C3FC4CC20248DC0&page=363#q344753,verified_local_archive
1-5,60CCFB,363,https://oge.fipi.ru/bank/questions.php?proj=DE0E276E497AB3784C3FC4CC20248DC0&page=363&pagesize=10#q60CCFB,https://oge.fipi.ru/bank/questions.php?proj=DE0E276E497AB3784C3FC4CC20248DC0&page=363#q60CCFB,verified_local_archive
1,5B5F1D,363,https://oge.fipi.ru/bank/questions.php?proj=DE0E276E497AB3784C3FC4CC20248DC0&page=363&pagesize=10#q5B5F1D,https://oge.fipi.ru/bank/questions.php?proj=DE0E276E497AB3784C3FC4CC20248DC0&page=363#q5B5F1D,verified_local_archive
1,7B221C,367,https://oge.fipi.ru/bank/questions.php?proj=DE0E276E497AB3784C3FC4CC20248DC0&page=367&pagesize=10#q7B221C,https://oge.fipi.ru/bank/questions.php?proj=DE0E276E497AB3784C3FC4CC20248DC0&page=367#q7B221C,verified_local_archive
2,8B1B3C,367,https://oge.fipi.ru/bank/questions.php?proj=DE0E276E497AB3784C3FC4CC20248DC0&page=367&pagesize=10#q8B1B3C,https://oge.fipi.ru/bank/questions.php?proj=DE0E276E497AB3784C3FC4CC20248DC0&page=367#q8B1B3C,verified_local_archive
3,206A24,367,https://oge.fipi.ru/bank/questions.php?proj=DE0E276E497AB3784C3FC4CC20248DC0&page=367&pagesize=10#q206A24,https://oge.fipi.ru/bank/questions.php?proj=DE0E276E497AB3784C3FC4CC20248DC0&page=367#q206A24,verified_local_archive
4,267533,367,https://oge.fipi.ru/bank/questions.php?proj=DE0E276E497AB3784C3FC4CC20248DC0&page=367&pagesize=10#q267533,https://oge.fipi.ru/bank/questions.php?proj=DE0E276E497AB3784C3FC4CC20248DC0&page=367#q267533,verified_local_archive
5,6F6ACD,367,https://oge.fipi.ru/bank/questions.php?proj=DE0E276E497AB3784C3FC4CC20248DC0&page=367&pagesize=10#q6F6ACD,https://oge.fipi.ru/bank/questions.php?proj=DE0E276E497AB3784C3FC4CC20248DC0&page=367#q6F6ACD,verified_local_archive
1-5,0E979A,368,https://oge.fipi.ru/bank/questions.php?proj=DE0E276E497AB3784C3FC4CC20248DC0&page=368&pagesize=10#q0E979A,https://oge.fipi.ru/bank/questions.php?proj=DE0E276E497AB3784C3FC4CC20248DC0&page=368#q0E979A,verified_local_archive
1-5,523739,368,https://oge.fipi.ru/bank/questions.php?proj=DE0E276E497AB3784C3FC4CC20248DC0&page=368&pagesize=10#q523739,https://oge.fipi.ru/bank/questions.php?proj=DE0E276E497AB3784C3FC4CC20248DC0&page=368#q523739,verified_local_archive
1-5,40DC6F,368,https://oge.fipi.ru/bank/questions.php?proj=DE0E276E497AB3784C3FC4CC20248DC0&page=368&pagesize=10#q40DC6F,https://oge.fipi.ru/bank/questions.php?proj=DE0E276E497AB3784C3FC4CC20248DC0&page=368#q40DC6F,verified_local_archive
1-5,15AB34,368,https://oge.fipi.ru/bank/questions.php?proj=DE0E276E497AB3784C3FC4CC20248DC0&page=368&pagesize=10#q15AB34,https://oge.fipi.ru/bank/questions.php?proj=DE0E276E497AB3784C3FC4CC20248DC0&page=368#q15AB34,verified_local_archive
1,80B9B5,368,https://oge.fipi.ru/bank/questions.php?proj=DE0E276E497AB3784C3FC4CC20248DC0&page=368&pagesize=10#q80B9B5,https://oge.fipi.ru/bank/questions.php?proj=DE0E276E497AB3784C3FC4CC20248DC0&page=368#q80B9B5,verified_local_archive
1,2C4E7E,374,https://oge.fipi.ru/bank/questions.php?proj=DE0E276E497AB3784C3FC4CC20248DC0&page=374&pagesize=10#q2C4E7E,https://oge.fipi.ru/bank/questions.php?proj=DE0E276E497AB3784C3FC4CC20248DC0&page=374#q2C4E7E,verified_local_archive
2,956E41,374,https://oge.fipi.ru/bank/questions.php?proj=DE0E276E497AB3784C3FC4CC20248DC0&page=374&pagesize=10#q956E41,https://oge.fipi.ru/bank/questions.php?proj=DE0E276E497AB3784C3FC4CC20248DC0&page=374#q956E41,verified_local_archive
3,9B56D2,374,https://oge.fipi.ru/bank/questions.php?proj=DE0E276E497AB3784C3FC4CC20248DC0&page=374&pagesize=10#q9B56D2,https://oge.fipi.ru/bank/questions.php?proj=DE0E276E497AB3784C3FC4CC20248DC0&page=374#q9B56D2,verified_local_archive
4,81A4BF,374,https://oge.fipi.ru/bank/questions.php?proj=DE0E276E497AB3784C3FC4CC20248DC0&page=374&pagesize=10#q81A4BF,https://oge.fipi.ru/bank/questions.php?proj=DE0E276E497AB3784C3FC4CC20248DC0&page=374#q81A4BF,verified_local_archive
5,C94E00,374,https://oge.fipi.ru/bank/questions.php?proj=DE0E276E497AB3784C3FC4CC20248DC0&page=374&pagesize=10#qC94E00,https://oge.fipi.ru/bank/questions.php?proj=DE0E276E497AB3784C3FC4CC20248DC0&page=374#qC94E00,verified_local_archive
1-5,798575,374,https://oge.fipi.ru/bank/questions.php?proj=DE0E276E497AB3784C3FC4CC20248DC0&page=374&pagesize=10#q798575,https://oge.fipi.ru/bank/questions.php?proj=DE0E276E497AB3784C3FC4CC20248DC0&page=374#q798575,verified_local_archive
1-5,6B0E5B,374,https://oge.fipi.ru/bank/questions.php?proj=DE0E276E497AB3784C3FC4CC20248DC0&page=374&pagesize=10#q6B0E5B,https://oge.fipi.ru/bank/questions.php?proj=DE0E276E497AB3784C3FC4CC20248DC0&page=374#q6B0E5B,verified_local_archive
1-5,48AD41,374,https://oge.fipi.ru/bank/questions.php?proj=DE0E276E497AB3784C3FC4CC20248DC0&page=374&pagesize=10#q48AD41,https://oge.fipi.ru/bank/questions.php?proj=DE0E276E497AB3784C3FC4CC20248DC0&page=374#q48AD41,verified_local_archive
1-5,F8B12D,374,https://oge.fipi.ru/bank/questions.php?proj=DE0E276E497AB3784C3FC4CC20248DC0&page=374&pagesize=10#qF8B12D,https://oge.fipi.ru/bank/questions.php?proj=DE0E276E497AB3784C3FC4CC20248DC0&page=374#qF8B12D,verified_local_archive
1,504626,374,https://oge.fipi.ru/bank/questions.php?proj=DE0E276E497AB3784C3FC4CC20248DC0&page=374&pagesize=10#q504626,https://oge.fipi.ru/bank/questions.php?proj=DE0E276E497AB3784C3FC4CC20248DC0&page=374#q504626,verified_local_archive
1,0822A3,377,https://oge.fipi.ru/bank/questions.php?proj=DE0E276E497AB3784C3FC4CC20248DC0&page=377&pagesize=10#q0822A3,https://oge.fipi.ru/bank/questions.php?proj=DE0E276E497AB3784C3FC4CC20248DC0&page=377#q0822A3,verified_local_archive
2,E579DF,377,https://oge.fipi.ru/bank/questions.php?proj=DE0E276E497AB3784C3FC4CC20248DC0&page=377&pagesize=10#qE579DF,https://oge.fipi.ru/bank/questions.php?proj=DE0E276E497AB3784C3FC4CC20248DC0&page=377#qE579DF,verified_local_archive
3,C94FAE,377,https://oge.fipi.ru/bank/questions.php?proj=DE0E276E497AB3784C3FC4CC20248DC0&page=377&pagesize=10#qC94FAE,https://oge.fipi.ru/bank/questions.php?proj=DE0E276E497AB3784C3FC4CC20248DC0&page=377#qC94FAE,verified_local_archive
4,552351,377,https://oge.fipi.ru/bank/questions.php?proj=DE0E276E497AB3784C3FC4CC20248DC0&page=377&pagesize=10#q552351,https://oge.fipi.ru/bank/questions.php?proj=DE0E276E497AB3784C3FC4CC20248DC0&page=377#q552351,verified_local_archive
5,F5292D,377,https://oge.fipi.ru/bank/questions.php?proj=DE0E276E497AB3784C3FC4CC20248DC0&page=377&pagesize=10#qF5292D,https://oge.fipi.ru/bank/questions.php?proj=DE0E276E497AB3784C3FC4CC20248DC0&page=377#qF5292D,verified_local_archive
1-5,37226A,377,https://oge.fipi.ru/bank/questions.php?proj=DE0E276E497AB3784C3FC4CC20248DC0&page=377&pagesize=10#q37226A,https://oge.fipi.ru/bank/questions.php?proj=DE0E276E497AB3784C3FC4CC20248DC0&page=377#q37226A,verified_local_archive
1-5,E64C0D,377,https://oge.fipi.ru/bank/questions.php?proj=DE0E276E497AB3784C3FC4CC20248DC0&page=377&pagesize=10#qE64C0D,https://oge.fipi.ru/bank/questions.php?proj=DE0E276E497AB3784C3FC4CC20248DC0&page=377#qE64C0D,verified_local_archive
1-5,26AFA2,377,https://oge.fipi.ru/bank/questions.php?proj=DE0E276E497AB3784C3FC4CC20248DC0&page=377&pagesize=10#q26AFA2,https://oge.fipi.ru/bank/questions.php?proj=DE0E276E497AB3784C3FC4CC20248DC0&page=377#q26AFA2,verified_local_archive
1-5,FD71FF,377,https://oge.fipi.ru/bank/questions.php?proj=DE0E276E497AB3784C3FC4CC20248DC0&page=377&pagesize=10#qFD71FF,https://oge.fipi.ru/bank/questions.php?proj=DE0E276E497AB3784C3FC4CC20248DC0&page=377#qFD71FF,verified_local_archive
1,CA483A,377,https://oge.fipi.ru/bank/questions.php?proj=DE0E276E497AB3784C3FC4CC20248DC0&page=377&pagesize=10#qCA483A,https://oge.fipi.ru/bank/questions.php?proj=DE0E276E497AB3784C3FC4CC20248DC0&page=377#qCA483A,verified_local_archive
1,AC5E2C,378,https://oge.fipi.ru/bank/questions.php?proj=DE0E276E497AB3784C3FC4CC20248DC0&page=378&pagesize=10#qAC5E2C,https://oge.fipi.ru/bank/questions.php?proj=DE0E276E497AB3784C3FC4CC20248DC0&page=378#qAC5E2C,verified_local_archive
2,AF782F,378,https://oge.fipi.ru/bank/questions.php?proj=DE0E276E497AB3784C3FC4CC20248DC0&page=378&pagesize=10#qAF782F,https://oge.fipi.ru/bank/questions.php?proj=DE0E276E497AB3784C3FC4CC20248DC0&page=378#qAF782F,verified_local_archive
3,79F189,378,https://oge.fipi.ru/bank/questions.php?proj=DE0E276E497AB3784C3FC4CC20248DC0&page=378&pagesize=10#q79F189,https://oge.fipi.ru/bank/questions.php?proj=DE0E276E497AB3784C3FC4CC20248DC0&page=378#q79F189,verified_local_archive
4,A65199,378,https://oge.fipi.ru/bank/questions.php?proj=DE0E276E497AB3784C3FC4CC20248DC0&page=378&pagesize=10#qA65199,https://oge.fipi.ru/bank/questions.php?proj=DE0E276E497AB3784C3FC4CC20248DC0&page=378#qA65199,verified_local_archive
5,C2D81F,378,https://oge.fipi.ru/bank/questions.php?proj=DE0E276E497AB3784C3FC4CC20248DC0&page=378&pagesize=10#qC2D81F,https://oge.fipi.ru/bank/questions.php?proj=DE0E276E497AB3784C3FC4CC20248DC0&page=378#qC2D81F,verified_local_archive
1-5,BD700B,378,https://oge.fipi.ru/bank/questions.php?proj=DE0E276E497AB3784C3FC4CC20248DC0&page=378&pagesize=10#qBD700B,https://oge.fipi.ru/bank/questions.php?proj=DE0E276E497AB3784C3FC4CC20248DC0&page=378#qBD700B,verified_local_archive
1-5,68DD25,378,https://oge.fipi.ru/bank/questions.php?proj=DE0E276E497AB3784C3FC4CC20248DC0&page=378&pagesize=10#q68DD25,https://oge.fipi.ru/bank/questions.php?proj=DE0E276E497AB3784C3FC4CC20248DC0&page=378#q68DD25,verified_local_archive
1-5,2F442A,378,https://oge.fipi.ru/bank/questions.php?proj=DE0E276E497AB3784C3FC4CC20248DC0&page=378&pagesize=10#q2F442A,https://oge.fipi.ru/bank/questions.php?proj=DE0E276E497AB3784C3FC4CC20248DC0&page=378#q2F442A,verified_local_archive
1-5,9DBB19,378,https://oge.fipi.ru/bank/questions.php?proj=DE0E276E497AB3784C3FC4CC20248DC0&page=378&pagesize=10#q9DBB19,https://oge.fipi.ru/bank/questions.php?proj=DE0E276E497AB3784C3FC4CC20248DC0&page=378#q9DBB19,verified_local_archive
1,A31790,378,https://oge.fipi.ru/bank/questions.php?proj=DE0E276E497AB3784C3FC4CC20248DC0&page=378&pagesize=10#qA31790,https://oge.fipi.ru/bank/questions.php?proj=DE0E276E497AB3784C3FC4CC20248DC0&page=378#qA31790,verified_local_archive
1,9C3565,381,https://oge.fipi.ru/bank/questions.php?proj=DE0E276E497AB3784C3FC4CC20248DC0&page=381&pagesize=10#q9C3565,https://oge.fipi.ru/bank/questions.php?proj=DE0E276E497AB3784C3FC4CC20248DC0&page=381#q9C3565,verified_local_archive
2,61901B,381,https://oge.fipi.ru/bank/questions.php?proj=DE0E276E497AB3784C3FC4CC20248DC0&page=381&pagesize=10#q61901B,https://oge.fipi.ru/bank/questions.php?proj=DE0E276E497AB3784C3FC4CC20248DC0&page=381#q61901B,verified_local_archive
3,6FEB96,381,https://oge.fipi.ru/bank/questions.php?proj=DE0E276E497AB3784C3FC4CC20248DC0&page=381&pagesize=10#q6FEB96,https://oge.fipi.ru/bank/questions.php?proj=DE0E276E497AB3784C3FC4CC20248DC0&page=381#q6FEB96,verified_local_archive
4,9F0E92,381,https://oge.fipi.ru/bank/questions.php?proj=DE0E276E497AB3784C3FC4CC20248DC0&page=381&pagesize=10#q9F0E92,https://oge.fipi.ru/bank/questions.php?proj=DE0E276E497AB3784C3FC4CC20248DC0&page=381#q9F0E92,verified_local_archive
5,9D29EC,381,https://oge.fipi.ru/bank/questions.php?proj=DE0E276E497AB3784C3FC4CC20248DC0&page=381&pagesize=10#q9D29EC,https://oge.fipi.ru/bank/questions.php?proj=DE0E276E497AB3784C3FC4CC20248DC0&page=381#q9D29EC,verified_local_archive
1-5,6550BA,381,https://oge.fipi.ru/bank/questions.php?proj=DE0E276E497AB3784C3FC4CC20248DC0&page=381&pagesize=10#q6550BA,https://oge.fipi.ru/bank/questions.php?proj=DE0E276E497AB3784C3FC4CC20248DC0&page=381#q6550BA,verified_local_archive
1-5,529A49,382,https://oge.fipi.ru/bank/questions.php?proj=DE0E276E497AB3784C3FC4CC20248DC0&page=382&pagesize=10#q529A49,https://oge.fipi.ru/bank/questions.php?proj=DE0E276E497AB3784C3FC4CC20248DC0&page=382#q529A49,verified_local_archive
1-5,E0BBB9,382,https://oge.fipi.ru/bank/questions.php?proj=DE0E276E497AB3784C3FC4CC20248DC0&page=382&pagesize=10#qE0BBB9,https://oge.fipi.ru/bank/questions.php?proj=DE0E276E497AB3784C3FC4CC20248DC0&page=382#qE0BBB9,verified_local_archive
1-5,98442B,382,https://oge.fipi.ru/bank/questions.php?proj=DE0E276E497AB3784C3FC4CC20248DC0&page=382&pagesize=10#q98442B,https://oge.fipi.ru/bank/questions.php?proj=DE0E276E497AB3784C3FC4CC20248DC0&page=382#q98442B,verified_local_archive
1,EB6B6C,382,https://oge.fipi.ru/bank/questions.php?proj=DE0E276E497AB3784C3FC4CC20248DC0&page=382&pagesize=10#qEB6B6C,https://oge.fipi.ru/bank/questions.php?proj=DE0E276E497AB3784C3FC4CC20248DC0&page=382#qEB6B6C,verified_local_archive
1,40ACC2,382,https://oge.fipi.ru/bank/questions.php?proj=DE0E276E497AB3784C3FC4CC20248DC0&page=382&pagesize=10#q40ACC2,https://oge.fipi.ru/bank/questions.php?proj=DE0E276E497AB3784C3FC4CC20248DC0&page=382#q40ACC2,verified_local_archive
2,530943,383,https://oge.fipi.ru/bank/questions.php?proj=DE0E276E497AB3784C3FC4CC20248DC0&page=383&pagesize=10#q530943,https://oge.fipi.ru/bank/questions.php?proj=DE0E276E497AB3784C3FC4CC20248DC0&page=383#q530943,verified_local_archive
3,01BBB2,383,https://oge.fipi.ru/bank/questions.php?proj=DE0E276E497AB3784C3FC4CC20248DC0&page=383&pagesize=10#q01BBB2,https://oge.fipi.ru/bank/questions.php?proj=DE0E276E497AB3784C3FC4CC20248DC0&page=383#q01BBB2,verified_local_archive
4,73517C,383,https://oge.fipi.ru/bank/questions.php?proj=DE0E276E497AB3784C3FC4CC20248DC0&page=383&pagesize=10#q73517C,https://oge.fipi.ru/bank/questions.php?proj=DE0E276E497AB3784C3FC4CC20248DC0&page=383#q73517C,verified_local_archive
5,907954,383,https://oge.fipi.ru/bank/questions.php?proj=DE0E276E497AB3784C3FC4CC20248DC0&page=383&pagesize=10#q907954,https://oge.fipi.ru/bank/questions.php?proj=DE0E276E497AB3784C3FC4CC20248DC0&page=383#q907954,verified_local_archive
1-5,E7F5C0,383,https://oge.fipi.ru/bank/questions.php?proj=DE0E276E497AB3784C3FC4CC20248DC0&page=383&pagesize=10#qE7F5C0,https://oge.fipi.ru/bank/questions.php?proj=DE0E276E497AB3784C3FC4CC20248DC0&page=383#qE7F5C0,verified_local_archive
1-5,68CB09,383,https://oge.fipi.ru/bank/questions.php?proj=DE0E276E497AB3784C3FC4CC20248DC0&page=383&pagesize=10#q68CB09,https://oge.fipi.ru/bank/questions.php?proj=DE0E276E497AB3784C3FC4CC20248DC0&page=383#q68CB09,verified_local_archive
1-5,50F56D,383,https://oge.fipi.ru/bank/questions.php?proj=DE0E276E497AB3784C3FC4CC20248DC0&page=383&pagesize=10#q50F56D,https://oge.fipi.ru/bank/questions.php?proj=DE0E276E497AB3784C3FC4CC20248DC0&page=383#q50F56D,verified_local_archive
1-5,AA5417,383,https://oge.fipi.ru/bank/questions.php?proj=DE0E276E497AB3784C3FC4CC20248DC0&page=383&pagesize=10#qAA5417,https://oge.fipi.ru/bank/questions.php?proj=DE0E276E497AB3784C3FC4CC20248DC0&page=383#qAA5417,verified_local_archive
1,F252F3,383,https://oge.fipi.ru/bank/questions.php?proj=DE0E276E497AB3784C3FC4CC20248DC0&page=383&pagesize=10#qF252F3,https://oge.fipi.ru/bank/questions.php?proj=DE0E276E497AB3784C3FC4CC20248DC0&page=383#qF252F3,verified_local_archive
1,A07F51,384,https://oge.fipi.ru/bank/questions.php?proj=DE0E276E497AB3784C3FC4CC20248DC0&page=384&pagesize=10#qA07F51,https://oge.fipi.ru/bank/questions.php?proj=DE0E276E497AB3784C3FC4CC20248DC0&page=384#qA07F51,verified_local_archive
2,ACD5B3,384,https://oge.fipi.ru/bank/questions.php?proj=DE0E276E497AB3784C3FC4CC20248DC0&page=384&pagesize=10#qACD5B3,https://oge.fipi.ru/bank/questions.php?proj=DE0E276E497AB3784C3FC4CC20248DC0&page=384#qACD5B3,verified_local_archive
3,2E50A9,384,https://oge.fipi.ru/bank/questions.php?proj=DE0E276E497AB3784C3FC4CC20248DC0&page=384&pagesize=10#q2E50A9,https://oge.fipi.ru/bank/questions.php?proj=DE0E276E497AB3784C3FC4CC20248DC0&page=384#q2E50A9,verified_local_archive
4,BC8ED1,384,https://oge.fipi.ru/bank/questions.php?proj=DE0E276E497AB3784C3FC4CC20248DC0&page=384&pagesize=10#qBC8ED1,https://oge.fipi.ru/bank/questions.php?proj=DE0E276E497AB3784C3FC4CC20248DC0&page=384#qBC8ED1,verified_local_archive
5,5B87BC,384,https://oge.fipi.ru/bank/questions.php?proj=DE0E276E497AB3784C3FC4CC20248DC0&page=384&pagesize=10#q5B87BC,https://oge.fipi.ru/bank/questions.php?proj=DE0E276E497AB3784C3FC4CC20248DC0&page=384#q5B87BC,verified_local_archive
1-5,022D04,384,https://oge.fipi.ru/bank/questions.php?proj=DE0E276E497AB3784C3FC4CC20248DC0&page=384&pagesize=10#q022D04,https://oge.fipi.ru/bank/questions.php?proj=DE0E276E497AB3784C3FC4CC20248DC0&page=384#q022D04,verified_local_archive
1-5,8692FC,385,https://oge.fipi.ru/bank/questions.php?proj=DE0E276E497AB3784C3FC4CC20248DC0&page=385&pagesize=10#q8692FC,https://oge.fipi.ru/bank/questions.php?proj=DE0E276E497AB3784C3FC4CC20248DC0&page=385#q8692FC,verified_local_archive
1-5,5FBB18,385,https://oge.fipi.ru/bank/questions.php?proj=DE0E276E497AB3784C3FC4CC20248DC0&page=385&pagesize=10#q5FBB18,https://oge.fipi.ru/bank/questions.php?proj=DE0E276E497AB3784C3FC4CC20248DC0&page=385#q5FBB18,verified_local_archive
1-5,48DF60,385,https://oge.fipi.ru/bank/questions.php?proj=DE0E276E497AB3784C3FC4CC20248DC0&page=385&pagesize=10#q48DF60,https://oge.fipi.ru/bank/questions.php?proj=DE0E276E497AB3784C3FC4CC20248DC0&page=385#q48DF60,verified_local_archive
1,1546F7,385,https://oge.fipi.ru/bank/questions.php?proj=DE0E276E497AB3784C3FC4CC20248DC0&page=385&pagesize=10#q1546F7,https://oge.fipi.ru/bank/questions.php?proj=DE0E276E497AB3784C3FC4CC20248DC0&page=385#q1546F7,verified_local_archive
1,061534,385,https://oge.fipi.ru/bank/questions.php?proj=DE0E276E497AB3784C3FC4CC20248DC0&page=385&pagesize=10#q061534,https://oge.fipi.ru/bank/questions.php?proj=DE0E276E497AB3784C3FC4CC20248DC0&page=385#q061534,verified_local_archive
2,B86331,385,https://oge.fipi.ru/bank/questions.php?proj=DE0E276E497AB3784C3FC4CC20248DC0&page=385&pagesize=10#qB86331,https://oge.fipi.ru/bank/questions.php?proj=DE0E276E497AB3784C3FC4CC20248DC0&page=385#qB86331,verified_local_archive
3,E4697C,385,https://oge.fipi.ru/bank/questions.php?proj=DE0E276E497AB3784C3FC4CC20248DC0&page=385&pagesize=10#qE4697C,https://oge.fipi.ru/bank/questions.php?proj=DE0E276E497AB3784C3FC4CC20248DC0&page=385#qE4697C,verified_local_archive
4,936D7F,385,https://oge.fipi.ru/bank/questions.php?proj=DE0E276E497AB3784C3FC4CC20248DC0&page=385&pagesize=10#q936D7F,https://oge.fipi.ru/bank/questions.php?proj=DE0E276E497AB3784C3FC4CC20248DC0&page=385#q936D7F,verified_local_archive
5,9CC7A4,385,https://oge.fipi.ru/bank/questions.php?proj=DE0E276E497AB3784C3FC4CC20248DC0&page=385&pagesize=10#q9CC7A4,https://oge.fipi.ru/bank/questions.php?proj=DE0E276E497AB3784C3FC4CC20248DC0&page=385#q9CC7A4,verified_local_archive
1-5,F83A90,385,https://oge.fipi.ru/bank/questions.php?proj=DE0E276E497AB3784C3FC4CC20248DC0&page=385&pagesize=10#qF83A90,https://oge.fipi.ru/bank/questions.php?proj=DE0E276E497AB3784C3FC4CC20248DC0&page=385#qF83A90,verified_local_archive
1-5,BBE7E8,386,https://oge.fipi.ru/bank/questions.php?proj=DE0E276E497AB3784C3FC4CC20248DC0&page=386&pagesize=10#qBBE7E8,https://oge.fipi.ru/bank/questions.php?proj=DE0E276E497AB3784C3FC4CC20248DC0&page=386#qBBE7E8,verified_local_archive
1-5,ED661A,386,https://oge.fipi.ru/bank/questions.php?proj=DE0E276E497AB3784C3FC4CC20248DC0&page=386&pagesize=10#qED661A,https://oge.fipi.ru/bank/questions.php?proj=DE0E276E497AB3784C3FC4CC20248DC0&page=386#qED661A,verified_local_archive
1-5,230DD7,386,https://oge.fipi.ru/bank/questions.php?proj=DE0E276E497AB3784C3FC4CC20248DC0&page=386&pagesize=10#q230DD7,https://oge.fipi.ru/bank/questions.php?proj=DE0E276E497AB3784C3FC4CC20248DC0&page=386#q230DD7,verified_local_archive
1,AF4CEB,386,https://oge.fipi.ru/bank/questions.php?proj=DE0E276E497AB3784C3FC4CC20248DC0&page=386&pagesize=10#qAF4CEB,https://oge.fipi.ru/bank/questions.php?proj=DE0E276E497AB3784C3FC4CC20248DC0&page=386#qAF4CEB,verified_local_archive
1,1A9F7F,386,https://oge.fipi.ru/bank/questions.php?proj=DE0E276E497AB3784C3FC4CC20248DC0&page=386&pagesize=10#q1A9F7F,https://oge.fipi.ru/bank/questions.php?proj=DE0E276E497AB3784C3FC4CC20248DC0&page=386#q1A9F7F,verified_local_archive
1,0CA240,386,https://oge.fipi.ru/bank/questions.php?proj=DE0E276E497AB3784C3FC4CC20248DC0&page=386&pagesize=10#q0CA240,https://oge.fipi.ru/bank/questions.php?proj=DE0E276E497AB3784C3FC4CC20248DC0&page=386#q0CA240,verified_local_archive
1,5BD1CC,386,https://oge.fipi.ru/bank/questions.php?proj=DE0E276E497AB3784C3FC4CC20248DC0&page=386&pagesize=10#q5BD1CC,https://oge.fipi.ru/bank/questions.php?proj=DE0E276E497AB3784C3FC4CC20248DC0&page=386#q5BD1CC,verified_local_archive
1,1FE758,386,https://oge.fipi.ru/bank/questions.php?proj=DE0E276E497AB3784C3FC4CC20248DC0&page=386&pagesize=10#q1FE758,https://oge.fipi.ru/bank/questions.php?proj=DE0E276E497AB3784C3FC4CC20248DC0&page=386#q1FE758,verified_local_archive
1,11F08D,386,https://oge.fipi.ru/bank/questions.php?proj=DE0E276E497AB3784C3FC4CC20248DC0&page=386&pagesize=10#q11F08D,https://oge.fipi.ru/bank/questions.php?proj=DE0E276E497AB3784C3FC4CC20248DC0&page=386#q11F08D,verified_local_archive
1,2C48EC,386,https://oge.fipi.ru/bank/questions.php?proj=DE0E276E497AB3784C3FC4CC20248DC0&page=386&pagesize=10#q2C48EC,https://oge.fipi.ru/bank/questions.php?proj=DE0E276E497AB3784C3FC4CC20248DC0&page=386#q2C48EC,verified_local_archive
1,E8BE80,387,https://oge.fipi.ru/bank/questions.php?proj=DE0E276E497AB3784C3FC4CC20248DC0&page=387&pagesize=10#qE8BE80,https://oge.fipi.ru/bank/questions.php?proj=DE0E276E497AB3784C3FC4CC20248DC0&page=387#qE8BE80,verified_local_archive
1,0563D8,387,https://oge.fipi.ru/bank/questions.php?proj=DE0E276E497AB3784C3FC4CC20248DC0&page=387&pagesize=10#q0563D8,https://oge.fipi.ru/bank/questions.php?proj=DE0E276E497AB3784C3FC4CC20248DC0&page=387#q0563D8,verified_local_archive
1,001035,387,https://oge.fipi.ru/bank/questions.php?proj=DE0E276E497AB3784C3FC4CC20248DC0&page=387&pagesize=10#q001035,https://oge.fipi.ru/bank/questions.php?proj=DE0E276E497AB3784C3FC4CC20248DC0&page=387#q001035,verified_local_archive
2,0F3538,387,https://oge.fipi.ru/bank/questions.php?proj=DE0E276E497AB3784C3FC4CC20248DC0&page=387&pagesize=10#q0F3538,https://oge.fipi.ru/bank/questions.php?proj=DE0E276E497AB3784C3FC4CC20248DC0&page=387#q0F3538,verified_local_archive
2,DFCA35,387,https://oge.fipi.ru/bank/questions.php?proj=DE0E276E497AB3784C3FC4CC20248DC0&page=387&pagesize=10#qDFCA35,https://oge.fipi.ru/bank/questions.php?proj=DE0E276E497AB3784C3FC4CC20248DC0&page=387#qDFCA35,verified_local_archive
2,1CDEF9,387,https://oge.fipi.ru/bank/questions.php?proj=DE0E276E497AB3784C3FC4CC20248DC0&page=387&pagesize=10#q1CDEF9,https://oge.fipi.ru/bank/questions.php?proj=DE0E276E497AB3784C3FC4CC20248DC0&page=387#q1CDEF9,verified_local_archive
2,D80073,387,https://oge.fipi.ru/bank/questions.php?proj=DE0E276E497AB3784C3FC4CC20248DC0&page=387&pagesize=10#qD80073,https://oge.fipi.ru/bank/questions.php?proj=DE0E276E497AB3784C3FC4CC20248DC0&page=387#qD80073,verified_local_archive
2,E3AFA5,387,https://oge.fipi.ru/bank/questions.php?proj=DE0E276E497AB3784C3FC4CC20248DC0&page=387&pagesize=10#qE3AFA5,https://oge.fipi.ru/bank/questions.php?proj=DE0E276E497AB3784C3FC4CC20248DC0&page=387#qE3AFA5,verified_local_archive
2,47661F,387,https://oge.fipi.ru/bank/questions.php?proj=DE0E276E497AB3784C3FC4CC20248DC0&page=387&pagesize=10#q47661F,https://oge.fipi.ru/bank/questions.php?proj=DE0E276E497AB3784C3FC4CC20248DC0&page=387#q47661F,verified_local_archive
2,800087,387,https://oge.fipi.ru/bank/questions.php?proj=DE0E276E497AB3784C3FC4CC20248DC0&page=387&pagesize=10#q800087,https://oge.fipi.ru/bank/questions.php?proj=DE0E276E497AB3784C3FC4CC20248DC0&page=387#q800087,verified_local_archive
2,077973,388,https://oge.fipi.ru/bank/questions.php?proj=DE0E276E497AB3784C3FC4CC20248DC0&page=388&pagesize=10#q077973,https://oge.fipi.ru/bank/questions.php?proj=DE0E276E497AB3784C3FC4CC20248DC0&page=388#q077973,verified_local_archive
2,680B76,388,https://oge.fipi.ru/bank/questions.php?proj=DE0E276E497AB3784C3FC4CC20248DC0&page=388&pagesize=10#q680B76,https://oge.fipi.ru/bank/questions.php?proj=DE0E276E497AB3784C3FC4CC20248DC0&page=388#q680B76,verified_local_archive
2,8DDF65,388,https://oge.fipi.ru/bank/questions.php?proj=DE0E276E497AB3784C3FC4CC20248DC0&page=388&pagesize=10#q8DDF65,https://oge.fipi.ru/bank/questions.php?proj=DE0E276E497AB3784C3FC4CC20248DC0&page=388#q8DDF65,verified_local_archive
3,9A1C92,388,https://oge.fipi.ru/bank/questions.php?proj=DE0E276E497AB3784C3FC4CC20248DC0&page=388&pagesize=10#q9A1C92,https://oge.fipi.ru/bank/questions.php?proj=DE0E276E497AB3784C3FC4CC20248DC0&page=388#q9A1C92,verified_local_archive
1,BE99C7,364,https://oge.fipi.ru/bank/questions.php?proj=DE0E276E497AB3784C3FC4CC20248DC0&page=364&pagesize=10#qBE99C7,https://oge.fipi.ru/bank/questions.php?proj=DE0E276E497AB3784C3FC4CC20248DC0&page=364#qBE99C7,verified_local_archive
2,30DDBA,364,https://oge.fipi.ru/bank/questions.php?proj=DE0E276E497AB3784C3FC4CC20248DC0&page=364&pagesize=10#q30DDBA,https://oge.fipi.ru/bank/questions.php?proj=DE0E276E497AB3784C3FC4CC20248DC0&page=364#q30DDBA,verified_local_archive
3,59DCD0,364,https://oge.fipi.ru/bank/questions.php?proj=DE0E276E497AB3784C3FC4CC20248DC0&page=364&pagesize=10#q59DCD0,https://oge.fipi.ru/bank/questions.php?proj=DE0E276E497AB3784C3FC4CC20248DC0&page=364#q59DCD0,verified_local_archive
4,74CB1E,364,https://oge.fipi.ru/bank/questions.php?proj=DE0E276E497AB3784C3FC4CC20248DC0&page=364&pagesize=10#q74CB1E,https://oge.fipi.ru/bank/questions.php?proj=DE0E276E497AB3784C3FC4CC20248DC0&page=364#q74CB1E,verified_local_archive
5,CD3CFF,364,https://oge.fipi.ru/bank/questions.php?proj=DE0E276E497AB3784C3FC4CC20248DC0&page=364&pagesize=10#qCD3CFF,https://oge.fipi.ru/bank/questions.php?proj=DE0E276E497AB3784C3FC4CC20248DC0&page=364#qCD3CFF,verified_local_archive
1-5,2789BB,365,https://oge.fipi.ru/bank/questions.php?proj=DE0E276E497AB3784C3FC4CC20248DC0&page=365&pagesize=10#q2789BB,https://oge.fipi.ru/bank/questions.php?proj=DE0E276E497AB3784C3FC4CC20248DC0&page=365#q2789BB,verified_local_archive
1-5,888F31,365,https://oge.fipi.ru/bank/questions.php?proj=DE0E276E497AB3784C3FC4CC20248DC0&page=365&pagesize=10#q888F31,https://oge.fipi.ru/bank/questions.php?proj=DE0E276E497AB3784C3FC4CC20248DC0&page=365#q888F31,verified_local_archive
1-5,908015,365,https://oge.fipi.ru/bank/questions.php?proj=DE0E276E497AB3784C3FC4CC20248DC0&page=365&pagesize=10#q908015,https://oge.fipi.ru/bank/questions.php?proj=DE0E276E497AB3784C3FC4CC20248DC0&page=365#q908015,verified_local_archive
1-5,8A06F1,365,https://oge.fipi.ru/bank/questions.php?proj=DE0E276E497AB3784C3FC4CC20248DC0&page=365&pagesize=10#q8A06F1,https://oge.fipi.ru/bank/questions.php?proj=DE0E276E497AB3784C3FC4CC20248DC0&page=365#q8A06F1,verified_local_archive
1,FEDFE6,365,https://oge.fipi.ru/bank/questions.php?proj=DE0E276E497AB3784C3FC4CC20248DC0&page=365&pagesize=10#qFEDFE6,https://oge.fipi.ru/bank/questions.php?proj=DE0E276E497AB3784C3FC4CC20248DC0&page=365#qFEDFE6,verified_local_archive
1,F9F909,370,https://oge.fipi.ru/bank/questions.php?proj=DE0E276E497AB3784C3FC4CC20248DC0&page=370&pagesize=10#qF9F909,https://oge.fipi.ru/bank/questions.php?proj=DE0E276E497AB3784C3FC4CC20248DC0&page=370#qF9F909,verified_local_archive
2,F44B78,370,https://oge.fipi.ru/bank/questions.php?proj=DE0E276E497AB3784C3FC4CC20248DC0&page=370&pagesize=10#qF44B78,https://oge.fipi.ru/bank/questions.php?proj=DE0E276E497AB3784C3FC4CC20248DC0&page=370#qF44B78,verified_local_archive
3,77D7FA,370,https://oge.fipi.ru/bank/questions.php?proj=DE0E276E497AB3784C3FC4CC20248DC0&page=370&pagesize=10#q77D7FA,https://oge.fipi.ru/bank/questions.php?proj=DE0E276E497AB3784C3FC4CC20248DC0&page=370#q77D7FA,verified_local_archive
4,DC13FC,370,https://oge.fipi.ru/bank/questions.php?proj=DE0E276E497AB3784C3FC4CC20248DC0&page=370&pagesize=10#qDC13FC,https://oge.fipi.ru/bank/questions.php?proj=DE0E276E497AB3784C3FC4CC20248DC0&page=370#qDC13FC,verified_local_archive
5,A21EF0,370,https://oge.fipi.ru/bank/questions.php?proj=DE0E276E497AB3784C3FC4CC20248DC0&page=370&pagesize=10#qA21EF0,https://oge.fipi.ru/bank/questions.php?proj=DE0E276E497AB3784C3FC4CC20248DC0&page=370#qA21EF0,verified_local_archive
1-5,ACA4F2,370,https://oge.fipi.ru/bank/questions.php?proj=DE0E276E497AB3784C3FC4CC20248DC0&page=370&pagesize=10#qACA4F2,https://oge.fipi.ru/bank/questions.php?proj=DE0E276E497AB3784C3FC4CC20248DC0&page=370#qACA4F2,verified_local_archive
1-5,6232F3,370,https://oge.fipi.ru/bank/questions.php?proj=DE0E276E497AB3784C3FC4CC20248DC0&page=370&pagesize=10#q6232F3,https://oge.fipi.ru/bank/questions.php?proj=DE0E276E497AB3784C3FC4CC20248DC0&page=370#q6232F3,verified_local_archive
1-5,01790D,370,https://oge.fipi.ru/bank/questions.php?proj=DE0E276E497AB3784C3FC4CC20248DC0&page=370&pagesize=10#q01790D,https://oge.fipi.ru/bank/questions.php?proj=DE0E276E497AB3784C3FC4CC20248DC0&page=370#q01790D,verified_local_archive
1-5,7C9302,370,https://oge.fipi.ru/bank/questions.php?proj=DE0E276E497AB3784C3FC4CC20248DC0&page=370&pagesize=10#q7C9302,https://oge.fipi.ru/bank/questions.php?proj=DE0E276E497AB3784C3FC4CC20248DC0&page=370#q7C9302,verified_local_archive
1,7A6771,370,https://oge.fipi.ru/bank/questions.php?proj=DE0E276E497AB3784C3FC4CC20248DC0&page=370&pagesize=10#q7A6771,https://oge.fipi.ru/bank/questions.php?proj=DE0E276E497AB3784C3FC4CC20248DC0&page=370#q7A6771,verified_local_archive
1,2A2779,371,https://oge.fipi.ru/bank/questions.php?proj=DE0E276E497AB3784C3FC4CC20248DC0&page=371&pagesize=10#q2A2779,https://oge.fipi.ru/bank/questions.php?proj=DE0E276E497AB3784C3FC4CC20248DC0&page=371#q2A2779,verified_local_archive
1,1771B3,371,https://oge.fipi.ru/bank/questions.php?proj=DE0E276E497AB3784C3FC4CC20248DC0&page=371&pagesize=10#q1771B3,https://oge.fipi.ru/bank/questions.php?proj=DE0E276E497AB3784C3FC4CC20248DC0&page=371#q1771B3,verified_local_archive
1,3302B1,371,https://oge.fipi.ru/bank/questions.php?proj=DE0E276E497AB3784C3FC4CC20248DC0&page=371&pagesize=10#q3302B1,https://oge.fipi.ru/bank/questions.php?proj=DE0E276E497AB3784C3FC4CC20248DC0&page=371#q3302B1,verified_local_archive
1,4BE11D,371,https://oge.fipi.ru/bank/questions.php?proj=DE0E276E497AB3784C3FC4CC20248DC0&page=371&pagesize=10#q4BE11D,https://oge.fipi.ru/bank/questions.php?proj=DE0E276E497AB3784C3FC4CC20248DC0&page=371#q4BE11D,verified_local_archive
1,77AA16,371,https://oge.fipi.ru/bank/questions.php?proj=DE0E276E497AB3784C3FC4CC20248DC0&page=371&pagesize=10#q77AA16,https://oge.fipi.ru/bank/questions.php?proj=DE0E276E497AB3784C3FC4CC20248DC0&page=371#q77AA16,verified_local_archive
1,ADB415,371,https://oge.fipi.ru/bank/questions.php?proj=DE0E276E497AB3784C3FC4CC20248DC0&page=371&pagesize=10#qADB415,https://oge.fipi.ru/bank/questions.php?proj=DE0E276E497AB3784C3FC4CC20248DC0&page=371#qADB415,verified_local_archive
1,372812,371,https://oge.fipi.ru/bank/questions.php?proj=DE0E276E497AB3784C3FC4CC20248DC0&page=371&pagesize=10#q372812,https://oge.fipi.ru/bank/questions.php?proj=DE0E276E497AB3784C3FC4CC20248DC0&page=371#q372812,verified_local_archive
1,4D7F20,371,https://oge.fipi.ru/bank/questions.php?proj=DE0E276E497AB3784C3FC4CC20248DC0&page=371&pagesize=10#q4D7F20,https://oge.fipi.ru/bank/questions.php?proj=DE0E276E497AB3784C3FC4CC20248DC0&page=371#q4D7F20,verified_local_archive
1,44322D,371,https://oge.fipi.ru/bank/questions.php?proj=DE0E276E497AB3784C3FC4CC20248DC0&page=371&pagesize=10#q44322D,https://oge.fipi.ru/bank/questions.php?proj=DE0E276E497AB3784C3FC4CC20248DC0&page=371#q44322D,verified_local_archive
2,BC53D1,371,https://oge.fipi.ru/bank/questions.php?proj=DE0E276E497AB3784C3FC4CC20248DC0&page=371&pagesize=10#qBC53D1,https://oge.fipi.ru/bank/questions.php?proj=DE0E276E497AB3784C3FC4CC20248DC0&page=371#qBC53D1,verified_local_archive
2,3208D4,372,https://oge.fipi.ru/bank/questions.php?proj=DE0E276E497AB3784C3FC4CC20248DC0&page=372&pagesize=10#q3208D4,https://oge.fipi.ru/bank/questions.php?proj=DE0E276E497AB3784C3FC4CC20248DC0&page=372#q3208D4,verified_local_archive
2,84EFD3,372,https://oge.fipi.ru/bank/questions.php?proj=DE0E276E497AB3784C3FC4CC20248DC0&page=372&pagesize=10#q84EFD3,https://oge.fipi.ru/bank/questions.php?proj=DE0E276E497AB3784C3FC4CC20248DC0&page=372#q84EFD3,verified_local_archive
2,098D5D,372,https://oge.fipi.ru/bank/questions.php?proj=DE0E276E497AB3784C3FC4CC20248DC0&page=372&pagesize=10#q098D5D,https://oge.fipi.ru/bank/questions.php?proj=DE0E276E497AB3784C3FC4CC20248DC0&page=372#q098D5D,verified_local_archive
2,DFB25A,372,https://oge.fipi.ru/bank/questions.php?proj=DE0E276E497AB3784C3FC4CC20248DC0&page=372&pagesize=10#qDFB25A,https://oge.fipi.ru/bank/questions.php?proj=DE0E276E497AB3784C3FC4CC20248DC0&page=372#qDFB25A,verified_local_archive
2,6AD85B,372,https://oge.fipi.ru/bank/questions.php?proj=DE0E276E497AB3784C3FC4CC20248DC0&page=372&pagesize=10#q6AD85B,https://oge.fipi.ru/bank/questions.php?proj=DE0E276E497AB3784C3FC4CC20248DC0&page=372#q6AD85B,verified_local_archive
2,07B5C9,372,https://oge.fipi.ru/bank/questions.php?proj=DE0E276E497AB3784C3FC4CC20248DC0&page=372&pagesize=10#q07B5C9,https://oge.fipi.ru/bank/questions.php?proj=DE0E276E497AB3784C3FC4CC20248DC0&page=372#q07B5C9,verified_local_archive
2,7785CA,372,https://oge.fipi.ru/bank/questions.php?proj=DE0E276E497AB3784C3FC4CC20248DC0&page=372&pagesize=10#q7785CA,https://oge.fipi.ru/bank/questions.php?proj=DE0E276E497AB3784C3FC4CC20248DC0&page=372#q7785CA,verified_local_archive
2,EC9695,372,https://oge.fipi.ru/bank/questions.php?proj=DE0E276E497AB3784C3FC4CC20248DC0&page=372&pagesize=10#qEC9695,https://oge.fipi.ru/bank/questions.php?proj=DE0E276E497AB3784C3FC4CC20248DC0&page=372#qEC9695,verified_local_archive
2,F1CCEA,372,https://oge.fipi.ru/bank/questions.php?proj=DE0E276E497AB3784C3FC4CC20248DC0&page=372&pagesize=10#qF1CCEA,https://oge.fipi.ru/bank/questions.php?proj=DE0E276E497AB3784C3FC4CC20248DC0&page=372#qF1CCEA,verified_local_archive
3,A71FEF,372,https://oge.fipi.ru/bank/questions.php?proj=DE0E276E497AB3784C3FC4CC20248DC0&page=372&pagesize=10#qA71FEF,https://oge.fipi.ru/bank/questions.php?proj=DE0E276E497AB3784C3FC4CC20248DC0&page=372#qA71FEF,verified_local_archive
3,AA6E67,373,https://oge.fipi.ru/bank/questions.php?proj=DE0E276E497AB3784C3FC4CC20248DC0&page=373&pagesize=10#qAA6E67,https://oge.fipi.ru/bank/questions.php?proj=DE0E276E497AB3784C3FC4CC20248DC0&page=373#qAA6E67,verified_local_archive
3,0B5C39,373,https://oge.fipi.ru/bank/questions.php?proj=DE0E276E497AB3784C3FC4CC20248DC0&page=373&pagesize=10#q0B5C39,https://oge.fipi.ru/bank/questions.php?proj=DE0E276E497AB3784C3FC4CC20248DC0&page=373#q0B5C39,verified_local_archive
3,B27C34,373,https://oge.fipi.ru/bank/questions.php?proj=DE0E276E497AB3784C3FC4CC20248DC0&page=373&pagesize=10#qB27C34,https://oge.fipi.ru/bank/questions.php?proj=DE0E276E497AB3784C3FC4CC20248DC0&page=373#qB27C34,verified_local_archive
3,81A137,373,https://oge.fipi.ru/bank/questions.php?proj=DE0E276E497AB3784C3FC4CC20248DC0&page=373&pagesize=10#q81A137,https://oge.fipi.ru/bank/questions.php?proj=DE0E276E497AB3784C3FC4CC20248DC0&page=373#q81A137,verified_local_archive
3,87A433,373,https://oge.fipi.ru/bank/questions.php?proj=DE0E276E497AB3784C3FC4CC20248DC0&page=373&pagesize=10#q87A433,https://oge.fipi.ru/bank/questions.php?proj=DE0E276E497AB3784C3FC4CC20248DC0&page=373#q87A433,verified_local_archive
3,4F6888,373,https://oge.fipi.ru/bank/questions.php?proj=DE0E276E497AB3784C3FC4CC20248DC0&page=373&pagesize=10#q4F6888,https://oge.fipi.ru/bank/questions.php?proj=DE0E276E497AB3784C3FC4CC20248DC0&page=373#q4F6888,verified_local_archive
3,71528E,373,https://oge.fipi.ru/bank/questions.php?proj=DE0E276E497AB3784C3FC4CC20248DC0&page=373&pagesize=10#q71528E,https://oge.fipi.ru/bank/questions.php?proj=DE0E276E497AB3784C3FC4CC20248DC0&page=373#q71528E,verified_local_archive
3,D8F287,373,https://oge.fipi.ru/bank/questions.php?proj=DE0E276E497AB3784C3FC4CC20248DC0&page=373&pagesize=10#qD8F287,https://oge.fipi.ru/bank/questions.php?proj=DE0E276E497AB3784C3FC4CC20248DC0&page=373#qD8F287,verified_local_archive
3,A28E8C,373,https://oge.fipi.ru/bank/questions.php?proj=DE0E276E497AB3784C3FC4CC20248DC0&page=373&pagesize=10#qA28E8C,https://oge.fipi.ru/bank/questions.php?proj=DE0E276E497AB3784C3FC4CC20248DC0&page=373#qA28E8C,verified_local_archive
4,2622B9,373,https://oge.fipi.ru/bank/questions.php?proj=DE0E276E497AB3784C3FC4CC20248DC0&page=373&pagesize=10#q2622B9,https://oge.fipi.ru/bank/questions.php?proj=DE0E276E497AB3784C3FC4CC20248DC0&page=373#q2622B9,verified_local_archive
1,AA5926,355,https://oge.fipi.ru/bank/questions.php?proj=DE0E276E497AB3784C3FC4CC20248DC0&page=355&pagesize=10#qAA5926,https://oge.fipi.ru/bank/questions.php?proj=DE0E276E497AB3784C3FC4CC20248DC0&page=355#qAA5926,verified_local_archive
2,7F9A33,355,https://oge.fipi.ru/bank/questions.php?proj=DE0E276E497AB3784C3FC4CC20248DC0&page=355&pagesize=10#q7F9A33,https://oge.fipi.ru/bank/questions.php?proj=DE0E276E497AB3784C3FC4CC20248DC0&page=355#q7F9A33,verified_local_archive
3,11E056,355,https://oge.fipi.ru/bank/questions.php?proj=DE0E276E497AB3784C3FC4CC20248DC0&page=355&pagesize=10#q11E056,https://oge.fipi.ru/bank/questions.php?proj=DE0E276E497AB3784C3FC4CC20248DC0&page=355#q11E056,verified_local_archive
4,BEE9EC,355,https://oge.fipi.ru/bank/questions.php?proj=DE0E276E497AB3784C3FC4CC20248DC0&page=355&pagesize=10#qBEE9EC,https://oge.fipi.ru/bank/questions.php?proj=DE0E276E497AB3784C3FC4CC20248DC0&page=355#qBEE9EC,verified_local_archive
5,39BF75,355,https://oge.fipi.ru/bank/questions.php?proj=DE0E276E497AB3784C3FC4CC20248DC0&page=355&pagesize=10#q39BF75,https://oge.fipi.ru/bank/questions.php?proj=DE0E276E497AB3784C3FC4CC20248DC0&page=355#q39BF75,verified_local_archive
1-5,A68DC9,355,https://oge.fipi.ru/bank/questions.php?proj=DE0E276E497AB3784C3FC4CC20248DC0&page=355&pagesize=10#qA68DC9,https://oge.fipi.ru/bank/questions.php?proj=DE0E276E497AB3784C3FC4CC20248DC0&page=355#qA68DC9,verified_local_archive
1-5,B8AF6E,355,https://oge.fipi.ru/bank/questions.php?proj=DE0E276E497AB3784C3FC4CC20248DC0&page=355&pagesize=10#qB8AF6E,https://oge.fipi.ru/bank/questions.php?proj=DE0E276E497AB3784C3FC4CC20248DC0&page=355#qB8AF6E,verified_local_archive
1-5,4C7E3E,355,https://oge.fipi.ru/bank/questions.php?proj=DE0E276E497AB3784C3FC4CC20248DC0&page=355&pagesize=10#q4C7E3E,https://oge.fipi.ru/bank/questions.php?proj=DE0E276E497AB3784C3FC4CC20248DC0&page=355#q4C7E3E,verified_local_archive
1-5,E7B4FE,355,https://oge.fipi.ru/bank/questions.php?proj=DE0E276E497AB3784C3FC4CC20248DC0&page=355&pagesize=10#qE7B4FE,https://oge.fipi.ru/bank/questions.php?proj=DE0E276E497AB3784C3FC4CC20248DC0&page=355#qE7B4FE,verified_local_archive
1,5F0063,355,https://oge.fipi.ru/bank/questions.php?proj=DE0E276E497AB3784C3FC4CC20248DC0&page=355&pagesize=10#q5F0063,https://oge.fipi.ru/bank/questions.php?proj=DE0E276E497AB3784C3FC4CC20248DC0&page=355#q5F0063,verified_local_archive
1,6453AD,356,https://oge.fipi.ru/bank/questions.php?proj=DE0E276E497AB3784C3FC4CC20248DC0&page=356&pagesize=10#q6453AD,https://oge.fipi.ru/bank/questions.php?proj=DE0E276E497AB3784C3FC4CC20248DC0&page=356#q6453AD,verified_local_archive
1,78A35E,356,https://oge.fipi.ru/bank/questions.php?proj=DE0E276E497AB3784C3FC4CC20248DC0&page=356&pagesize=10#q78A35E,https://oge.fipi.ru/bank/questions.php?proj=DE0E276E497AB3784C3FC4CC20248DC0&page=356#q78A35E,verified_local_archive
1,E05F09,356,https://oge.fipi.ru/bank/questions.php?proj=DE0E276E497AB3784C3FC4CC20248DC0&page=356&pagesize=10#qE05F09,https://oge.fipi.ru/bank/questions.php?proj=DE0E276E497AB3784C3FC4CC20248DC0&page=356#qE05F09,verified_local_archive
1,4761FC,356,https://oge.fipi.ru/bank/questions.php?proj=DE0E276E497AB3784C3FC4CC20248DC0&page=356&pagesize=10#q4761FC,https://oge.fipi.ru/bank/questions.php?proj=DE0E276E497AB3784C3FC4CC20248DC0&page=356#q4761FC,verified_local_archive
1,58B632,356,https://oge.fipi.ru/bank/questions.php?proj=DE0E276E497AB3784C3FC4CC20248DC0&page=356&pagesize=10#q58B632,https://oge.fipi.ru/bank/questions.php?proj=DE0E276E497AB3784C3FC4CC20248DC0&page=356#q58B632,verified_local_archive
1,25B13A,356,https://oge.fipi.ru/bank/questions.php?proj=DE0E276E497AB3784C3FC4CC20248DC0&page=356&pagesize=10#q25B13A,https://oge.fipi.ru/bank/questions.php?proj=DE0E276E497AB3784C3FC4CC20248DC0&page=356#q25B13A,verified_local_archive
1,88D14D,356,https://oge.fipi.ru/bank/questions.php?proj=DE0E276E497AB3784C3FC4CC20248DC0&page=356&pagesize=10#q88D14D,https://oge.fipi.ru/bank/questions.php?proj=DE0E276E497AB3784C3FC4CC20248DC0&page=356#q88D14D,verified_local_archive
1,14DCC2,356,https://oge.fipi.ru/bank/questions.php?proj=DE0E276E497AB3784C3FC4CC20248DC0&page=356&pagesize=10#q14DCC2,https://oge.fipi.ru/bank/questions.php?proj=DE0E276E497AB3784C3FC4CC20248DC0&page=356#q14DCC2,verified_local_archive
1,2041B7,356,https://oge.fipi.ru/bank/questions.php?proj=DE0E276E497AB3784C3FC4CC20248DC0&page=356&pagesize=10#q2041B7,https://oge.fipi.ru/bank/questions.php?proj=DE0E276E497AB3784C3FC4CC20248DC0&page=356#q2041B7,verified_local_archive
2,14F3EE,356,https://oge.fipi.ru/bank/questions.php?proj=DE0E276E497AB3784C3FC4CC20248DC0&page=356&pagesize=10#q14F3EE,https://oge.fipi.ru/bank/questions.php?proj=DE0E276E497AB3784C3FC4CC20248DC0&page=356#q14F3EE,verified_local_archive
1,29F1E0,365,https://oge.fipi.ru/bank/questions.php?proj=DE0E276E497AB3784C3FC4CC20248DC0&page=365&pagesize=10#q29F1E0,https://oge.fipi.ru/bank/questions.php?proj=DE0E276E497AB3784C3FC4CC20248DC0&page=365#q29F1E0,verified_local_archive
2,AE0305,365,https://oge.fipi.ru/bank/questions.php?proj=DE0E276E497AB3784C3FC4CC20248DC0&page=365&pagesize=10#qAE0305,https://oge.fipi.ru/bank/questions.php?proj=DE0E276E497AB3784C3FC4CC20248DC0&page=365#qAE0305,verified_local_archive
3,47A37D,365,https://oge.fipi.ru/bank/questions.php?proj=DE0E276E497AB3784C3FC4CC20248DC0&page=365&pagesize=10#q47A37D,https://oge.fipi.ru/bank/questions.php?proj=DE0E276E497AB3784C3FC4CC20248DC0&page=365#q47A37D,verified_local_archive
4,8A64A1,365,https://oge.fipi.ru/bank/questions.php?proj=DE0E276E497AB3784C3FC4CC20248DC0&page=365&pagesize=10#q8A64A1,https://oge.fipi.ru/bank/questions.php?proj=DE0E276E497AB3784C3FC4CC20248DC0&page=365#q8A64A1,verified_local_archive
5,B10B55,365,https://oge.fipi.ru/bank/questions.php?proj=DE0E276E497AB3784C3FC4CC20248DC0&page=365&pagesize=10#qB10B55,https://oge.fipi.ru/bank/questions.php?proj=DE0E276E497AB3784C3FC4CC20248DC0&page=365#qB10B55,verified_local_archive
1-5,2250F7,366,https://oge.fipi.ru/bank/questions.php?proj=DE0E276E497AB3784C3FC4CC20248DC0&page=366&pagesize=10#q2250F7,https://oge.fipi.ru/bank/questions.php?proj=DE0E276E497AB3784C3FC4CC20248DC0&page=366#q2250F7,verified_local_archive
1-5,C80DB3,366,https://oge.fipi.ru/bank/questions.php?proj=DE0E276E497AB3784C3FC4CC20248DC0&page=366&pagesize=10#qC80DB3,https://oge.fipi.ru/bank/questions.php?proj=DE0E276E497AB3784C3FC4CC20248DC0&page=366#qC80DB3,verified_local_archive
1-5,425E7D,366,https://oge.fipi.ru/bank/questions.php?proj=DE0E276E497AB3784C3FC4CC20248DC0&page=366&pagesize=10#q425E7D,https://oge.fipi.ru/bank/questions.php?proj=DE0E276E497AB3784C3FC4CC20248DC0&page=366#q425E7D,verified_local_archive
1-5,A92357,366,https://oge.fipi.ru/bank/questions.php?proj=DE0E276E497AB3784C3FC4CC20248DC0&page=366&pagesize=10#qA92357,https://oge.fipi.ru/bank/questions.php?proj=DE0E276E497AB3784C3FC4CC20248DC0&page=366#qA92357,verified_local_archive
1,33DBEA,366,https://oge.fipi.ru/bank/questions.php?proj=DE0E276E497AB3784C3FC4CC20248DC0&page=366&pagesize=10#q33DBEA,https://oge.fipi.ru/bank/questions.php?proj=DE0E276E497AB3784C3FC4CC20248DC0&page=366#q33DBEA,verified_local_archive
1,D9D19B,368,https://oge.fipi.ru/bank/questions.php?proj=DE0E276E497AB3784C3FC4CC20248DC0&page=368&pagesize=10#qD9D19B,https://oge.fipi.ru/bank/questions.php?proj=DE0E276E497AB3784C3FC4CC20248DC0&page=368#qD9D19B,verified_local_archive
2,20232F,368,https://oge.fipi.ru/bank/questions.php?proj=DE0E276E497AB3784C3FC4CC20248DC0&page=368&pagesize=10#q20232F,https://oge.fipi.ru/bank/questions.php?proj=DE0E276E497AB3784C3FC4CC20248DC0&page=368#q20232F,verified_local_archive
3,37804F,368,https://oge.fipi.ru/bank/questions.php?proj=DE0E276E497AB3784C3FC4CC20248DC0&page=368&pagesize=10#q37804F,https://oge.fipi.ru/bank/questions.php?proj=DE0E276E497AB3784C3FC4CC20248DC0&page=368#q37804F,verified_local_archive
4,A93638,368,https://oge.fipi.ru/bank/questions.php?proj=DE0E276E497AB3784C3FC4CC20248DC0&page=368&pagesize=10#qA93638,https://oge.fipi.ru/bank/questions.php?proj=DE0E276E497AB3784C3FC4CC20248DC0&page=368#qA93638,verified_local_archive
5,A62909,368,https://oge.fipi.ru/bank/questions.php?proj=DE0E276E497AB3784C3FC4CC20248DC0&page=368&pagesize=10#qA62909,https://oge.fipi.ru/bank/questions.php?proj=DE0E276E497AB3784C3FC4CC20248DC0&page=368#qA62909,verified_local_archive
1-5,2670FC,369,https://oge.fipi.ru/bank/questions.php?proj=DE0E276E497AB3784C3FC4CC20248DC0&page=369&pagesize=10#q2670FC,https://oge.fipi.ru/bank/questions.php?proj=DE0E276E497AB3784C3FC4CC20248DC0&page=369#q2670FC,verified_local_archive
1-5,E5CF7F,369,https://oge.fipi.ru/bank/questions.php?proj=DE0E276E497AB3784C3FC4CC20248DC0&page=369&pagesize=10#qE5CF7F,https://oge.fipi.ru/bank/questions.php?proj=DE0E276E497AB3784C3FC4CC20248DC0&page=369#qE5CF7F,verified_local_archive
1-5,BA4CA1,369,https://oge.fipi.ru/bank/questions.php?proj=DE0E276E497AB3784C3FC4CC20248DC0&page=369&pagesize=10#qBA4CA1,https://oge.fipi.ru/bank/questions.php?proj=DE0E276E497AB3784C3FC4CC20248DC0&page=369#qBA4CA1,verified_local_archive
1-5,DB97BA,369,https://oge.fipi.ru/bank/questions.php?proj=DE0E276E497AB3784C3FC4CC20248DC0&page=369&pagesize=10#qDB97BA,https://oge.fipi.ru/bank/questions.php?proj=DE0E276E497AB3784C3FC4CC20248DC0&page=369#qDB97BA,verified_local_archive
1,A95345,369,https://oge.fipi.ru/bank/questions.php?proj=DE0E276E497AB3784C3FC4CC20248DC0&page=369&pagesize=10#qA95345,https://oge.fipi.ru/bank/questions.php?proj=DE0E276E497AB3784C3FC4CC20248DC0&page=369#qA95345,verified_local_archive
1,187F35,358,https://oge.fipi.ru/bank/questions.php?proj=DE0E276E497AB3784C3FC4CC20248DC0&page=358&pagesize=10#q187F35,https://oge.fipi.ru/bank/questions.php?proj=DE0E276E497AB3784C3FC4CC20248DC0&page=358#q187F35,verified_local_archive
2,9A494F,358,https://oge.fipi.ru/bank/questions.php?proj=DE0E276E497AB3784C3FC4CC20248DC0&page=358&pagesize=10#q9A494F,https://oge.fipi.ru/bank/questions.php?proj=DE0E276E497AB3784C3FC4CC20248DC0&page=358#q9A494F,verified_local_archive
3,CC9C1C,358,https://oge.fipi.ru/bank/questions.php?proj=DE0E276E497AB3784C3FC4CC20248DC0&page=358&pagesize=10#qCC9C1C,https://oge.fipi.ru/bank/questions.php?proj=DE0E276E497AB3784C3FC4CC20248DC0&page=358#qCC9C1C,verified_local_archive
4,4B0911,358,https://oge.fipi.ru/bank/questions.php?proj=DE0E276E497AB3784C3FC4CC20248DC0&page=358&pagesize=10#q4B0911,https://oge.fipi.ru/bank/questions.php?proj=DE0E276E497AB3784C3FC4CC20248DC0&page=358#q4B0911,verified_local_archive
5,703F88,358,https://oge.fipi.ru/bank/questions.php?proj=DE0E276E497AB3784C3FC4CC20248DC0&page=358&pagesize=10#q703F88,https://oge.fipi.ru/bank/questions.php?proj=DE0E276E497AB3784C3FC4CC20248DC0&page=358#q703F88,verified_local_archive
1-5,AFAB20,358,https://oge.fipi.ru/bank/questions.php?proj=DE0E276E497AB3784C3FC4CC20248DC0&page=358&pagesize=10#qAFAB20,https://oge.fipi.ru/bank/questions.php?proj=DE0E276E497AB3784C3FC4CC20248DC0&page=358#qAFAB20,verified_local_archive
1-5,707AE8,358,https://oge.fipi.ru/bank/questions.php?proj=DE0E276E497AB3784C3FC4CC20248DC0&page=358&pagesize=10#q707AE8,https://oge.fipi.ru/bank/questions.php?proj=DE0E276E497AB3784C3FC4CC20248DC0&page=358#q707AE8,verified_local_archive
1-5,1DFDCC,358,https://oge.fipi.ru/bank/questions.php?proj=DE0E276E497AB3784C3FC4CC20248DC0&page=358&pagesize=10#q1DFDCC,https://oge.fipi.ru/bank/questions.php?proj=DE0E276E497AB3784C3FC4CC20248DC0&page=358#q1DFDCC,verified_local_archive
1-5,3860EB,358,https://oge.fipi.ru/bank/questions.php?proj=DE0E276E497AB3784C3FC4CC20248DC0&page=358&pagesize=10#q3860EB,https://oge.fipi.ru/bank/questions.php?proj=DE0E276E497AB3784C3FC4CC20248DC0&page=358#q3860EB,verified_local_archive
1,8972EA,358,https://oge.fipi.ru/bank/questions.php?proj=DE0E276E497AB3784C3FC4CC20248DC0&page=358&pagesize=10#q8972EA,https://oge.fipi.ru/bank/questions.php?proj=DE0E276E497AB3784C3FC4CC20248DC0&page=358#q8972EA,verified_local_archive
1,6C743F,359,https://oge.fipi.ru/bank/questions.php?proj=DE0E276E497AB3784C3FC4CC20248DC0&page=359&pagesize=10#q6C743F,https://oge.fipi.ru/bank/questions.php?proj=DE0E276E497AB3784C3FC4CC20248DC0&page=359#q6C743F,verified_local_archive
1,C8C2FC,359,https://oge.fipi.ru/bank/questions.php?proj=DE0E276E497AB3784C3FC4CC20248DC0&page=359&pagesize=10#qC8C2FC,https://oge.fipi.ru/bank/questions.php?proj=DE0E276E497AB3784C3FC4CC20248DC0&page=359#qC8C2FC,verified_local_archive
1,B1753A,359,https://oge.fipi.ru/bank/questions.php?proj=DE0E276E497AB3784C3FC4CC20248DC0&page=359&pagesize=10#qB1753A,https://oge.fipi.ru/bank/questions.php?proj=DE0E276E497AB3784C3FC4CC20248DC0&page=359#qB1753A,verified_local_archive
1,637C7B,359,https://oge.fipi.ru/bank/questions.php?proj=DE0E276E497AB3784C3FC4CC20248DC0&page=359&pagesize=10#q637C7B,https://oge.fipi.ru/bank/questions.php?proj=DE0E276E497AB3784C3FC4CC20248DC0&page=359#q637C7B,verified_local_archive
1,A7FCE1,359,https://oge.fipi.ru/bank/questions.php?proj=DE0E276E497AB3784C3FC4CC20248DC0&page=359&pagesize=10#qA7FCE1,https://oge.fipi.ru/bank/questions.php?proj=DE0E276E497AB3784C3FC4CC20248DC0&page=359#qA7FCE1,verified_local_archive
1,C08FA1,359,https://oge.fipi.ru/bank/questions.php?proj=DE0E276E497AB3784C3FC4CC20248DC0&page=359&pagesize=10#qC08FA1,https://oge.fipi.ru/bank/questions.php?proj=DE0E276E497AB3784C3FC4CC20248DC0&page=359#qC08FA1,verified_local_archive
1,EA5C1C,359,https://oge.fipi.ru/bank/questions.php?proj=DE0E276E497AB3784C3FC4CC20248DC0&page=359&pagesize=10#qEA5C1C,https://oge.fipi.ru/bank/questions.php?proj=DE0E276E497AB3784C3FC4CC20248DC0&page=359#qEA5C1C,verified_local_archive
1,CC70B9,359,https://oge.fipi.ru/bank/questions.php?proj=DE0E276E497AB3784C3FC4CC20248DC0&page=359&pagesize=10#qCC70B9,https://oge.fipi.ru/bank/questions.php?proj=DE0E276E497AB3784C3FC4CC20248DC0&page=359#qCC70B9,verified_local_archive
1,B8AF15,359,https://oge.fipi.ru/bank/questions.php?proj=DE0E276E497AB3784C3FC4CC20248DC0&page=359&pagesize=10#qB8AF15,https://oge.fipi.ru/bank/questions.php?proj=DE0E276E497AB3784C3FC4CC20248DC0&page=359#qB8AF15,verified_local_archive
2,07E7B1,359,https://oge.fipi.ru/bank/questions.php?proj=DE0E276E497AB3784C3FC4CC20248DC0&page=359&pagesize=10#q07E7B1,https://oge.fipi.ru/bank/questions.php?proj=DE0E276E497AB3784C3FC4CC20248DC0&page=359#q07E7B1,verified_local_archive
1,F2EFEB,352,https://oge.fipi.ru/bank/questions.php?proj=DE0E276E497AB3784C3FC4CC20248DC0&page=352&pagesize=10#qF2EFEB,https://oge.fipi.ru/bank/questions.php?proj=DE0E276E497AB3784C3FC4CC20248DC0&page=352#qF2EFEB,verified_local_archive
2,4AE379,352,https://oge.fipi.ru/bank/questions.php?proj=DE0E276E497AB3784C3FC4CC20248DC0&page=352&pagesize=10#q4AE379,https://oge.fipi.ru/bank/questions.php?proj=DE0E276E497AB3784C3FC4CC20248DC0&page=352#q4AE379,verified_local_archive
3,1FDDE9,352,https://oge.fipi.ru/bank/questions.php?proj=DE0E276E497AB3784C3FC4CC20248DC0&page=352&pagesize=10#q1FDDE9,https://oge.fipi.ru/bank/questions.php?proj=DE0E276E497AB3784C3FC4CC20248DC0&page=352#q1FDDE9,verified_local_archive
4,0C1C4B,352,https://oge.fipi.ru/bank/questions.php?proj=DE0E276E497AB3784C3FC4CC20248DC0&page=352&pagesize=10#q0C1C4B,https://oge.fipi.ru/bank/questions.php?proj=DE0E276E497AB3784C3FC4CC20248DC0&page=352#q0C1C4B,verified_local_archive
5,AEDE0E,352,https://oge.fipi.ru/bank/questions.php?proj=DE0E276E497AB3784C3FC4CC20248DC0&page=352&pagesize=10#qAEDE0E,https://oge.fipi.ru/bank/questions.php?proj=DE0E276E497AB3784C3FC4CC20248DC0&page=352#qAEDE0E,verified_local_archive
1,F6E670,361,https://oge.fipi.ru/bank/questions.php?proj=DE0E276E497AB3784C3FC4CC20248DC0&page=361&pagesize=10#qF6E670,https://oge.fipi.ru/bank/questions.php?proj=DE0E276E497AB3784C3FC4CC20248DC0&page=361#qF6E670,verified_local_archive
2,9939C7,361,https://oge.fipi.ru/bank/questions.php?proj=DE0E276E497AB3784C3FC4CC20248DC0&page=361&pagesize=10#q9939C7,https://oge.fipi.ru/bank/questions.php?proj=DE0E276E497AB3784C3FC4CC20248DC0&page=361#q9939C7,verified_local_archive
3,C8F8C2,361,https://oge.fipi.ru/bank/questions.php?proj=DE0E276E497AB3784C3FC4CC20248DC0&page=361&pagesize=10#qC8F8C2,https://oge.fipi.ru/bank/questions.php?proj=DE0E276E497AB3784C3FC4CC20248DC0&page=361#qC8F8C2,verified_local_archive
4,29662A,361,https://oge.fipi.ru/bank/questions.php?proj=DE0E276E497AB3784C3FC4CC20248DC0&page=361&pagesize=10#q29662A,https://oge.fipi.ru/bank/questions.php?proj=DE0E276E497AB3784C3FC4CC20248DC0&page=361#q29662A,verified_local_archive
5,40A221,361,https://oge.fipi.ru/bank/questions.php?proj=DE0E276E497AB3784C3FC4CC20248DC0&page=361&pagesize=10#q40A221,https://oge.fipi.ru/bank/questions.php?proj=DE0E276E497AB3784C3FC4CC20248DC0&page=361#q40A221,verified_local_archive
1,16B444,361,https://oge.fipi.ru/bank/questions.php?proj=DE0E276E497AB3784C3FC4CC20248DC0&page=361&pagesize=10#q16B444,https://oge.fipi.ru/bank/questions.php?proj=DE0E276E497AB3784C3FC4CC20248DC0&page=361#q16B444,verified_local_archive
2,D61C70,361,https://oge.fipi.ru/bank/questions.php?proj=DE0E276E497AB3784C3FC4CC20248DC0&page=361&pagesize=10#qD61C70,https://oge.fipi.ru/bank/questions.php?proj=DE0E276E497AB3784C3FC4CC20248DC0&page=361#qD61C70,verified_local_archive
3,4200CB,361,https://oge.fipi.ru/bank/questions.php?proj=DE0E276E497AB3784C3FC4CC20248DC0&page=361&pagesize=10#q4200CB,https://oge.fipi.ru/bank/questions.php?proj=DE0E276E497AB3784C3FC4CC20248DC0&page=361#q4200CB,verified_local_archive
4,3F6D10,361,https://oge.fipi.ru/bank/questions.php?proj=DE0E276E497AB3784C3FC4CC20248DC0&page=361&pagesize=10#q3F6D10,https://oge.fipi.ru/bank/questions.php?proj=DE0E276E497AB3784C3FC4CC20248DC0&page=361#q3F6D10,verified_local_archive
5,291F89,361,https://oge.fipi.ru/bank/questions.php?proj=DE0E276E497AB3784C3FC4CC20248DC0&page=361&pagesize=10#q291F89,https://oge.fipi.ru/bank/questions.php?proj=DE0E276E497AB3784C3FC4CC20248DC0&page=361#q291F89,verified_local_archive
1,82FAFF,362,https://oge.fipi.ru/bank/questions.php?proj=DE0E276E497AB3784C3FC4CC20248DC0&page=362&pagesize=10#q82FAFF,https://oge.fipi.ru/bank/questions.php?proj=DE0E276E497AB3784C3FC4CC20248DC0&page=362#q82FAFF,verified_local_archive
2,3D7CF2,362,https://oge.fipi.ru/bank/questions.php?proj=DE0E276E497AB3784C3FC4CC20248DC0&page=362&pagesize=10#q3D7CF2,https://oge.fipi.ru/bank/questions.php?proj=DE0E276E497AB3784C3FC4CC20248DC0&page=362#q3D7CF2,verified_local_archive
3,736242,362,https://oge.fipi.ru/bank/questions.php?proj=DE0E276E497AB3784C3FC4CC20248DC0&page=362&pagesize=10#q736242,https://oge.fipi.ru/bank/questions.php?proj=DE0E276E497AB3784C3FC4CC20248DC0&page=362#q736242,verified_local_archive
4,FECD7D,362,https://oge.fipi.ru/bank/questions.php?proj=DE0E276E497AB3784C3FC4CC20248DC0&page=362&pagesize=10#qFECD7D,https://oge.fipi.ru/bank/questions.php?proj=DE0E276E497AB3784C3FC4CC20248DC0&page=362#qFECD7D,verified_local_archive
5,E0E9AB,362,https://oge.fipi.ru/bank/questions.php?proj=DE0E276E497AB3784C3FC4CC20248DC0&page=362&pagesize=10#qE0E9AB,https://oge.fipi.ru/bank/questions.php?proj=DE0E276E497AB3784C3FC4CC20248DC0&page=362#qE0E9AB,verified_local_archive
1,F38BF0,363,https://oge.fipi.ru/bank/questions.php?proj=DE0E276E497AB3784C3FC4CC20248DC0&page=363&pagesize=10#qF38BF0,https://oge.fipi.ru/bank/questions.php?proj=DE0E276E497AB3784C3FC4CC20248DC0&page=363#qF38BF0,verified_local_archive
2,EEAE6D,363,https://oge.fipi.ru/bank/questions.php?proj=DE0E276E497AB3784C3FC4CC20248DC0&page=363&pagesize=10#qEEAE6D,https://oge.fipi.ru/bank/questions.php?proj=DE0E276E497AB3784C3FC4CC20248DC0&page=363#qEEAE6D,verified_local_archive
3,B2FE7B,363,https://oge.fipi.ru/bank/questions.php?proj=DE0E276E497AB3784C3FC4CC20248DC0&page=363&pagesize=10#qB2FE7B,https://oge.fipi.ru/bank/questions.php?proj=DE0E276E497AB3784C3FC4CC20248DC0&page=363#qB2FE7B,verified_local_archive
4,6F6F28,363,https://oge.fipi.ru/bank/questions.php?proj=DE0E276E497AB3784C3FC4CC20248DC0&page=363&pagesize=10#q6F6F28,https://oge.fipi.ru/bank/questions.php?proj=DE0E276E497AB3784C3FC4CC20248DC0&page=363#q6F6F28,verified_local_archive
5,BFB595,363,https://oge.fipi.ru/bank/questions.php?proj=DE0E276E497AB3784C3FC4CC20248DC0&page=363&pagesize=10#qBFB595,https://oge.fipi.ru/bank/questions.php?proj=DE0E276E497AB3784C3FC4CC20248DC0&page=363#qBFB595,verified_local_archive
1,9731EF,364,https://oge.fipi.ru/bank/questions.php?proj=DE0E276E497AB3784C3FC4CC20248DC0&page=364&pagesize=10#q9731EF,https://oge.fipi.ru/bank/questions.php?proj=DE0E276E497AB3784C3FC4CC20248DC0&page=364#q9731EF,verified_local_archive
2,8CD3B6,364,https://oge.fipi.ru/bank/questions.php?proj=DE0E276E497AB3784C3FC4CC20248DC0&page=364&pagesize=10#q8CD3B6,https://oge.fipi.ru/bank/questions.php?proj=DE0E276E497AB3784C3FC4CC20248DC0&page=364#q8CD3B6,verified_local_archive
3,F26915,364,https://oge.fipi.ru/bank/questions.php?proj=DE0E276E497AB3784C3FC4CC20248DC0&page=364&pagesize=10#qF26915,https://oge.fipi.ru/bank/questions.php?proj=DE0E276E497AB3784C3FC4CC20248DC0&page=364#qF26915,verified_local_archive
4,18BC88,364,https://oge.fipi.ru/bank/questions.php?proj=DE0E276E497AB3784C3FC4CC20248DC0&page=364&pagesize=10#q18BC88,https://oge.fipi.ru/bank/questions.php?proj=DE0E276E497AB3784C3FC4CC20248DC0&page=364#q18BC88,verified_local_archive
5,8FEFA6,364,https://oge.fipi.ru/bank/questions.php?proj=DE0E276E497AB3784C3FC4CC20248DC0&page=364&pagesize=10#q8FEFA6,https://oge.fipi.ru/bank/questions.php?proj=DE0E276E497AB3784C3FC4CC20248DC0&page=364#q8FEFA6,verified_local_archive
1,DD443A,366,https://oge.fipi.ru/bank/questions.php?proj=DE0E276E497AB3784C3FC4CC20248DC0&page=366&pagesize=10#qDD443A,https://oge.fipi.ru/bank/questions.php?proj=DE0E276E497AB3784C3FC4CC20248DC0&page=366#qDD443A,verified_local_archive
2,4768BD,366,https://oge.fipi.ru/bank/questions.php?proj=DE0E276E497AB3784C3FC4CC20248DC0&page=366&pagesize=10#q4768BD,https://oge.fipi.ru/bank/questions.php?proj=DE0E276E497AB3784C3FC4CC20248DC0&page=366#q4768BD,verified_local_archive
3,7A8BD3,366,https://oge.fipi.ru/bank/questions.php?proj=DE0E276E497AB3784C3FC4CC20248DC0&page=366&pagesize=10#q7A8BD3,https://oge.fipi.ru/bank/questions.php?proj=DE0E276E497AB3784C3FC4CC20248DC0&page=366#q7A8BD3,verified_local_archive
4,B29FC0,366,https://oge.fipi.ru/bank/questions.php?proj=DE0E276E497AB3784C3FC4CC20248DC0&page=366&pagesize=10#qB29FC0,https://oge.fipi.ru/bank/questions.php?proj=DE0E276E497AB3784C3FC4CC20248DC0&page=366#qB29FC0,verified_local_archive
5,A3C8CF,366,https://oge.fipi.ru/bank/questions.php?proj=DE0E276E497AB3784C3FC4CC20248DC0&page=366&pagesize=10#qA3C8CF,https://oge.fipi.ru/bank/questions.php?proj=DE0E276E497AB3784C3FC4CC20248DC0&page=366#qA3C8CF,verified_local_archive
1,2D1A30,367,https://oge.fipi.ru/bank/questions.php?proj=DE0E276E497AB3784C3FC4CC20248DC0&page=367&pagesize=10#q2D1A30,https://oge.fipi.ru/bank/questions.php?proj=DE0E276E497AB3784C3FC4CC20248DC0&page=367#q2D1A30,verified_local_archive
2,586040,367,https://oge.fipi.ru/bank/questions.php?proj=DE0E276E497AB3784C3FC4CC20248DC0&page=367&pagesize=10#q586040,https://oge.fipi.ru/bank/questions.php?proj=DE0E276E497AB3784C3FC4CC20248DC0&page=367#q586040,verified_local_archive
3,3473AC,367,https://oge.fipi.ru/bank/questions.php?proj=DE0E276E497AB3784C3FC4CC20248DC0&page=367&pagesize=10#q3473AC,https://oge.fipi.ru/bank/questions.php?proj=DE0E276E497AB3784C3FC4CC20248DC0&page=367#q3473AC,verified_local_archive
4,D573A0,367,https://oge.fipi.ru/bank/questions.php?proj=DE0E276E497AB3784C3FC4CC20248DC0&page=367&pagesize=10#qD573A0,https://oge.fipi.ru/bank/questions.php?proj=DE0E276E497AB3784C3FC4CC20248DC0&page=367#qD573A0,verified_local_archive
5,3C0EC5,367,https://oge.fipi.ru/bank/questions.php?proj=DE0E276E497AB3784C3FC4CC20248DC0&page=367&pagesize=10#q3C0EC5,https://oge.fipi.ru/bank/questions.php?proj=DE0E276E497AB3784C3FC4CC20248DC0&page=367#q3C0EC5,verified_local_archive
1,A8A4F2,369,https://oge.fipi.ru/bank/questions.php?proj=DE0E276E497AB3784C3FC4CC20248DC0&page=369&pagesize=10#qA8A4F2,https://oge.fipi.ru/bank/questions.php?proj=DE0E276E497AB3784C3FC4CC20248DC0&page=369#qA8A4F2,verified_local_archive
2,BA342C,369,https://oge.fipi.ru/bank/questions.php?proj=DE0E276E497AB3784C3FC4CC20248DC0&page=369&pagesize=10#qBA342C,https://oge.fipi.ru/bank/questions.php?proj=DE0E276E497AB3784C3FC4CC20248DC0&page=369#qBA342C,verified_local_archive
3,1506BA,369,https://oge.fipi.ru/bank/questions.php?proj=DE0E276E497AB3784C3FC4CC20248DC0&page=369&pagesize=10#q1506BA,https://oge.fipi.ru/bank/questions.php?proj=DE0E276E497AB3784C3FC4CC20248DC0&page=369#q1506BA,verified_local_archive
4,761268,369,https://oge.fipi.ru/bank/questions.php?proj=DE0E276E497AB3784C3FC4CC20248DC0&page=369&pagesize=10#q761268,https://oge.fipi.ru/bank/questions.php?proj=DE0E276E497AB3784C3FC4CC20248DC0&page=369#q761268,verified_local_archive
5,640A4D,369,https://oge.fipi.ru/bank/questions.php?proj=DE0E276E497AB3784C3FC4CC20248DC0&page=369&pagesize=10#q640A4D,https://oge.fipi.ru/bank/questions.php?proj=DE0E276E497AB3784C3FC4CC20248DC0&page=369#q640A4D,verified_local_archive
1,42B2D2,375,https://oge.fipi.ru/bank/questions.php?proj=DE0E276E497AB3784C3FC4CC20248DC0&page=375&pagesize=10#q42B2D2,https://oge.fipi.ru/bank/questions.php?proj=DE0E276E497AB3784C3FC4CC20248DC0&page=375#q42B2D2,verified_local_archive
2,D0C499,375,https://oge.fipi.ru/bank/questions.php?proj=DE0E276E497AB3784C3FC4CC20248DC0&page=375&pagesize=10#qD0C499,https://oge.fipi.ru/bank/questions.php?proj=DE0E276E497AB3784C3FC4CC20248DC0&page=375#qD0C499,verified_local_archive
3,151198,375,https://oge.fipi.ru/bank/questions.php?proj=DE0E276E497AB3784C3FC4CC20248DC0&page=375&pagesize=10#q151198,https://oge.fipi.ru/bank/questions.php?proj=DE0E276E497AB3784C3FC4CC20248DC0&page=375#q151198,verified_local_archive
4,A077D2,375,https://oge.fipi.ru/bank/questions.php?proj=DE0E276E497AB3784C3FC4CC20248DC0&page=375&pagesize=10#qA077D2,https://oge.fipi.ru/bank/questions.php?proj=DE0E276E497AB3784C3FC4CC20248DC0&page=375#qA077D2,verified_local_archive
5,B2024C,375,https://oge.fipi.ru/bank/questions.php?proj=DE0E276E497AB3784C3FC4CC20248DC0&page=375&pagesize=10#qB2024C,https://oge.fipi.ru/bank/questions.php?proj=DE0E276E497AB3784C3FC4CC20248DC0&page=375#qB2024C,verified_local_archive
1,179813,375,https://oge.fipi.ru/bank/questions.php?proj=DE0E276E497AB3784C3FC4CC20248DC0&page=375&pagesize=10#q179813,https://oge.fipi.ru/bank/questions.php?proj=DE0E276E497AB3784C3FC4CC20248DC0&page=375#q179813,verified_local_archive
2,FD288C,375,https://oge.fipi.ru/bank/questions.php?proj=DE0E276E497AB3784C3FC4CC20248DC0&page=375&pagesize=10#qFD288C,https://oge.fipi.ru/bank/questions.php?proj=DE0E276E497AB3784C3FC4CC20248DC0&page=375#qFD288C,verified_local_archive
3,0313A6,375,https://oge.fipi.ru/bank/questions.php?proj=DE0E276E497AB3784C3FC4CC20248DC0&page=375&pagesize=10#q0313A6,https://oge.fipi.ru/bank/questions.php?proj=DE0E276E497AB3784C3FC4CC20248DC0&page=375#q0313A6,verified_local_archive
4,039F7D,375,https://oge.fipi.ru/bank/questions.php?proj=DE0E276E497AB3784C3FC4CC20248DC0&page=375&pagesize=10#q039F7D,https://oge.fipi.ru/bank/questions.php?proj=DE0E276E497AB3784C3FC4CC20248DC0&page=375#q039F7D,verified_local_archive
5,8D7613,375,https://oge.fipi.ru/bank/questions.php?proj=DE0E276E497AB3784C3FC4CC20248DC0&page=375&pagesize=10#q8D7613,https://oge.fipi.ru/bank/questions.php?proj=DE0E276E497AB3784C3FC4CC20248DC0&page=375#q8D7613,verified_local_archive
1,09FCAD,376,https://oge.fipi.ru/bank/questions.php?proj=DE0E276E497AB3784C3FC4CC20248DC0&page=376&pagesize=10#q09FCAD,https://oge.fipi.ru/bank/questions.php?proj=DE0E276E497AB3784C3FC4CC20248DC0&page=376#q09FCAD,verified_local_archive
2,1CA6CA,376,https://oge.fipi.ru/bank/questions.php?proj=DE0E276E497AB3784C3FC4CC20248DC0&page=376&pagesize=10#q1CA6CA,https://oge.fipi.ru/bank/questions.php?proj=DE0E276E497AB3784C3FC4CC20248DC0&page=376#q1CA6CA,verified_local_archive
3,6F5EF4,376,https://oge.fipi.ru/bank/questions.php?proj=DE0E276E497AB3784C3FC4CC20248DC0&page=376&pagesize=10#q6F5EF4,https://oge.fipi.ru/bank/questions.php?proj=DE0E276E497AB3784C3FC4CC20248DC0&page=376#q6F5EF4,verified_local_archive
4,238193,376,https://oge.fipi.ru/bank/questions.php?proj=DE0E276E497AB3784C3FC4CC20248DC0&page=376&pagesize=10#q238193,https://oge.fipi.ru/bank/questions.php?proj=DE0E276E497AB3784C3FC4CC20248DC0&page=376#q238193,verified_local_archive
5,3C3091,376,https://oge.fipi.ru/bank/questions.php?proj=DE0E276E497AB3784C3FC4CC20248DC0&page=376&pagesize=10#q3C3091,https://oge.fipi.ru/bank/questions.php?proj=DE0E276E497AB3784C3FC4CC20248DC0&page=376#q3C3091,verified_local_archive
1,F06545,376,https://oge.fipi.ru/bank/questions.php?proj=DE0E276E497AB3784C3FC4CC20248DC0&page=376&pagesize=10#qF06545,https://oge.fipi.ru/bank/questions.php?proj=DE0E276E497AB3784C3FC4CC20248DC0&page=376#qF06545,verified_local_archive
2,CF7B0F,376,https://oge.fipi.ru/bank/questions.php?proj=DE0E276E497AB3784C3FC4CC20248DC0&page=376&pagesize=10#qCF7B0F,https://oge.fipi.ru/bank/questions.php?proj=DE0E276E497AB3784C3FC4CC20248DC0&page=376#qCF7B0F,verified_local_archive
3,0EA1B6,376,https://oge.fipi.ru/bank/questions.php?proj=DE0E276E497AB3784C3FC4CC20248DC0&page=376&pagesize=10#q0EA1B6,https://oge.fipi.ru/bank/questions.php?proj=DE0E276E497AB3784C3FC4CC20248DC0&page=376#q0EA1B6,verified_local_archive
4,E1451B,376,https://oge.fipi.ru/bank/questions.php?proj=DE0E276E497AB3784C3FC4CC20248DC0&page=376&pagesize=10#qE1451B,https://oge.fipi.ru/bank/questions.php?proj=DE0E276E497AB3784C3FC4CC20248DC0&page=376#qE1451B,verified_local_archive
5,2AA2FF,376,https://oge.fipi.ru/bank/questions.php?proj=DE0E276E497AB3784C3FC4CC20248DC0&page=376&pagesize=10#q2AA2FF,https://oge.fipi.ru/bank/questions.php?proj=DE0E276E497AB3784C3FC4CC20248DC0&page=376#q2AA2FF,verified_local_archive
1,01FD9F,379,https://oge.fipi.ru/bank/questions.php?proj=DE0E276E497AB3784C3FC4CC20248DC0&page=379&pagesize=10#q01FD9F,https://oge.fipi.ru/bank/questions.php?proj=DE0E276E497AB3784C3FC4CC20248DC0&page=379#q01FD9F,verified_local_archive
2,697817,379,https://oge.fipi.ru/bank/questions.php?proj=DE0E276E497AB3784C3FC4CC20248DC0&page=379&pagesize=10#q697817,https://oge.fipi.ru/bank/questions.php?proj=DE0E276E497AB3784C3FC4CC20248DC0&page=379#q697817,verified_local_archive
3,B206B6,379,https://oge.fipi.ru/bank/questions.php?proj=DE0E276E497AB3784C3FC4CC20248DC0&page=379&pagesize=10#qB206B6,https://oge.fipi.ru/bank/questions.php?proj=DE0E276E497AB3784C3FC4CC20248DC0&page=379#qB206B6,verified_local_archive
4,8BA9C6,379,https://oge.fipi.ru/bank/questions.php?proj=DE0E276E497AB3784C3FC4CC20248DC0&page=379&pagesize=10#q8BA9C6,https://oge.fipi.ru/bank/questions.php?proj=DE0E276E497AB3784C3FC4CC20248DC0&page=379#q8BA9C6,verified_local_archive
5,6CF394,379,https://oge.fipi.ru/bank/questions.php?proj=DE0E276E497AB3784C3FC4CC20248DC0&page=379&pagesize=10#q6CF394,https://oge.fipi.ru/bank/questions.php?proj=DE0E276E497AB3784C3FC4CC20248DC0&page=379#q6CF394,verified_local_archive
1,4C2597,379,https://oge.fipi.ru/bank/questions.php?proj=DE0E276E497AB3784C3FC4CC20248DC0&page=379&pagesize=10#q4C2597,https://oge.fipi.ru/bank/questions.php?proj=DE0E276E497AB3784C3FC4CC20248DC0&page=379#q4C2597,verified_local_archive
2,996DFC,379,https://oge.fipi.ru/bank/questions.php?proj=DE0E276E497AB3784C3FC4CC20248DC0&page=379&pagesize=10#q996DFC,https://oge.fipi.ru/bank/questions.php?proj=DE0E276E497AB3784C3FC4CC20248DC0&page=379#q996DFC,verified_local_archive
3,DB9AA0,379,https://oge.fipi.ru/bank/questions.php?proj=DE0E276E497AB3784C3FC4CC20248DC0&page=379&pagesize=10#qDB9AA0,https://oge.fipi.ru/bank/questions.php?proj=DE0E276E497AB3784C3FC4CC20248DC0&page=379#qDB9AA0,verified_local_archive
4,DB23FE,379,https://oge.fipi.ru/bank/questions.php?proj=DE0E276E497AB3784C3FC4CC20248DC0&page=379&pagesize=10#qDB23FE,https://oge.fipi.ru/bank/questions.php?proj=DE0E276E497AB3784C3FC4CC20248DC0&page=379#qDB23FE,verified_local_archive
5,093049,379,https://oge.fipi.ru/bank/questions.php?proj=DE0E276E497AB3784C3FC4CC20248DC0&page=379&pagesize=10#q093049,https://oge.fipi.ru/bank/questions.php?proj=DE0E276E497AB3784C3FC4CC20248DC0&page=379#q093049,verified_local_archive
1,922A2F,380,https://oge.fipi.ru/bank/questions.php?proj=DE0E276E497AB3784C3FC4CC20248DC0&page=380&pagesize=10#q922A2F,https://oge.fipi.ru/bank/questions.php?proj=DE0E276E497AB3784C3FC4CC20248DC0&page=380#q922A2F,verified_local_archive
2,EF8F74,380,https://oge.fipi.ru/bank/questions.php?proj=DE0E276E497AB3784C3FC4CC20248DC0&page=380&pagesize=10#qEF8F74,https://oge.fipi.ru/bank/questions.php?proj=DE0E276E497AB3784C3FC4CC20248DC0&page=380#qEF8F74,verified_local_archive
3,1394A1,380,https://oge.fipi.ru/bank/questions.php?proj=DE0E276E497AB3784C3FC4CC20248DC0&page=380&pagesize=10#q1394A1,https://oge.fipi.ru/bank/questions.php?proj=DE0E276E497AB3784C3FC4CC20248DC0&page=380#q1394A1,verified_local_archive
4,FCA745,380,https://oge.fipi.ru/bank/questions.php?proj=DE0E276E497AB3784C3FC4CC20248DC0&page=380&pagesize=10#qFCA745,https://oge.fipi.ru/bank/questions.php?proj=DE0E276E497AB3784C3FC4CC20248DC0&page=380#qFCA745,verified_local_archive
5,E32B27,380,https://oge.fipi.ru/bank/questions.php?proj=DE0E276E497AB3784C3FC4CC20248DC0&page=380&pagesize=10#qE32B27,https://oge.fipi.ru/bank/questions.php?proj=DE0E276E497AB3784C3FC4CC20248DC0&page=380#qE32B27,verified_local_archive
1,565F8F,380,https://oge.fipi.ru/bank/questions.php?proj=DE0E276E497AB3784C3FC4CC20248DC0&page=380&pagesize=10#q565F8F,https://oge.fipi.ru/bank/questions.php?proj=DE0E276E497AB3784C3FC4CC20248DC0&page=380#q565F8F,verified_local_archive
2,4A86C8,380,https://oge.fipi.ru/bank/questions.php?proj=DE0E276E497AB3784C3FC4CC20248DC0&page=380&pagesize=10#q4A86C8,https://oge.fipi.ru/bank/questions.php?proj=DE0E276E497AB3784C3FC4CC20248DC0&page=380#q4A86C8,verified_local_archive
3,A01377,380,https://oge.fipi.ru/bank/questions.php?proj=DE0E276E497AB3784C3FC4CC20248DC0&page=380&pagesize=10#qA01377,https://oge.fipi.ru/bank/questions.php?proj=DE0E276E497AB3784C3FC4CC20248DC0&page=380#qA01377,verified_local_archive
4,DBE024,380,https://oge.fipi.ru/bank/questions.php?proj=DE0E276E497AB3784C3FC4CC20248DC0&page=380&pagesize=10#qDBE024,https://oge.fipi.ru/bank/questions.php?proj=DE0E276E497AB3784C3FC4CC20248DC0&page=380#qDBE024,verified_local_archive
1,5CBD6B,380,https://oge.fipi.ru/bank/questions.php?proj=DE0E276E497AB3784C3FC4CC20248DC0&page=380&pagesize=10#q5CBD6B,https://oge.fipi.ru/bank/questions.php?proj=DE0E276E497AB3784C3FC4CC20248DC0&page=380#q5CBD6B,verified_local_archive
2,83FCC1,381,https://oge.fipi.ru/bank/questions.php?proj=DE0E276E497AB3784C3FC4CC20248DC0&page=381&pagesize=10#q83FCC1,https://oge.fipi.ru/bank/questions.php?proj=DE0E276E497AB3784C3FC4CC20248DC0&page=381#q83FCC1,verified_local_archive
3,3AD4E4,381,https://oge.fipi.ru/bank/questions.php?proj=DE0E276E497AB3784C3FC4CC20248DC0&page=381&pagesize=10#q3AD4E4,https://oge.fipi.ru/bank/questions.php?proj=DE0E276E497AB3784C3FC4CC20248DC0&page=381#q3AD4E4,verified_local_archive
4,07E40B,381,https://oge.fipi.ru/bank/questions.php?proj=DE0E276E497AB3784C3FC4CC20248DC0&page=381&pagesize=10#q07E40B,https://oge.fipi.ru/bank/questions.php?proj=DE0E276E497AB3784C3FC4CC20248DC0&page=381#q07E40B,verified_local_archive
5,42A6F5,381,https://oge.fipi.ru/bank/questions.php?proj=DE0E276E497AB3784C3FC4CC20248DC0&page=381&pagesize=10#q42A6F5,https://oge.fipi.ru/bank/questions.php?proj=DE0E276E497AB3784C3FC4CC20248DC0&page=381#q42A6F5,verified_local_archive
1,DF02B2,382,https://oge.fipi.ru/bank/questions.php?proj=DE0E276E497AB3784C3FC4CC20248DC0&page=382&pagesize=10#qDF02B2,https://oge.fipi.ru/bank/questions.php?proj=DE0E276E497AB3784C3FC4CC20248DC0&page=382#qDF02B2,verified_local_archive
2,1BE266,382,https://oge.fipi.ru/bank/questions.php?proj=DE0E276E497AB3784C3FC4CC20248DC0&page=382&pagesize=10#q1BE266,https://oge.fipi.ru/bank/questions.php?proj=DE0E276E497AB3784C3FC4CC20248DC0&page=382#q1BE266,verified_local_archive
3,5CC470,382,https://oge.fipi.ru/bank/questions.php?proj=DE0E276E497AB3784C3FC4CC20248DC0&page=382&pagesize=10#q5CC470,https://oge.fipi.ru/bank/questions.php?proj=DE0E276E497AB3784C3FC4CC20248DC0&page=382#q5CC470,verified_local_archive
4,19C115,382,https://oge.fipi.ru/bank/questions.php?proj=DE0E276E497AB3784C3FC4CC20248DC0&page=382&pagesize=10#q19C115,https://oge.fipi.ru/bank/questions.php?proj=DE0E276E497AB3784C3FC4CC20248DC0&page=382#q19C115,verified_local_archive
5,BEF8D1,382,https://oge.fipi.ru/bank/questions.php?proj=DE0E276E497AB3784C3FC4CC20248DC0&page=382&pagesize=10#qBEF8D1,https://oge.fipi.ru/bank/questions.php?proj=DE0E276E497AB3784C3FC4CC20248DC0&page=382#qBEF8D1,verified_local_archive
1,89A022,383,https://oge.fipi.ru/bank/questions.php?proj=DE0E276E497AB3784C3FC4CC20248DC0&page=383&pagesize=10#q89A022,https://oge.fipi.ru/bank/questions.php?proj=DE0E276E497AB3784C3FC4CC20248DC0&page=383#q89A022,verified_local_archive
2,A76E51,384,https://oge.fipi.ru/bank/questions.php?proj=DE0E276E497AB3784C3FC4CC20248DC0&page=384&pagesize=10#qA76E51,https://oge.fipi.ru/bank/questions.php?proj=DE0E276E497AB3784C3FC4CC20248DC0&page=384#qA76E51,verified_local_archive
3,BA9B66,384,https://oge.fipi.ru/bank/questions.php?proj=DE0E276E497AB3784C3FC4CC20248DC0&page=384&pagesize=10#qBA9B66,https://oge.fipi.ru/bank/questions.php?proj=DE0E276E497AB3784C3FC4CC20248DC0&page=384#qBA9B66,verified_local_archive
4,47E492,384,https://oge.fipi.ru/bank/questions.php?proj=DE0E276E497AB3784C3FC4CC20248DC0&page=384&pagesize=10#q47E492,https://oge.fipi.ru/bank/questions.php?proj=DE0E276E497AB3784C3FC4CC20248DC0&page=384#q47E492,verified_local_archive
5,46C72B,384,https://oge.fipi.ru/bank/questions.php?proj=DE0E276E497AB3784C3FC4CC20248DC0&page=384&pagesize=10#q46C72B,https://oge.fipi.ru/bank/questions.php?proj=DE0E276E497AB3784C3FC4CC20248DC0&page=384#q46C72B,verified_local_archive
6,097E41,2,https://oge.fipi.ru/bank/questions.php?proj=DE0E276E497AB3784C3FC4CC20248DC0&page=2&pagesize=10#q097E41,https://oge.fipi.ru/bank/questions.php?proj=DE0E276E497AB3784C3FC4CC20248DC0&page=2#q097E41,verified_local_archive
6,711640,2,https://oge.fipi.ru/bank/questions.php?proj=DE0E276E497AB3784C3FC4CC20248DC0&page=2&pagesize=10#q711640,https://oge.fipi.ru/bank/questions.php?proj=DE0E276E497AB3784C3FC4CC20248DC0&page=2#q711640,verified_local_archive
6,73D345,3,https://oge.fipi.ru/bank/questions.php?proj=DE0E276E497AB3784C3FC4CC20248DC0&page=3&pagesize=10#q73D345,https://oge.fipi.ru/bank/questions.php?proj=DE0E276E497AB3784C3FC4CC20248DC0&page=3#q73D345,verified_local_archive
6,54924B,7,https://oge.fipi.ru/bank/questions.php?proj=DE0E276E497AB3784C3FC4CC20248DC0&page=7&pagesize=10#q54924B,https://oge.fipi.ru/bank/questions.php?proj=DE0E276E497AB3784C3FC4CC20248DC0&page=7#q54924B,verified_local_archive
6,AA2745,8,https://oge.fipi.ru/bank/questions.php?proj=DE0E276E497AB3784C3FC4CC20248DC0&page=8&pagesize=10#qAA2745,https://oge.fipi.ru/bank/questions.php?proj=DE0E276E497AB3784C3FC4CC20248DC0&page=8#qAA2745,verified_local_archive
6,98B04E,11,https://oge.fipi.ru/bank/questions.php?proj=DE0E276E497AB3784C3FC4CC20248DC0&page=11&pagesize=10#q98B04E,https://oge.fipi.ru/bank/questions.php?proj=DE0E276E497AB3784C3FC4CC20248DC0&page=11#q98B04E,verified_local_archive
6,3CC449,14,https://oge.fipi.ru/bank/questions.php?proj=DE0E276E497AB3784C3FC4CC20248DC0&page=14&pagesize=10#q3CC449,https://oge.fipi.ru/bank/questions.php?proj=DE0E276E497AB3784C3FC4CC20248DC0&page=14#q3CC449,verified_local_archive
6,4D9EF5,16,https://oge.fipi.ru/bank/questions.php?proj=DE0E276E497AB3784C3FC4CC20248DC0&page=16&pagesize=10#q4D9EF5,https://oge.fipi.ru/bank/questions.php?proj=DE0E276E497AB3784C3FC4CC20248DC0&page=16#q4D9EF5,verified_local_archive
6,4609FA,17,https://oge.fipi.ru/bank/questions.php?proj=DE0E276E497AB3784C3FC4CC20248DC0&page=17&pagesize=10#q4609FA,https://oge.fipi.ru/bank/questions.php?proj=DE0E276E497AB3784C3FC4CC20248DC0&page=17#q4609FA,verified_local_archive
6,02F0F3,19,https://oge.fipi.ru/bank/questions.php?proj=DE0E276E497AB3784C3FC4CC20248DC0&page=19&pagesize=10#q02F0F3,https://oge.fipi.ru/bank/questions.php?proj=DE0E276E497AB3784C3FC4CC20248DC0&page=19#q02F0F3,verified_local_archive
6,D39BF5,23,https://oge.fipi.ru/bank/questions.php?proj=DE0E276E497AB3784C3FC4CC20248DC0&page=23&pagesize=10#qD39BF5,https://oge.fipi.ru/bank/questions.php?proj=DE0E276E497AB3784C3FC4CC20248DC0&page=23#qD39BF5,verified_local_archive
6,5493FC,24,https://oge.fipi.ru/bank/questions.php?proj=DE0E276E497AB3784C3FC4CC20248DC0&page=24&pagesize=10#q5493FC,https://oge.fipi.ru/bank/questions.php?proj=DE0E276E497AB3784C3FC4CC20248DC0&page=24#q5493FC,verified_local_archive
6,A830FB,24,https://oge.fipi.ru/bank/questions.php?proj=DE0E276E497AB3784C3FC4CC20248DC0&page=24&pagesize=10#qA830FB,https://oge.fipi.ru/bank/questions.php?proj=DE0E276E497AB3784C3FC4CC20248DC0&page=24#qA830FB,verified_local_archive
6,EA23F7,27,https://oge.fipi.ru/bank/questions.php?proj=DE0E276E497AB3784C3FC4CC20248DC0&page=27&pagesize=10#qEA23F7,https://oge.fipi.ru/bank/questions.php?proj=DE0E276E497AB3784C3FC4CC20248DC0&page=27#qEA23F7,verified_local_archive
6,ED8DF8,28,https://oge.fipi.ru/bank/questions.php?proj=DE0E276E497AB3784C3FC4CC20248DC0&page=28&pagesize=10#qED8DF8,https://oge.fipi.ru/bank/questions.php?proj=DE0E276E497AB3784C3FC4CC20248DC0&page=28#qED8DF8,verified_local_archive
6,3BAEFA,30,https://oge.fipi.ru/bank/questions.php?proj=DE0E276E497AB3784C3FC4CC20248DC0&page=30&pagesize=10#q3BAEFA,https://oge.fipi.ru/bank/questions.php?proj=DE0E276E497AB3784C3FC4CC20248DC0&page=30#q3BAEFA,verified_local_archive
6,33FBF3,30,https://oge.fipi.ru/bank/questions.php?proj=DE0E276E497AB3784C3FC4CC20248DC0&page=30&pagesize=10#q33FBF3,https://oge.fipi.ru/bank/questions.php?proj=DE0E276E497AB3784C3FC4CC20248DC0&page=30#q33FBF3,verified_local_archive
6,953702,39,https://oge.fipi.ru/bank/questions.php?proj=DE0E276E497AB3784C3FC4CC20248DC0&page=39&pagesize=10#q953702,https://oge.fipi.ru/bank/questions.php?proj=DE0E276E497AB3784C3FC4CC20248DC0&page=39#q953702,verified_local_archive
6,91AB0C,39,https://oge.fipi.ru/bank/questions.php?proj=DE0E276E497AB3784C3FC4CC20248DC0&page=39&pagesize=10#q91AB0C,https://oge.fipi.ru/bank/questions.php?proj=DE0E276E497AB3784C3FC4CC20248DC0&page=39#q91AB0C,verified_local_archive
6,83F40D,43,https://oge.fipi.ru/bank/questions.php?proj=DE0E276E497AB3784C3FC4CC20248DC0&page=43&pagesize=10#q83F40D,https://oge.fipi.ru/bank/questions.php?proj=DE0E276E497AB3784C3FC4CC20248DC0&page=43#q83F40D,verified_local_archive
6,BE2D7B,48,https://oge.fipi.ru/bank/questions.php?proj=DE0E276E497AB3784C3FC4CC20248DC0&page=48&pagesize=10#qBE2D7B,https://oge.fipi.ru/bank/questions.php?proj=DE0E276E497AB3784C3FC4CC20248DC0&page=48#qBE2D7B,verified_local_archive
6,C3877A,53,https://oge.fipi.ru/bank/questions.php?proj=DE0E276E497AB3784C3FC4CC20248DC0&page=53&pagesize=10#qC3877A,https://oge.fipi.ru/bank/questions.php?proj=DE0E276E497AB3784C3FC4CC20248DC0&page=53#qC3877A,verified_local_archive
6,EA1574,55,https://oge.fipi.ru/bank/questions.php?proj=DE0E276E497AB3784C3FC4CC20248DC0&page=55&pagesize=10#qEA1574,https://oge.fipi.ru/bank/questions.php?proj=DE0E276E497AB3784C3FC4CC20248DC0&page=55#qEA1574,verified_local_archive
6,6AB97E,56,https://oge.fipi.ru/bank/questions.php?proj=DE0E276E497AB3784C3FC4CC20248DC0&page=56&pagesize=10#q6AB97E,https://oge.fipi.ru/bank/questions.php?proj=DE0E276E497AB3784C3FC4CC20248DC0&page=56#q6AB97E,verified_local_archive
6,D00EB3,67,https://oge.fipi.ru/bank/questions.php?proj=DE0E276E497AB3784C3FC4CC20248DC0&page=67&pagesize=10#qD00EB3,https://oge.fipi.ru/bank/questions.php?proj=DE0E276E497AB3784C3FC4CC20248DC0&page=67#qD00EB3,verified_local_archive
6,F80913,74,https://oge.fipi.ru/bank/questions.php?proj=DE0E276E497AB3784C3FC4CC20248DC0&page=74&pagesize=10#qF80913,https://oge.fipi.ru/bank/questions.php?proj=DE0E276E497AB3784C3FC4CC20248DC0&page=74#qF80913,verified_local_archive
6,1B8B19,79,https://oge.fipi.ru/bank/questions.php?proj=DE0E276E497AB3784C3FC4CC20248DC0&page=79&pagesize=10#q1B8B19,https://oge.fipi.ru/bank/questions.php?proj=DE0E276E497AB3784C3FC4CC20248DC0&page=79#q1B8B19,verified_local_archive
6,2CFE17,79,https://oge.fipi.ru/bank/questions.php?proj=DE0E276E497AB3784C3FC4CC20248DC0&page=79&pagesize=10#q2CFE17,https://oge.fipi.ru/bank/questions.php?proj=DE0E276E497AB3784C3FC4CC20248DC0&page=79#q2CFE17,verified_local_archive
6,9DA310,84,https://oge.fipi.ru/bank/questions.php?proj=DE0E276E497AB3784C3FC4CC20248DC0&page=84&pagesize=10#q9DA310,https://oge.fipi.ru/bank/questions.php?proj=DE0E276E497AB3784C3FC4CC20248DC0&page=84#q9DA310,verified_local_archive
6,94FE12,84,https://oge.fipi.ru/bank/questions.php?proj=DE0E276E497AB3784C3FC4CC20248DC0&page=84&pagesize=10#q94FE12,https://oge.fipi.ru/bank/questions.php?proj=DE0E276E497AB3784C3FC4CC20248DC0&page=84#q94FE12,verified_local_archive
6,EA0419,85,https://oge.fipi.ru/bank/questions.php?proj=DE0E276E497AB3784C3FC4CC20248DC0&page=85&pagesize=10#qEA0419,https://oge.fipi.ru/bank/questions.php?proj=DE0E276E497AB3784C3FC4CC20248DC0&page=85#qEA0419,verified_local_archive
6,418E22,90,https://oge.fipi.ru/bank/questions.php?proj=DE0E276E497AB3784C3FC4CC20248DC0&page=90&pagesize=10#q418E22,https://oge.fipi.ru/bank/questions.php?proj=DE0E276E497AB3784C3FC4CC20248DC0&page=90#q418E22,verified_local_archive
6,06AC29,92,https://oge.fipi.ru/bank/questions.php?proj=DE0E276E497AB3784C3FC4CC20248DC0&page=92&pagesize=10#q06AC29,https://oge.fipi.ru/bank/questions.php?proj=DE0E276E497AB3784C3FC4CC20248DC0&page=92#q06AC29,verified_local_archive
6,76122A,93,https://oge.fipi.ru/bank/questions.php?proj=DE0E276E497AB3784C3FC4CC20248DC0&page=93&pagesize=10#q76122A,https://oge.fipi.ru/bank/questions.php?proj=DE0E276E497AB3784C3FC4CC20248DC0&page=93#q76122A,verified_local_archive
6,76A62C,93,https://oge.fipi.ru/bank/questions.php?proj=DE0E276E497AB3784C3FC4CC20248DC0&page=93&pagesize=10#q76A62C,https://oge.fipi.ru/bank/questions.php?proj=DE0E276E497AB3784C3FC4CC20248DC0&page=93#q76A62C,verified_local_archive
6,103326,96,https://oge.fipi.ru/bank/questions.php?proj=DE0E276E497AB3784C3FC4CC20248DC0&page=96&pagesize=10#q103326,https://oge.fipi.ru/bank/questions.php?proj=DE0E276E497AB3784C3FC4CC20248DC0&page=96#q103326,verified_local_archive
6,DDAD2E,97,https://oge.fipi.ru/bank/questions.php?proj=DE0E276E497AB3784C3FC4CC20248DC0&page=97&pagesize=10#qDDAD2E,https://oge.fipi.ru/bank/questions.php?proj=DE0E276E497AB3784C3FC4CC20248DC0&page=97#qDDAD2E,verified_local_archive
6,A81C2A,99,https://oge.fipi.ru/bank/questions.php?proj=DE0E276E497AB3784C3FC4CC20248DC0&page=99&pagesize=10#qA81C2A,https://oge.fipi.ru/bank/questions.php?proj=DE0E276E497AB3784C3FC4CC20248DC0&page=99#qA81C2A,verified_local_archive
6,96A124,101,https://oge.fipi.ru/bank/questions.php?proj=DE0E276E497AB3784C3FC4CC20248DC0&page=101&pagesize=10#q96A124,https://oge.fipi.ru/bank/questions.php?proj=DE0E276E497AB3784C3FC4CC20248DC0&page=101#q96A124,verified_local_archive
6,98802B,101,https://oge.fipi.ru/bank/questions.php?proj=DE0E276E497AB3784C3FC4CC20248DC0&page=101&pagesize=10#q98802B,https://oge.fipi.ru/bank/questions.php?proj=DE0E276E497AB3784C3FC4CC20248DC0&page=101#q98802B,verified_local_archive
6,FBDAD3,107,https://oge.fipi.ru/bank/questions.php?proj=DE0E276E497AB3784C3FC4CC20248DC0&page=107&pagesize=10#qFBDAD3,https://oge.fipi.ru/bank/questions.php?proj=DE0E276E497AB3784C3FC4CC20248DC0&page=107#qFBDAD3,verified_local_archive
6,27DDD8,111,https://oge.fipi.ru/bank/questions.php?proj=DE0E276E497AB3784C3FC4CC20248DC0&page=111&pagesize=10#q27DDD8,https://oge.fipi.ru/bank/questions.php?proj=DE0E276E497AB3784C3FC4CC20248DC0&page=111#q27DDD8,verified_local_archive
6,D427DD,112,https://oge.fipi.ru/bank/questions.php?proj=DE0E276E497AB3784C3FC4CC20248DC0&page=112&pagesize=10#qD427DD,https://oge.fipi.ru/bank/questions.php?proj=DE0E276E497AB3784C3FC4CC20248DC0&page=112#qD427DD,verified_local_archive
6,DB17DA,112,https://oge.fipi.ru/bank/questions.php?proj=DE0E276E497AB3784C3FC4CC20248DC0&page=112&pagesize=10#qDB17DA,https://oge.fipi.ru/bank/questions.php?proj=DE0E276E497AB3784C3FC4CC20248DC0&page=112#qDB17DA,verified_local_archive
6,5E67D4,112,https://oge.fipi.ru/bank/questions.php?proj=DE0E276E497AB3784C3FC4CC20248DC0&page=112&pagesize=10#q5E67D4,https://oge.fipi.ru/bank/questions.php?proj=DE0E276E497AB3784C3FC4CC20248DC0&page=112#q5E67D4,verified_local_archive
6,9A90D8,115,https://oge.fipi.ru/bank/questions.php?proj=DE0E276E497AB3784C3FC4CC20248DC0&page=115&pagesize=10#q9A90D8,https://oge.fipi.ru/bank/questions.php?proj=DE0E276E497AB3784C3FC4CC20248DC0&page=115#q9A90D8,verified_local_archive
6,EDFEDE,116,https://oge.fipi.ru/bank/questions.php?proj=DE0E276E497AB3784C3FC4CC20248DC0&page=116&pagesize=10#qEDFEDE,https://oge.fipi.ru/bank/questions.php?proj=DE0E276E497AB3784C3FC4CC20248DC0&page=116#qEDFEDE,verified_local_archive
6,432550,119,https://oge.fipi.ru/bank/questions.php?proj=DE0E276E497AB3784C3FC4CC20248DC0&page=119&pagesize=10#q432550,https://oge.fipi.ru/bank/questions.php?proj=DE0E276E497AB3784C3FC4CC20248DC0&page=119#q432550,verified_local_archive
6,FD4058,120,https://oge.fipi.ru/bank/questions.php?proj=DE0E276E497AB3784C3FC4CC20248DC0&page=120&pagesize=10#qFD4058,https://oge.fipi.ru/bank/questions.php?proj=DE0E276E497AB3784C3FC4CC20248DC0&page=120#qFD4058,verified_local_archive
6,0C275B,121,https://oge.fipi.ru/bank/questions.php?proj=DE0E276E497AB3784C3FC4CC20248DC0&page=121&pagesize=10#q0C275B,https://oge.fipi.ru/bank/questions.php?proj=DE0E276E497AB3784C3FC4CC20248DC0&page=121#q0C275B,verified_local_archive
6,B04F56,123,https://oge.fipi.ru/bank/questions.php?proj=DE0E276E497AB3784C3FC4CC20248DC0&page=123&pagesize=10#qB04F56,https://oge.fipi.ru/bank/questions.php?proj=DE0E276E497AB3784C3FC4CC20248DC0&page=123#qB04F56,verified_local_archive
6,1B7550,123,https://oge.fipi.ru/bank/questions.php?proj=DE0E276E497AB3784C3FC4CC20248DC0&page=123&pagesize=10#q1B7550,https://oge.fipi.ru/bank/questions.php?proj=DE0E276E497AB3784C3FC4CC20248DC0&page=123#q1B7550,verified_local_archive
6,69755C,131,https://oge.fipi.ru/bank/questions.php?proj=DE0E276E497AB3784C3FC4CC20248DC0&page=131&pagesize=10#q69755C,https://oge.fipi.ru/bank/questions.php?proj=DE0E276E497AB3784C3FC4CC20248DC0&page=131#q69755C,verified_local_archive
6,4413AF,133,https://oge.fipi.ru/bank/questions.php?proj=DE0E276E497AB3784C3FC4CC20248DC0&page=133&pagesize=10#q4413AF,https://oge.fipi.ru/bank/questions.php?proj=DE0E276E497AB3784C3FC4CC20248DC0&page=133#q4413AF,verified_local_archive
6,0F25A1,135,https://oge.fipi.ru/bank/questions.php?proj=DE0E276E497AB3784C3FC4CC20248DC0&page=135&pagesize=10#q0F25A1,https://oge.fipi.ru/bank/questions.php?proj=DE0E276E497AB3784C3FC4CC20248DC0&page=135#q0F25A1,verified_local_archive
6,79A9AD,136,https://oge.fipi.ru/bank/questions.php?proj=DE0E276E497AB3784C3FC4CC20248DC0&page=136&pagesize=10#q79A9AD,https://oge.fipi.ru/bank/questions.php?proj=DE0E276E497AB3784C3FC4CC20248DC0&page=136#q79A9AD,verified_local_archive
6,1FC3AA,137,https://oge.fipi.ru/bank/questions.php?proj=DE0E276E497AB3784C3FC4CC20248DC0&page=137&pagesize=10#q1FC3AA,https://oge.fipi.ru/bank/questions.php?proj=DE0E276E497AB3784C3FC4CC20248DC0&page=137#q1FC3AA,verified_local_archive
6,5233A3,140,https://oge.fipi.ru/bank/questions.php?proj=DE0E276E497AB3784C3FC4CC20248DC0&page=140&pagesize=10#q5233A3,https://oge.fipi.ru/bank/questions.php?proj=DE0E276E497AB3784C3FC4CC20248DC0&page=140#q5233A3,verified_local_archive
6,35B3A3,144,https://oge.fipi.ru/bank/questions.php?proj=DE0E276E497AB3784C3FC4CC20248DC0&page=144&pagesize=10#q35B3A3,https://oge.fipi.ru/bank/questions.php?proj=DE0E276E497AB3784C3FC4CC20248DC0&page=144#q35B3A3,verified_local_archive
6,F81BCF,146,https://oge.fipi.ru/bank/questions.php?proj=DE0E276E497AB3784C3FC4CC20248DC0&page=146&pagesize=10#qF81BCF,https://oge.fipi.ru/bank/questions.php?proj=DE0E276E497AB3784C3FC4CC20248DC0&page=146#qF81BCF,verified_local_archive
6,1527C7,151,https://oge.fipi.ru/bank/questions.php?proj=DE0E276E497AB3784C3FC4CC20248DC0&page=151&pagesize=10#q1527C7,https://oge.fipi.ru/bank/questions.php?proj=DE0E276E497AB3784C3FC4CC20248DC0&page=151#q1527C7,verified_local_archive
6,264CC0,151,https://oge.fipi.ru/bank/questions.php?proj=DE0E276E497AB3784C3FC4CC20248DC0&page=151&pagesize=10#q264CC0,https://oge.fipi.ru/bank/questions.php?proj=DE0E276E497AB3784C3FC4CC20248DC0&page=151#q264CC0,verified_local_archive
6,C609C4,154,https://oge.fipi.ru/bank/questions.php?proj=DE0E276E497AB3784C3FC4CC20248DC0&page=154&pagesize=10#qC609C4,https://oge.fipi.ru/bank/questions.php?proj=DE0E276E497AB3784C3FC4CC20248DC0&page=154#qC609C4,verified_local_archive
6,E023CC,156,https://oge.fipi.ru/bank/questions.php?proj=DE0E276E497AB3784C3FC4CC20248DC0&page=156&pagesize=10#qE023CC,https://oge.fipi.ru/bank/questions.php?proj=DE0E276E497AB3784C3FC4CC20248DC0&page=156#qE023CC,verified_local_archive
6,3C8CC9,158,https://oge.fipi.ru/bank/questions.php?proj=DE0E276E497AB3784C3FC4CC20248DC0&page=158&pagesize=10#q3C8CC9,https://oge.fipi.ru/bank/questions.php?proj=DE0E276E497AB3784C3FC4CC20248DC0&page=158#q3C8CC9,verified_local_archive
6,80BBC7,159,https://oge.fipi.ru/bank/questions.php?proj=DE0E276E497AB3784C3FC4CC20248DC0&page=159&pagesize=10#q80BBC7,https://oge.fipi.ru/bank/questions.php?proj=DE0E276E497AB3784C3FC4CC20248DC0&page=159#q80BBC7,verified_local_archive
6,838DC2,159,https://oge.fipi.ru/bank/questions.php?proj=DE0E276E497AB3784C3FC4CC20248DC0&page=159&pagesize=10#q838DC2,https://oge.fipi.ru/bank/questions.php?proj=DE0E276E497AB3784C3FC4CC20248DC0&page=159#q838DC2,verified_local_archive
6,F8CA9A,160,https://oge.fipi.ru/bank/questions.php?proj=DE0E276E497AB3784C3FC4CC20248DC0&page=160&pagesize=10#qF8CA9A,https://oge.fipi.ru/bank/questions.php?proj=DE0E276E497AB3784C3FC4CC20248DC0&page=160#qF8CA9A,verified_local_archive
6,07E591,161,https://oge.fipi.ru/bank/questions.php?proj=DE0E276E497AB3784C3FC4CC20248DC0&page=161&pagesize=10#q07E591,https://oge.fipi.ru/bank/questions.php?proj=DE0E276E497AB3784C3FC4CC20248DC0&page=161#q07E591,verified_local_archive
6,772894,162,https://oge.fipi.ru/bank/questions.php?proj=DE0E276E497AB3784C3FC4CC20248DC0&page=162&pagesize=10#q772894,https://oge.fipi.ru/bank/questions.php?proj=DE0E276E497AB3784C3FC4CC20248DC0&page=162#q772894,verified_local_archive
6,7A2A9D,162,https://oge.fipi.ru/bank/questions.php?proj=DE0E276E497AB3784C3FC4CC20248DC0&page=162&pagesize=10#q7A2A9D,https://oge.fipi.ru/bank/questions.php?proj=DE0E276E497AB3784C3FC4CC20248DC0&page=162#q7A2A9D,verified_local_archive
6,2EC590,164,https://oge.fipi.ru/bank/questions.php?proj=DE0E276E497AB3784C3FC4CC20248DC0&page=164&pagesize=10#q2EC590,https://oge.fipi.ru/bank/questions.php?proj=DE0E276E497AB3784C3FC4CC20248DC0&page=164#q2EC590,verified_local_archive
6,262697,164,https://oge.fipi.ru/bank/questions.php?proj=DE0E276E497AB3784C3FC4CC20248DC0&page=164&pagesize=10#q262697,https://oge.fipi.ru/bank/questions.php?proj=DE0E276E497AB3784C3FC4CC20248DC0&page=164#q262697,verified_local_archive
6,A76D9D,167,https://oge.fipi.ru/bank/questions.php?proj=DE0E276E497AB3784C3FC4CC20248DC0&page=167&pagesize=10#qA76D9D,https://oge.fipi.ru/bank/questions.php?proj=DE0E276E497AB3784C3FC4CC20248DC0&page=167#qA76D9D,verified_local_archive
6,945291,169,https://oge.fipi.ru/bank/questions.php?proj=DE0E276E497AB3784C3FC4CC20248DC0&page=169&pagesize=10#q945291,https://oge.fipi.ru/bank/questions.php?proj=DE0E276E497AB3784C3FC4CC20248DC0&page=169#q945291,verified_local_archive
6,E70E95,170,https://oge.fipi.ru/bank/questions.php?proj=DE0E276E497AB3784C3FC4CC20248DC0&page=170&pagesize=10#qE70E95,https://oge.fipi.ru/bank/questions.php?proj=DE0E276E497AB3784C3FC4CC20248DC0&page=170#qE70E95,verified_local_archive
6,7545EE,177,https://oge.fipi.ru/bank/questions.php?proj=DE0E276E497AB3784C3FC4CC20248DC0&page=177&pagesize=10#q7545EE,https://oge.fipi.ru/bank/questions.php?proj=DE0E276E497AB3784C3FC4CC20248DC0&page=177#q7545EE,verified_local_archive
6,9B37E4,184,https://oge.fipi.ru/bank/questions.php?proj=DE0E276E497AB3784C3FC4CC20248DC0&page=184&pagesize=10#q9B37E4,https://oge.fipi.ru/bank/questions.php?proj=DE0E276E497AB3784C3FC4CC20248DC0&page=184#q9B37E4,verified_local_archive
6,3D6EE6,186,https://oge.fipi.ru/bank/questions.php?proj=DE0E276E497AB3784C3FC4CC20248DC0&page=186&pagesize=10#q3D6EE6,https://oge.fipi.ru/bank/questions.php?proj=DE0E276E497AB3784C3FC4CC20248DC0&page=186#q3D6EE6,verified_local_archive
6,85B5E0,187,https://oge.fipi.ru/bank/questions.php?proj=DE0E276E497AB3784C3FC4CC20248DC0&page=187&pagesize=10#q85B5E0,https://oge.fipi.ru/bank/questions.php?proj=DE0E276E497AB3784C3FC4CC20248DC0&page=187#q85B5E0,verified_local_archive
6,54576D,195,https://oge.fipi.ru/bank/questions.php?proj=DE0E276E497AB3784C3FC4CC20248DC0&page=195&pagesize=10#q54576D,https://oge.fipi.ru/bank/questions.php?proj=DE0E276E497AB3784C3FC4CC20248DC0&page=195#q54576D,verified_local_archive
6,7B1530,205,https://oge.fipi.ru/bank/questions.php?proj=DE0E276E497AB3784C3FC4CC20248DC0&page=205&pagesize=10#q7B1530,https://oge.fipi.ru/bank/questions.php?proj=DE0E276E497AB3784C3FC4CC20248DC0&page=205#q7B1530,verified_local_archive
6,D5ED33,209,https://oge.fipi.ru/bank/questions.php?proj=DE0E276E497AB3784C3FC4CC20248DC0&page=209&pagesize=10#qD5ED33,https://oge.fipi.ru/bank/questions.php?proj=DE0E276E497AB3784C3FC4CC20248DC0&page=209#qD5ED33,verified_local_archive
6,CE213B,211,https://oge.fipi.ru/bank/questions.php?proj=DE0E276E497AB3784C3FC4CC20248DC0&page=211&pagesize=10#qCE213B,https://oge.fipi.ru/bank/questions.php?proj=DE0E276E497AB3784C3FC4CC20248DC0&page=211#qCE213B,verified_local_archive
6,683285,228,https://oge.fipi.ru/bank/questions.php?proj=DE0E276E497AB3784C3FC4CC20248DC0&page=228&pagesize=10#q683285,https://oge.fipi.ru/bank/questions.php?proj=DE0E276E497AB3784C3FC4CC20248DC0&page=228#q683285,verified_local_archive
6,21014E,6,https://oge.fipi.ru/bank/questions.php?proj=DE0E276E497AB3784C3FC4CC20248DC0&page=6&pagesize=10#q21014E,https://oge.fipi.ru/bank/questions.php?proj=DE0E276E497AB3784C3FC4CC20248DC0&page=6#q21014E,verified_local_archive
6,214904,35,https://oge.fipi.ru/bank/questions.php?proj=DE0E276E497AB3784C3FC4CC20248DC0&page=35&pagesize=10#q214904,https://oge.fipi.ru/bank/questions.php?proj=DE0E276E497AB3784C3FC4CC20248DC0&page=35#q214904,verified_local_archive
6,314D07,41,https://oge.fipi.ru/bank/questions.php?proj=DE0E276E497AB3784C3FC4CC20248DC0&page=41&pagesize=10#q314D07,https://oge.fipi.ru/bank/questions.php?proj=DE0E276E497AB3784C3FC4CC20248DC0&page=41#q314D07,verified_local_archive
6,408A76,44,https://oge.fipi.ru/bank/questions.php?proj=DE0E276E497AB3784C3FC4CC20248DC0&page=44&pagesize=10#q408A76,https://oge.fipi.ru/bank/questions.php?proj=DE0E276E497AB3784C3FC4CC20248DC0&page=44#q408A76,verified_local_archive
6,7D3079,47,https://oge.fipi.ru/bank/questions.php?proj=DE0E276E497AB3784C3FC4CC20248DC0&page=47&pagesize=10#q7D3079,https://oge.fipi.ru/bank/questions.php?proj=DE0E276E497AB3784C3FC4CC20248DC0&page=47#q7D3079,verified_local_archive
6,4C4EBF,59,https://oge.fipi.ru/bank/questions.php?proj=DE0E276E497AB3784C3FC4CC20248DC0&page=59&pagesize=10#q4C4EBF,https://oge.fipi.ru/bank/questions.php?proj=DE0E276E497AB3784C3FC4CC20248DC0&page=59#q4C4EBF,verified_local_archive
6,7E16BF,62,https://oge.fipi.ru/bank/questions.php?proj=DE0E276E497AB3784C3FC4CC20248DC0&page=62&pagesize=10#q7E16BF,https://oge.fipi.ru/bank/questions.php?proj=DE0E276E497AB3784C3FC4CC20248DC0&page=62#q7E16BF,verified_local_archive
6,2909BF,65,https://oge.fipi.ru/bank/questions.php?proj=DE0E276E497AB3784C3FC4CC20248DC0&page=65&pagesize=10#q2909BF,https://oge.fipi.ru/bank/questions.php?proj=DE0E276E497AB3784C3FC4CC20248DC0&page=65#q2909BF,verified_local_archive
6,510AB3,67,https://oge.fipi.ru/bank/questions.php?proj=DE0E276E497AB3784C3FC4CC20248DC0&page=67&pagesize=10#q510AB3,https://oge.fipi.ru/bank/questions.php?proj=DE0E276E497AB3784C3FC4CC20248DC0&page=67#q510AB3,verified_local_archive
6,A594B5,68,https://oge.fipi.ru/bank/questions.php?proj=DE0E276E497AB3784C3FC4CC20248DC0&page=68&pagesize=10#qA594B5,https://oge.fipi.ru/bank/questions.php?proj=DE0E276E497AB3784C3FC4CC20248DC0&page=68#qA594B5,verified_local_archive
6,95FFBA,69,https://oge.fipi.ru/bank/questions.php?proj=DE0E276E497AB3784C3FC4CC20248DC0&page=69&pagesize=10#q95FFBA,https://oge.fipi.ru/bank/questions.php?proj=DE0E276E497AB3784C3FC4CC20248DC0&page=69#q95FFBA,verified_local_archive
6,52251A,81,https://oge.fipi.ru/bank/questions.php?proj=DE0E276E497AB3784C3FC4CC20248DC0&page=81&pagesize=10#q52251A,https://oge.fipi.ru/bank/questions.php?proj=DE0E276E497AB3784C3FC4CC20248DC0&page=81#q52251A,verified_local_archive
6,C1231C,83,https://oge.fipi.ru/bank/questions.php?proj=DE0E276E497AB3784C3FC4CC20248DC0&page=83&pagesize=10#qC1231C,https://oge.fipi.ru/bank/questions.php?proj=DE0E276E497AB3784C3FC4CC20248DC0&page=83#qC1231C,verified_local_archive
6,AFE6DF,114,https://oge.fipi.ru/bank/questions.php?proj=DE0E276E497AB3784C3FC4CC20248DC0&page=114&pagesize=10#qAFE6DF,https://oge.fipi.ru/bank/questions.php?proj=DE0E276E497AB3784C3FC4CC20248DC0&page=114#qAFE6DF,verified_local_archive
6,6B40A0,143,https://oge.fipi.ru/bank/questions.php?proj=DE0E276E497AB3784C3FC4CC20248DC0&page=143&pagesize=10#q6B40A0,https://oge.fipi.ru/bank/questions.php?proj=DE0E276E497AB3784C3FC4CC20248DC0&page=143#q6B40A0,verified_local_archive
6,003CC0,148,https://oge.fipi.ru/bank/questions.php?proj=DE0E276E497AB3784C3FC4CC20248DC0&page=148&pagesize=10#q003CC0,https://oge.fipi.ru/bank/questions.php?proj=DE0E276E497AB3784C3FC4CC20248DC0&page=148#q003CC0,verified_local_archive
6,DE80C5,152,https://oge.fipi.ru/bank/questions.php?proj=DE0E276E497AB3784C3FC4CC20248DC0&page=152&pagesize=10#qDE80C5,https://oge.fipi.ru/bank/questions.php?proj=DE0E276E497AB3784C3FC4CC20248DC0&page=152#qDE80C5,verified_local_archive
6,5719EA,181,https://oge.fipi.ru/bank/questions.php?proj=DE0E276E497AB3784C3FC4CC20248DC0&page=181&pagesize=10#q5719EA,https://oge.fipi.ru/bank/questions.php?proj=DE0E276E497AB3784C3FC4CC20248DC0&page=181#q5719EA,verified_local_archive
6,C702ED,183,https://oge.fipi.ru/bank/questions.php?proj=DE0E276E497AB3784C3FC4CC20248DC0&page=183&pagesize=10#qC702ED,https://oge.fipi.ru/bank/questions.php?proj=DE0E276E497AB3784C3FC4CC20248DC0&page=183#qC702ED,verified_local_archive
6,9570E3,184,https://oge.fipi.ru/bank/questions.php?proj=DE0E276E497AB3784C3FC4CC20248DC0&page=184&pagesize=10#q9570E3,https://oge.fipi.ru/bank/questions.php?proj=DE0E276E497AB3784C3FC4CC20248DC0&page=184#q9570E3,verified_local_archive
6,12AD6B,192,https://oge.fipi.ru/bank/questions.php?proj=DE0E276E497AB3784C3FC4CC20248DC0&page=192&pagesize=10#q12AD6B,https://oge.fipi.ru/bank/questions.php?proj=DE0E276E497AB3784C3FC4CC20248DC0&page=192#q12AD6B,verified_local_archive
6,A10E69,197,https://oge.fipi.ru/bank/questions.php?proj=DE0E276E497AB3784C3FC4CC20248DC0&page=197&pagesize=10#qA10E69,https://oge.fipi.ru/bank/questions.php?proj=DE0E276E497AB3784C3FC4CC20248DC0&page=197#qA10E69,verified_local_archive
6,76FB33,206,https://oge.fipi.ru/bank/questions.php?proj=DE0E276E497AB3784C3FC4CC20248DC0&page=206&pagesize=10#q76FB33,https://oge.fipi.ru/bank/questions.php?proj=DE0E276E497AB3784C3FC4CC20248DC0&page=206#q76FB33,verified_local_archive
6,D09E3C,209,https://oge.fipi.ru/bank/questions.php?proj=DE0E276E497AB3784C3FC4CC20248DC0&page=209&pagesize=10#qD09E3C,https://oge.fipi.ru/bank/questions.php?proj=DE0E276E497AB3784C3FC4CC20248DC0&page=209#qD09E3C,verified_local_archive
6,8F6C3D,216,https://oge.fipi.ru/bank/questions.php?proj=DE0E276E497AB3784C3FC4CC20248DC0&page=216&pagesize=10#q8F6C3D,https://oge.fipi.ru/bank/questions.php?proj=DE0E276E497AB3784C3FC4CC20248DC0&page=216#q8F6C3D,verified_local_archive
6,0F5B83,219,https://oge.fipi.ru/bank/questions.php?proj=DE0E276E497AB3784C3FC4CC20248DC0&page=219&pagesize=10#q0F5B83,https://oge.fipi.ru/bank/questions.php?proj=DE0E276E497AB3784C3FC4CC20248DC0&page=219#q0F5B83,verified_local_archive
6,BDCC81,220,https://oge.fipi.ru/bank/questions.php?proj=DE0E276E497AB3784C3FC4CC20248DC0&page=220&pagesize=10#qBDCC81,https://oge.fipi.ru/bank/questions.php?proj=DE0E276E497AB3784C3FC4CC20248DC0&page=220#qBDCC81,verified_local_archive
6,C3738C,225,https://oge.fipi.ru/bank/questions.php?proj=DE0E276E497AB3784C3FC4CC20248DC0&page=225&pagesize=10#qC3738C,https://oge.fipi.ru/bank/questions.php?proj=DE0E276E497AB3784C3FC4CC20248DC0&page=225#qC3738C,verified_local_archive
6,99D38E,226,https://oge.fipi.ru/bank/questions.php?proj=DE0E276E497AB3784C3FC4CC20248DC0&page=226&pagesize=10#q99D38E,https://oge.fipi.ru/bank/questions.php?proj=DE0E276E497AB3784C3FC4CC20248DC0&page=226#q99D38E,verified_local_archive
6,3A4787,229,https://oge.fipi.ru/bank/questions.php?proj=DE0E276E497AB3784C3FC4CC20248DC0&page=229&pagesize=10#q3A4787,https://oge.fipi.ru/bank/questions.php?proj=DE0E276E497AB3784C3FC4CC20248DC0&page=229#q3A4787,verified_local_archive
7,F1F841,1,https://oge.fipi.ru/bank/questions.php?proj=DE0E276E497AB3784C3FC4CC20248DC0&page=1&pagesize=10#qF1F841,https://oge.fipi.ru/bank/questions.php?proj=DE0E276E497AB3784C3FC4CC20248DC0&page=1#qF1F841,verified_local_archive
7,F2CF43,2,https://oge.fipi.ru/bank/questions.php?proj=DE0E276E497AB3784C3FC4CC20248DC0&page=2&pagesize=10#qF2CF43,https://oge.fipi.ru/bank/questions.php?proj=DE0E276E497AB3784C3FC4CC20248DC0&page=2#qF2CF43,verified_local_archive
7,7C7947,3,https://oge.fipi.ru/bank/questions.php?proj=DE0E276E497AB3784C3FC4CC20248DC0&page=3&pagesize=10#q7C7947,https://oge.fipi.ru/bank/questions.php?proj=DE0E276E497AB3784C3FC4CC20248DC0&page=3#q7C7947,verified_local_archive
7,6F944F,12,https://oge.fipi.ru/bank/questions.php?proj=DE0E276E497AB3784C3FC4CC20248DC0&page=12&pagesize=10#q6F944F,https://oge.fipi.ru/bank/questions.php?proj=DE0E276E497AB3784C3FC4CC20248DC0&page=12#q6F944F,verified_local_archive
7,37B64D,14,https://oge.fipi.ru/bank/questions.php?proj=DE0E276E497AB3784C3FC4CC20248DC0&page=14&pagesize=10#q37B64D,https://oge.fipi.ru/bank/questions.php?proj=DE0E276E497AB3784C3FC4CC20248DC0&page=14#q37B64D,verified_local_archive
7,393749,14,https://oge.fipi.ru/bank/questions.php?proj=DE0E276E497AB3784C3FC4CC20248DC0&page=14&pagesize=10#q393749,https://oge.fipi.ru/bank/questions.php?proj=DE0E276E497AB3784C3FC4CC20248DC0&page=14#q393749,verified_local_archive
7,8D164C,15,https://oge.fipi.ru/bank/questions.php?proj=DE0E276E497AB3784C3FC4CC20248DC0&page=15&pagesize=10#q8D164C,https://oge.fipi.ru/bank/questions.php?proj=DE0E276E497AB3784C3FC4CC20248DC0&page=15#q8D164C,verified_local_archive
7,F212F1,18,https://oge.fipi.ru/bank/questions.php?proj=DE0E276E497AB3784C3FC4CC20248DC0&page=18&pagesize=10#qF212F1,https://oge.fipi.ru/bank/questions.php?proj=DE0E276E497AB3784C3FC4CC20248DC0&page=18#qF212F1,verified_local_archive
7,DC38F4,22,https://oge.fipi.ru/bank/questions.php?proj=DE0E276E497AB3784C3FC4CC20248DC0&page=22&pagesize=10#qDC38F4,https://oge.fipi.ru/bank/questions.php?proj=DE0E276E497AB3784C3FC4CC20248DC0&page=22#qDC38F4,verified_local_archive
7,A796FE,25,https://oge.fipi.ru/bank/questions.php?proj=DE0E276E497AB3784C3FC4CC20248DC0&page=25&pagesize=10#qA796FE,https://oge.fipi.ru/bank/questions.php?proj=DE0E276E497AB3784C3FC4CC20248DC0&page=25#qA796FE,verified_local_archive
7,9179F3,27,https://oge.fipi.ru/bank/questions.php?proj=DE0E276E497AB3784C3FC4CC20248DC0&page=27&pagesize=10#q9179F3,https://oge.fipi.ru/bank/questions.php?proj=DE0E276E497AB3784C3FC4CC20248DC0&page=27#q9179F3,verified_local_archive
7,EFB5F8,28,https://oge.fipi.ru/bank/questions.php?proj=DE0E276E497AB3784C3FC4CC20248DC0&page=28&pagesize=10#qEFB5F8,https://oge.fipi.ru/bank/questions.php?proj=DE0E276E497AB3784C3FC4CC20248DC0&page=28#qEFB5F8,verified_local_archive
7,6A8FF7,28,https://oge.fipi.ru/bank/questions.php?proj=DE0E276E497AB3784C3FC4CC20248DC0&page=28&pagesize=10#q6A8FF7,https://oge.fipi.ru/bank/questions.php?proj=DE0E276E497AB3784C3FC4CC20248DC0&page=28#q6A8FF7,verified_local_archive
7,7D0807,32,https://oge.fipi.ru/bank/questions.php?proj=DE0E276E497AB3784C3FC4CC20248DC0&page=32&pagesize=10#q7D0807,https://oge.fipi.ru/bank/questions.php?proj=DE0E276E497AB3784C3FC4CC20248DC0&page=32#q7D0807,verified_local_archive
7,983402,39,https://oge.fipi.ru/bank/questions.php?proj=DE0E276E497AB3784C3FC4CC20248DC0&page=39&pagesize=10#q983402,https://oge.fipi.ru/bank/questions.php?proj=DE0E276E497AB3784C3FC4CC20248DC0&page=39#q983402,verified_local_archive
7,344704,41,https://oge.fipi.ru/bank/questions.php?proj=DE0E276E497AB3784C3FC4CC20248DC0&page=41&pagesize=10#q344704,https://oge.fipi.ru/bank/questions.php?proj=DE0E276E497AB3784C3FC4CC20248DC0&page=41#q344704,verified_local_archive
7,8A5E07,43,https://oge.fipi.ru/bank/questions.php?proj=DE0E276E497AB3784C3FC4CC20248DC0&page=43&pagesize=10#q8A5E07,https://oge.fipi.ru/bank/questions.php?proj=DE0E276E497AB3784C3FC4CC20248DC0&page=43#q8A5E07,verified_local_archive
7,8F6802,43,https://oge.fipi.ru/bank/questions.php?proj=DE0E276E497AB3784C3FC4CC20248DC0&page=43&pagesize=10#q8F6802,https://oge.fipi.ru/bank/questions.php?proj=DE0E276E497AB3784C3FC4CC20248DC0&page=43#q8F6802,verified_local_archive
7,8A3F0C,43,https://oge.fipi.ru/bank/questions.php?proj=DE0E276E497AB3784C3FC4CC20248DC0&page=43&pagesize=10#q8A3F0C,https://oge.fipi.ru/bank/questions.php?proj=DE0E276E497AB3784C3FC4CC20248DC0&page=43#q8A3F0C,verified_local_archive
7,06EB7E,46,https://oge.fipi.ru/bank/questions.php?proj=DE0E276E497AB3784C3FC4CC20248DC0&page=46&pagesize=10#q06EB7E,https://oge.fipi.ru/bank/questions.php?proj=DE0E276E497AB3784C3FC4CC20248DC0&page=46#q06EB7E,verified_local_archive
7,BBB673,49,https://oge.fipi.ru/bank/questions.php?proj=DE0E276E497AB3784C3FC4CC20248DC0&page=49&pagesize=10#qBBB673,https://oge.fipi.ru/bank/questions.php?proj=DE0E276E497AB3784C3FC4CC20248DC0&page=49#qBBB673,verified_local_archive
7,2C6175,50,https://oge.fipi.ru/bank/questions.php?proj=DE0E276E497AB3784C3FC4CC20248DC0&page=50&pagesize=10#q2C6175,https://oge.fipi.ru/bank/questions.php?proj=DE0E276E497AB3784C3FC4CC20248DC0&page=50#q2C6175,verified_local_archive
7,A04F76,52,https://oge.fipi.ru/bank/questions.php?proj=DE0E276E497AB3784C3FC4CC20248DC0&page=52&pagesize=10#qA04F76,https://oge.fipi.ru/bank/questions.php?proj=DE0E276E497AB3784C3FC4CC20248DC0&page=52#qA04F76,verified_local_archive
7,98CD7C,54,https://oge.fipi.ru/bank/questions.php?proj=DE0E276E497AB3784C3FC4CC20248DC0&page=54&pagesize=10#q98CD7C,https://oge.fipi.ru/bank/questions.php?proj=DE0E276E497AB3784C3FC4CC20248DC0&page=54#q98CD7C,verified_local_archive
7,3ACC7D,57,https://oge.fipi.ru/bank/questions.php?proj=DE0E276E497AB3784C3FC4CC20248DC0&page=57&pagesize=10#q3ACC7D,https://oge.fipi.ru/bank/questions.php?proj=DE0E276E497AB3784C3FC4CC20248DC0&page=57#q3ACC7D,verified_local_archive
7,BA76BA,63,https://oge.fipi.ru/bank/questions.php?proj=DE0E276E497AB3784C3FC4CC20248DC0&page=63&pagesize=10#qBA76BA,https://oge.fipi.ru/bank/questions.php?proj=DE0E276E497AB3784C3FC4CC20248DC0&page=63#qBA76BA,verified_local_archive
7,5159B6,67,https://oge.fipi.ru/bank/questions.php?proj=DE0E276E497AB3784C3FC4CC20248DC0&page=67&pagesize=10#q5159B6,https://oge.fipi.ru/bank/questions.php?proj=DE0E276E497AB3784C3FC4CC20248DC0&page=67#q5159B6,verified_local_archive
7,E4D3B7,70,https://oge.fipi.ru/bank/questions.php?proj=DE0E276E497AB3784C3FC4CC20248DC0&page=70&pagesize=10#qE4D3B7,https://oge.fipi.ru/bank/questions.php?proj=DE0E276E497AB3784C3FC4CC20248DC0&page=70#qE4D3B7,verified_local_archive
7,3D87BB,72,https://oge.fipi.ru/bank/questions.php?proj=DE0E276E497AB3784C3FC4CC20248DC0&page=72&pagesize=10#q3D87BB,https://oge.fipi.ru/bank/questions.php?proj=DE0E276E497AB3784C3FC4CC20248DC0&page=72#q3D87BB,verified_local_archive
7,F4AE13,74,https://oge.fipi.ru/bank/questions.php?proj=DE0E276E497AB3784C3FC4CC20248DC0&page=74&pagesize=10#qF4AE13,https://oge.fipi.ru/bank/questions.php?proj=DE0E276E497AB3784C3FC4CC20248DC0&page=74#qF4AE13,verified_local_archive
7,BA6A17,76,https://oge.fipi.ru/bank/questions.php?proj=DE0E276E497AB3784C3FC4CC20248DC0&page=76&pagesize=10#qBA6A17,https://oge.fipi.ru/bank/questions.php?proj=DE0E276E497AB3784C3FC4CC20248DC0&page=76#qBA6A17,verified_local_archive
7,B59F1A,77,https://oge.fipi.ru/bank/questions.php?proj=DE0E276E497AB3784C3FC4CC20248DC0&page=77&pagesize=10#qB59F1A,https://oge.fipi.ru/bank/questions.php?proj=DE0E276E497AB3784C3FC4CC20248DC0&page=77#qB59F1A,verified_local_archive
7,68B11A,86,https://oge.fipi.ru/bank/questions.php?proj=DE0E276E497AB3784C3FC4CC20248DC0&page=86&pagesize=10#q68B11A,https://oge.fipi.ru/bank/questions.php?proj=DE0E276E497AB3784C3FC4CC20248DC0&page=86#q68B11A,verified_local_archive
7,32F618,88,https://oge.fipi.ru/bank/questions.php?proj=DE0E276E497AB3784C3FC4CC20248DC0&page=88&pagesize=10#q32F618,https://oge.fipi.ru/bank/questions.php?proj=DE0E276E497AB3784C3FC4CC20248DC0&page=88#q32F618,verified_local_archive
7,F9B223,91,https://oge.fipi.ru/bank/questions.php?proj=DE0E276E497AB3784C3FC4CC20248DC0&page=91&pagesize=10#qF9B223,https://oge.fipi.ru/bank/questions.php?proj=DE0E276E497AB3784C3FC4CC20248DC0&page=91#qF9B223,verified_local_archive
7,01C720,92,https://oge.fipi.ru/bank/questions.php?proj=DE0E276E497AB3784C3FC4CC20248DC0&page=92&pagesize=10#q01C720,https://oge.fipi.ru/bank/questions.php?proj=DE0E276E497AB3784C3FC4CC20248DC0&page=92#q01C720,verified_local_archive
7,B3D324,94,https://oge.fipi.ru/bank/questions.php?proj=DE0E276E497AB3784C3FC4CC20248DC0&page=94&pagesize=10#qB3D324,https://oge.fipi.ru/bank/questions.php?proj=DE0E276E497AB3784C3FC4CC20248DC0&page=94#qB3D324,verified_local_archive
7,DEB12D,97,https://oge.fipi.ru/bank/questions.php?proj=DE0E276E497AB3784C3FC4CC20248DC0&page=97&pagesize=10#qDEB12D,https://oge.fipi.ru/bank/questions.php?proj=DE0E276E497AB3784C3FC4CC20248DC0&page=97#qDEB12D,verified_local_archive
7,D2322E,98,https://oge.fipi.ru/bank/questions.php?proj=DE0E276E497AB3784C3FC4CC20248DC0&page=98&pagesize=10#qD2322E,https://oge.fipi.ru/bank/questions.php?proj=DE0E276E497AB3784C3FC4CC20248DC0&page=98#qD2322E,verified_local_archive
7,973F29,102,https://oge.fipi.ru/bank/questions.php?proj=DE0E276E497AB3784C3FC4CC20248DC0&page=102&pagesize=10#q973F29,https://oge.fipi.ru/bank/questions.php?proj=DE0E276E497AB3784C3FC4CC20248DC0&page=102#q973F29,verified_local_archive
7,9DBC28,102,https://oge.fipi.ru/bank/questions.php?proj=DE0E276E497AB3784C3FC4CC20248DC0&page=102&pagesize=10#q9DBC28,https://oge.fipi.ru/bank/questions.php?proj=DE0E276E497AB3784C3FC4CC20248DC0&page=102#q9DBC28,verified_local_archive
7,EA4E23,103,https://oge.fipi.ru/bank/questions.php?proj=DE0E276E497AB3784C3FC4CC20248DC0&page=103&pagesize=10#qEA4E23,https://oge.fipi.ru/bank/questions.php?proj=DE0E276E497AB3784C3FC4CC20248DC0&page=103#qEA4E23,verified_local_archive
7,8C0E23,105,https://oge.fipi.ru/bank/questions.php?proj=DE0E276E497AB3784C3FC4CC20248DC0&page=105&pagesize=10#q8C0E23,https://oge.fipi.ru/bank/questions.php?proj=DE0E276E497AB3784C3FC4CC20248DC0&page=105#q8C0E23,verified_local_archive
7,B64AD1,109,https://oge.fipi.ru/bank/questions.php?proj=DE0E276E497AB3784C3FC4CC20248DC0&page=109&pagesize=10#qB64AD1,https://oge.fipi.ru/bank/questions.php?proj=DE0E276E497AB3784C3FC4CC20248DC0&page=109#qB64AD1,verified_local_archive
7,2FC0DC,111,https://oge.fipi.ru/bank/questions.php?proj=DE0E276E497AB3784C3FC4CC20248DC0&page=111&pagesize=10#q2FC0DC,https://oge.fipi.ru/bank/questions.php?proj=DE0E276E497AB3784C3FC4CC20248DC0&page=111#q2FC0DC,verified_local_archive
7,2099DE,111,https://oge.fipi.ru/bank/questions.php?proj=DE0E276E497AB3784C3FC4CC20248DC0&page=111&pagesize=10#q2099DE,https://oge.fipi.ru/bank/questions.php?proj=DE0E276E497AB3784C3FC4CC20248DC0&page=111#q2099DE,verified_local_archive
7,CBA7D0,114,https://oge.fipi.ru/bank/questions.php?proj=DE0E276E497AB3784C3FC4CC20248DC0&page=114&pagesize=10#qCBA7D0,https://oge.fipi.ru/bank/questions.php?proj=DE0E276E497AB3784C3FC4CC20248DC0&page=114#qCBA7D0,verified_local_archive
7,9995D6,115,https://oge.fipi.ru/bank/questions.php?proj=DE0E276E497AB3784C3FC4CC20248DC0&page=115&pagesize=10#q9995D6,https://oge.fipi.ru/bank/questions.php?proj=DE0E276E497AB3784C3FC4CC20248DC0&page=115#q9995D6,verified_local_archive
7,4DD651,119,https://oge.fipi.ru/bank/questions.php?proj=DE0E276E497AB3784C3FC4CC20248DC0&page=119&pagesize=10#q4DD651,https://oge.fipi.ru/bank/questions.php?proj=DE0E276E497AB3784C3FC4CC20248DC0&page=119#q4DD651,verified_local_archive
7,714C50,121,https://oge.fipi.ru/bank/questions.php?proj=DE0E276E497AB3784C3FC4CC20248DC0&page=121&pagesize=10#q714C50,https://oge.fipi.ru/bank/questions.php?proj=DE0E276E497AB3784C3FC4CC20248DC0&page=121#q714C50,verified_local_archive
7,DF4D5B,125,https://oge.fipi.ru/bank/questions.php?proj=DE0E276E497AB3784C3FC4CC20248DC0&page=125&pagesize=10#qDF4D5B,https://oge.fipi.ru/bank/questions.php?proj=DE0E276E497AB3784C3FC4CC20248DC0&page=125#qDF4D5B,verified_local_archive
7,A6FF59,127,https://oge.fipi.ru/bank/questions.php?proj=DE0E276E497AB3784C3FC4CC20248DC0&page=127&pagesize=10#qA6FF59,https://oge.fipi.ru/bank/questions.php?proj=DE0E276E497AB3784C3FC4CC20248DC0&page=127#qA6FF59,verified_local_archive
7,A7075E,127,https://oge.fipi.ru/bank/questions.php?proj=DE0E276E497AB3784C3FC4CC20248DC0&page=127&pagesize=10#qA7075E,https://oge.fipi.ru/bank/questions.php?proj=DE0E276E497AB3784C3FC4CC20248DC0&page=127#qA7075E,verified_local_archive
7,E2C456,129,https://oge.fipi.ru/bank/questions.php?proj=DE0E276E497AB3784C3FC4CC20248DC0&page=129&pagesize=10#qE2C456,https://oge.fipi.ru/bank/questions.php?proj=DE0E276E497AB3784C3FC4CC20248DC0&page=129#qE2C456,verified_local_archive
7,69B952,130,https://oge.fipi.ru/bank/questions.php?proj=DE0E276E497AB3784C3FC4CC20248DC0&page=130&pagesize=10#q69B952,https://oge.fipi.ru/bank/questions.php?proj=DE0E276E497AB3784C3FC4CC20248DC0&page=130#q69B952,verified_local_archive
7,227CAA,138,https://oge.fipi.ru/bank/questions.php?proj=DE0E276E497AB3784C3FC4CC20248DC0&page=138&pagesize=10#q227CAA,https://oge.fipi.ru/bank/questions.php?proj=DE0E276E497AB3784C3FC4CC20248DC0&page=138#q227CAA,verified_local_archive
7,CAB6AD,141,https://oge.fipi.ru/bank/questions.php?proj=DE0E276E497AB3784C3FC4CC20248DC0&page=141&pagesize=10#qCAB6AD,https://oge.fipi.ru/bank/questions.php?proj=DE0E276E497AB3784C3FC4CC20248DC0&page=141#qCAB6AD,verified_local_archive
7,648BA1,143,https://oge.fipi.ru/bank/questions.php?proj=DE0E276E497AB3784C3FC4CC20248DC0&page=143&pagesize=10#q648BA1,https://oge.fipi.ru/bank/questions.php?proj=DE0E276E497AB3784C3FC4CC20248DC0&page=143#q648BA1,verified_local_archive
7,F742C9,147,https://oge.fipi.ru/bank/questions.php?proj=DE0E276E497AB3784C3FC4CC20248DC0&page=147&pagesize=10#qF742C9,https://oge.fipi.ru/bank/questions.php?proj=DE0E276E497AB3784C3FC4CC20248DC0&page=147#qF742C9,verified_local_archive
7,1D51CF,151,https://oge.fipi.ru/bank/questions.php?proj=DE0E276E497AB3784C3FC4CC20248DC0&page=151&pagesize=10#q1D51CF,https://oge.fipi.ru/bank/questions.php?proj=DE0E276E497AB3784C3FC4CC20248DC0&page=151#q1D51CF,verified_local_archive
7,DBE8C2,152,https://oge.fipi.ru/bank/questions.php?proj=DE0E276E497AB3784C3FC4CC20248DC0&page=152&pagesize=10#qDBE8C2,https://oge.fipi.ru/bank/questions.php?proj=DE0E276E497AB3784C3FC4CC20248DC0&page=152#qDBE8C2,verified_local_archive
7,A9D8C0,153,https://oge.fipi.ru/bank/questions.php?proj=DE0E276E497AB3784C3FC4CC20248DC0&page=153&pagesize=10#qA9D8C0,https://oge.fipi.ru/bank/questions.php?proj=DE0E276E497AB3784C3FC4CC20248DC0&page=153#qA9D8C0,verified_local_archive
7,3069CE,158,https://oge.fipi.ru/bank/questions.php?proj=DE0E276E497AB3784C3FC4CC20248DC0&page=158&pagesize=10#q3069CE,https://oge.fipi.ru/bank/questions.php?proj=DE0E276E497AB3784C3FC4CC20248DC0&page=158#q3069CE,verified_local_archive
7,89DAC4,158,https://oge.fipi.ru/bank/questions.php?proj=DE0E276E497AB3784C3FC4CC20248DC0&page=158&pagesize=10#q89DAC4,https://oge.fipi.ru/bank/questions.php?proj=DE0E276E497AB3784C3FC4CC20248DC0&page=158#q89DAC4,verified_local_archive
7,8FDDC0,159,https://oge.fipi.ru/bank/questions.php?proj=DE0E276E497AB3784C3FC4CC20248DC0&page=159&pagesize=10#q8FDDC0,https://oge.fipi.ru/bank/questions.php?proj=DE0E276E497AB3784C3FC4CC20248DC0&page=159#q8FDDC0,verified_local_archive
7,7F3494,162,https://oge.fipi.ru/bank/questions.php?proj=DE0E276E497AB3784C3FC4CC20248DC0&page=162&pagesize=10#q7F3494,https://oge.fipi.ru/bank/questions.php?proj=DE0E276E497AB3784C3FC4CC20248DC0&page=162#q7F3494,verified_local_archive
7,BD5F9E,164,https://oge.fipi.ru/bank/questions.php?proj=DE0E276E497AB3784C3FC4CC20248DC0&page=164&pagesize=10#qBD5F9E,https://oge.fipi.ru/bank/questions.php?proj=DE0E276E497AB3784C3FC4CC20248DC0&page=164#qBD5F9E,verified_local_archive
7,97DD9C,169,https://oge.fipi.ru/bank/questions.php?proj=DE0E276E497AB3784C3FC4CC20248DC0&page=169&pagesize=10#q97DD9C,https://oge.fipi.ru/bank/questions.php?proj=DE0E276E497AB3784C3FC4CC20248DC0&page=169#q97DD9C,verified_local_archive
7,E2D291,170,https://oge.fipi.ru/bank/questions.php?proj=DE0E276E497AB3784C3FC4CC20248DC0&page=170&pagesize=10#qE2D291,https://oge.fipi.ru/bank/questions.php?proj=DE0E276E497AB3784C3FC4CC20248DC0&page=170#qE2D291,verified_local_archive
7,334690,172,https://oge.fipi.ru/bank/questions.php?proj=DE0E276E497AB3784C3FC4CC20248DC0&page=172&pagesize=10#q334690,https://oge.fipi.ru/bank/questions.php?proj=DE0E276E497AB3784C3FC4CC20248DC0&page=172#q334690,verified_local_archive
7,819E97,173,https://oge.fipi.ru/bank/questions.php?proj=DE0E276E497AB3784C3FC4CC20248DC0&page=173&pagesize=10#q819E97,https://oge.fipi.ru/bank/questions.php?proj=DE0E276E497AB3784C3FC4CC20248DC0&page=173#q819E97,verified_local_archive
7,D05DE1,180,https://oge.fipi.ru/bank/questions.php?proj=DE0E276E497AB3784C3FC4CC20248DC0&page=180&pagesize=10#qD05DE1,https://oge.fipi.ru/bank/questions.php?proj=DE0E276E497AB3784C3FC4CC20248DC0&page=180#qD05DE1,verified_local_archive
7,EC80EC,184,https://oge.fipi.ru/bank/questions.php?proj=DE0E276E497AB3784C3FC4CC20248DC0&page=184&pagesize=10#qEC80EC,https://oge.fipi.ru/bank/questions.php?proj=DE0E276E497AB3784C3FC4CC20248DC0&page=184#qEC80EC,verified_local_archive
7,315EE8,186,https://oge.fipi.ru/bank/questions.php?proj=DE0E276E497AB3784C3FC4CC20248DC0&page=186&pagesize=10#q315EE8,https://oge.fipi.ru/bank/questions.php?proj=DE0E276E497AB3784C3FC4CC20248DC0&page=186#q315EE8,verified_local_archive
7,8B9AE8,187,https://oge.fipi.ru/bank/questions.php?proj=DE0E276E497AB3784C3FC4CC20248DC0&page=187&pagesize=10#q8B9AE8,https://oge.fipi.ru/bank/questions.php?proj=DE0E276E497AB3784C3FC4CC20248DC0&page=187#q8B9AE8,verified_local_archive
7,762769,191,https://oge.fipi.ru/bank/questions.php?proj=DE0E276E497AB3784C3FC4CC20248DC0&page=191&pagesize=10#q762769,https://oge.fipi.ru/bank/questions.php?proj=DE0E276E497AB3784C3FC4CC20248DC0&page=191#q762769,verified_local_archive
7,AEE26C,197,https://oge.fipi.ru/bank/questions.php?proj=DE0E276E497AB3784C3FC4CC20248DC0&page=197&pagesize=10#qAEE26C,https://oge.fipi.ru/bank/questions.php?proj=DE0E276E497AB3784C3FC4CC20248DC0&page=197#qAEE26C,verified_local_archive
7,37F463,202,https://oge.fipi.ru/bank/questions.php?proj=DE0E276E497AB3784C3FC4CC20248DC0&page=202&pagesize=10#q37F463,https://oge.fipi.ru/bank/questions.php?proj=DE0E276E497AB3784C3FC4CC20248DC0&page=202#q37F463,verified_local_archive
7,7A5F3E,206,https://oge.fipi.ru/bank/questions.php?proj=DE0E276E497AB3784C3FC4CC20248DC0&page=206&pagesize=10#q7A5F3E,https://oge.fipi.ru/bank/questions.php?proj=DE0E276E497AB3784C3FC4CC20248DC0&page=206#q7A5F3E,verified_local_archive
7,2C9735,208,https://oge.fipi.ru/bank/questions.php?proj=DE0E276E497AB3784C3FC4CC20248DC0&page=208&pagesize=10#q2C9735,https://oge.fipi.ru/bank/questions.php?proj=DE0E276E497AB3784C3FC4CC20248DC0&page=208#q2C9735,verified_local_archive
7,9FB83E,213,https://oge.fipi.ru/bank/questions.php?proj=DE0E276E497AB3784C3FC4CC20248DC0&page=213&pagesize=10#q9FB83E,https://oge.fipi.ru/bank/questions.php?proj=DE0E276E497AB3784C3FC4CC20248DC0&page=213#q9FB83E,verified_local_archive
7,FA9985,218,https://oge.fipi.ru/bank/questions.php?proj=DE0E276E497AB3784C3FC4CC20248DC0&page=218&pagesize=10#qFA9985,https://oge.fipi.ru/bank/questions.php?proj=DE0E276E497AB3784C3FC4CC20248DC0&page=218#qFA9985,verified_local_archive
7,7C3782,220,https://oge.fipi.ru/bank/questions.php?proj=DE0E276E497AB3784C3FC4CC20248DC0&page=220&pagesize=10#q7C3782,https://oge.fipi.ru/bank/questions.php?proj=DE0E276E497AB3784C3FC4CC20248DC0&page=220#q7C3782,verified_local_archive
7,B71988,220,https://oge.fipi.ru/bank/questions.php?proj=DE0E276E497AB3784C3FC4CC20248DC0&page=220&pagesize=10#qB71988,https://oge.fipi.ru/bank/questions.php?proj=DE0E276E497AB3784C3FC4CC20248DC0&page=220#qB71988,verified_local_archive
7,D0D985,223,https://oge.fipi.ru/bank/questions.php?proj=DE0E276E497AB3784C3FC4CC20248DC0&page=223&pagesize=10#qD0D985,https://oge.fipi.ru/bank/questions.php?proj=DE0E276E497AB3784C3FC4CC20248DC0&page=223#qD0D985,verified_local_archive
7,60DA89,229,https://oge.fipi.ru/bank/questions.php?proj=DE0E276E497AB3784C3FC4CC20248DC0&page=229&pagesize=10#q60DA89,https://oge.fipi.ru/bank/questions.php?proj=DE0E276E497AB3784C3FC4CC20248DC0&page=229#q60DA89,verified_local_archive
7,9DCF4D,10,https://oge.fipi.ru/bank/questions.php?proj=DE0E276E497AB3784C3FC4CC20248DC0&page=10&pagesize=10#q9DCF4D,https://oge.fipi.ru/bank/questions.php?proj=DE0E276E497AB3784C3FC4CC20248DC0&page=10#q9DCF4D,verified_local_archive
7,E34047,11,https://oge.fipi.ru/bank/questions.php?proj=DE0E276E497AB3784C3FC4CC20248DC0&page=11&pagesize=10#qE34047,https://oge.fipi.ru/bank/questions.php?proj=DE0E276E497AB3784C3FC4CC20248DC0&page=11#qE34047,verified_local_archive
7,C257F8,26,https://oge.fipi.ru/bank/questions.php?proj=DE0E276E497AB3784C3FC4CC20248DC0&page=26&pagesize=10#qC257F8,https://oge.fipi.ru/bank/questions.php?proj=DE0E276E497AB3784C3FC4CC20248DC0&page=26#qC257F8,verified_local_archive
7,9029F5,26,https://oge.fipi.ru/bank/questions.php?proj=DE0E276E497AB3784C3FC4CC20248DC0&page=26&pagesize=10#q9029F5,https://oge.fipi.ru/bank/questions.php?proj=DE0E276E497AB3784C3FC4CC20248DC0&page=26#q9029F5,verified_local_archive
7,EFACFA,27,https://oge.fipi.ru/bank/questions.php?proj=DE0E276E497AB3784C3FC4CC20248DC0&page=27&pagesize=10#qEFACFA,https://oge.fipi.ru/bank/questions.php?proj=DE0E276E497AB3784C3FC4CC20248DC0&page=27#qEFACFA,verified_local_archive
7,B00E05,33,https://oge.fipi.ru/bank/questions.php?proj=DE0E276E497AB3784C3FC4CC20248DC0&page=33&pagesize=10#qB00E05,https://oge.fipi.ru/bank/questions.php?proj=DE0E276E497AB3784C3FC4CC20248DC0&page=33#qB00E05,verified_local_archive
7,596B05,37,https://oge.fipi.ru/bank/questions.php?proj=DE0E276E497AB3784C3FC4CC20248DC0&page=37&pagesize=10#q596B05,https://oge.fipi.ru/bank/questions.php?proj=DE0E276E497AB3784C3FC4CC20248DC0&page=37#q596B05,verified_local_archive
7,61230E,41,https://oge.fipi.ru/bank/questions.php?proj=DE0E276E497AB3784C3FC4CC20248DC0&page=41&pagesize=10#q61230E,https://oge.fipi.ru/bank/questions.php?proj=DE0E276E497AB3784C3FC4CC20248DC0&page=41#q61230E,verified_local_archive
7,087F7B,46,https://oge.fipi.ru/bank/questions.php?proj=DE0E276E497AB3784C3FC4CC20248DC0&page=46&pagesize=10#q087F7B,https://oge.fipi.ru/bank/questions.php?proj=DE0E276E497AB3784C3FC4CC20248DC0&page=46#q087F7B,verified_local_archive
7,775677,46,https://oge.fipi.ru/bank/questions.php?proj=DE0E276E497AB3784C3FC4CC20248DC0&page=46&pagesize=10#q775677,https://oge.fipi.ru/bank/questions.php?proj=DE0E276E497AB3784C3FC4CC20248DC0&page=46#q775677,verified_local_archive
7,CF457C,53,https://oge.fipi.ru/bank/questions.php?proj=DE0E276E497AB3784C3FC4CC20248DC0&page=53&pagesize=10#qCF457C,https://oge.fipi.ru/bank/questions.php?proj=DE0E276E497AB3784C3FC4CC20248DC0&page=53#qCF457C,verified_local_archive
7,9444BA,69,https://oge.fipi.ru/bank/questions.php?proj=DE0E276E497AB3784C3FC4CC20248DC0&page=69&pagesize=10#q9444BA,https://oge.fipi.ru/bank/questions.php?proj=DE0E276E497AB3784C3FC4CC20248DC0&page=69#q9444BA,verified_local_archive
7,F0091E,74,https://oge.fipi.ru/bank/questions.php?proj=DE0E276E497AB3784C3FC4CC20248DC0&page=74&pagesize=10#qF0091E,https://oge.fipi.ru/bank/questions.php?proj=DE0E276E497AB3784C3FC4CC20248DC0&page=74#qF0091E,verified_local_archive
7,63AD19,86,https://oge.fipi.ru/bank/questions.php?proj=DE0E276E497AB3784C3FC4CC20248DC0&page=86&pagesize=10#q63AD19,https://oge.fipi.ru/bank/questions.php?proj=DE0E276E497AB3784C3FC4CC20248DC0&page=86#q63AD19,verified_local_archive
7,BC1F2C,95,https://oge.fipi.ru/bank/questions.php?proj=DE0E276E497AB3784C3FC4CC20248DC0&page=95&pagesize=10#qBC1F2C,https://oge.fipi.ru/bank/questions.php?proj=DE0E276E497AB3784C3FC4CC20248DC0&page=95#qBC1F2C,verified_local_archive
7,D23851,125,https://oge.fipi.ru/bank/questions.php?proj=DE0E276E497AB3784C3FC4CC20248DC0&page=125&pagesize=10#qD23851,https://oge.fipi.ru/bank/questions.php?proj=DE0E276E497AB3784C3FC4CC20248DC0&page=125#qD23851,verified_local_archive
7,35275B,131,https://oge.fipi.ru/bank/questions.php?proj=DE0E276E497AB3784C3FC4CC20248DC0&page=131&pagesize=10#q35275B,https://oge.fipi.ru/bank/questions.php?proj=DE0E276E497AB3784C3FC4CC20248DC0&page=131#q35275B,verified_local_archive
7,7112A5,136,https://oge.fipi.ru/bank/questions.php?proj=DE0E276E497AB3784C3FC4CC20248DC0&page=136&pagesize=10#q7112A5,https://oge.fipi.ru/bank/questions.php?proj=DE0E276E497AB3784C3FC4CC20248DC0&page=136#q7112A5,verified_local_archive
7,B4A1A7,136,https://oge.fipi.ru/bank/questions.php?proj=DE0E276E497AB3784C3FC4CC20248DC0&page=136&pagesize=10#qB4A1A7,https://oge.fipi.ru/bank/questions.php?proj=DE0E276E497AB3784C3FC4CC20248DC0&page=136#qB4A1A7,verified_local_archive
7,54D6A9,140,https://oge.fipi.ru/bank/questions.php?proj=DE0E276E497AB3784C3FC4CC20248DC0&page=140&pagesize=10#q54D6A9,https://oge.fipi.ru/bank/questions.php?proj=DE0E276E497AB3784C3FC4CC20248DC0&page=140#q54D6A9,verified_local_archive
7,AE8DA0,140,https://oge.fipi.ru/bank/questions.php?proj=DE0E276E497AB3784C3FC4CC20248DC0&page=140&pagesize=10#qAE8DA0,https://oge.fipi.ru/bank/questions.php?proj=DE0E276E497AB3784C3FC4CC20248DC0&page=140#qAE8DA0,verified_local_archive
7,6BFAAA,143,https://oge.fipi.ru/bank/questions.php?proj=DE0E276E497AB3784C3FC4CC20248DC0&page=143&pagesize=10#q6BFAAA,https://oge.fipi.ru/bank/questions.php?proj=DE0E276E497AB3784C3FC4CC20248DC0&page=143#q6BFAAA,verified_local_archive
7,F35DCA,147,https://oge.fipi.ru/bank/questions.php?proj=DE0E276E497AB3784C3FC4CC20248DC0&page=147&pagesize=10#qF35DCA,https://oge.fipi.ru/bank/questions.php?proj=DE0E276E497AB3784C3FC4CC20248DC0&page=147#qF35DCA,verified_local_archive
7,1897C0,151,https://oge.fipi.ru/bank/questions.php?proj=DE0E276E497AB3784C3FC4CC20248DC0&page=151&pagesize=10#q1897C0,https://oge.fipi.ru/bank/questions.php?proj=DE0E276E497AB3784C3FC4CC20248DC0&page=151#q1897C0,verified_local_archive
7,2B21CA,152,https://oge.fipi.ru/bank/questions.php?proj=DE0E276E497AB3784C3FC4CC20248DC0&page=152&pagesize=10#q2B21CA,https://oge.fipi.ru/bank/questions.php?proj=DE0E276E497AB3784C3FC4CC20248DC0&page=152#q2B21CA,verified_local_archive
7,A830C2,154,https://oge.fipi.ru/bank/questions.php?proj=DE0E276E497AB3784C3FC4CC20248DC0&page=154&pagesize=10#qA830C2,https://oge.fipi.ru/bank/questions.php?proj=DE0E276E497AB3784C3FC4CC20248DC0&page=154#qA830C2,verified_local_archive
7,9C31C3,156,https://oge.fipi.ru/bank/questions.php?proj=DE0E276E497AB3784C3FC4CC20248DC0&page=156&pagesize=10#q9C31C3,https://oge.fipi.ru/bank/questions.php?proj=DE0E276E497AB3784C3FC4CC20248DC0&page=156#q9C31C3,verified_local_archive
7,E53CC3,157,https://oge.fipi.ru/bank/questions.php?proj=DE0E276E497AB3784C3FC4CC20248DC0&page=157&pagesize=10#qE53CC3,https://oge.fipi.ru/bank/questions.php?proj=DE0E276E497AB3784C3FC4CC20248DC0&page=157#qE53CC3,verified_local_archive
7,6D8DC8,158,https://oge.fipi.ru/bank/questions.php?proj=DE0E276E497AB3784C3FC4CC20248DC0&page=158&pagesize=10#q6D8DC8,https://oge.fipi.ru/bank/questions.php?proj=DE0E276E497AB3784C3FC4CC20248DC0&page=158#q6D8DC8,verified_local_archive
7,363DC3,158,https://oge.fipi.ru/bank/questions.php?proj=DE0E276E497AB3784C3FC4CC20248DC0&page=158&pagesize=10#q363DC3,https://oge.fipi.ru/bank/questions.php?proj=DE0E276E497AB3784C3FC4CC20248DC0&page=158#q363DC3,verified_local_archive
7,894EC0,159,https://oge.fipi.ru/bank/questions.php?proj=DE0E276E497AB3784C3FC4CC20248DC0&page=159&pagesize=10#q894EC0,https://oge.fipi.ru/bank/questions.php?proj=DE0E276E497AB3784C3FC4CC20248DC0&page=159#q894EC0,verified_local_archive
7,8F44CC,159,https://oge.fipi.ru/bank/questions.php?proj=DE0E276E497AB3784C3FC4CC20248DC0&page=159&pagesize=10#q8F44CC,https://oge.fipi.ru/bank/questions.php?proj=DE0E276E497AB3784C3FC4CC20248DC0&page=159#q8F44CC,verified_local_archive
7,0A0A91,161,https://oge.fipi.ru/bank/questions.php?proj=DE0E276E497AB3784C3FC4CC20248DC0&page=161&pagesize=10#q0A0A91,https://oge.fipi.ru/bank/questions.php?proj=DE0E276E497AB3784C3FC4CC20248DC0&page=161#q0A0A91,verified_local_archive
7,0CCA9A,162,https://oge.fipi.ru/bank/questions.php?proj=DE0E276E497AB3784C3FC4CC20248DC0&page=162&pagesize=10#q0CCA9A,https://oge.fipi.ru/bank/questions.php?proj=DE0E276E497AB3784C3FC4CC20248DC0&page=162#q0CCA9A,verified_local_archive
7,B43399,163,https://oge.fipi.ru/bank/questions.php?proj=DE0E276E497AB3784C3FC4CC20248DC0&page=163&pagesize=10#qB43399,https://oge.fipi.ru/bank/questions.php?proj=DE0E276E497AB3784C3FC4CC20248DC0&page=163#qB43399,verified_local_archive
7,236B9E,165,https://oge.fipi.ru/bank/questions.php?proj=DE0E276E497AB3784C3FC4CC20248DC0&page=165&pagesize=10#q236B9E,https://oge.fipi.ru/bank/questions.php?proj=DE0E276E497AB3784C3FC4CC20248DC0&page=165#q236B9E,verified_local_archive
7,DB2197,166,https://oge.fipi.ru/bank/questions.php?proj=DE0E276E497AB3784C3FC4CC20248DC0&page=166&pagesize=10#qDB2197,https://oge.fipi.ru/bank/questions.php?proj=DE0E276E497AB3784C3FC4CC20248DC0&page=166#qDB2197,verified_local_archive
7,94BE98,170,https://oge.fipi.ru/bank/questions.php?proj=DE0E276E497AB3784C3FC4CC20248DC0&page=170&pagesize=10#q94BE98,https://oge.fipi.ru/bank/questions.php?proj=DE0E276E497AB3784C3FC4CC20248DC0&page=170#q94BE98,verified_local_archive
7,671B9A,172,https://oge.fipi.ru/bank/questions.php?proj=DE0E276E497AB3784C3FC4CC20248DC0&page=172&pagesize=10#q671B9A,https://oge.fipi.ru/bank/questions.php?proj=DE0E276E497AB3784C3FC4CC20248DC0&page=172#q671B9A,verified_local_archive
7,42DBE1,174,https://oge.fipi.ru/bank/questions.php?proj=DE0E276E497AB3784C3FC4CC20248DC0&page=174&pagesize=10#q42DBE1,https://oge.fipi.ru/bank/questions.php?proj=DE0E276E497AB3784C3FC4CC20248DC0&page=174#q42DBE1,verified_local_archive
7,0835E0,176,https://oge.fipi.ru/bank/questions.php?proj=DE0E276E497AB3784C3FC4CC20248DC0&page=176&pagesize=10#q0835E0,https://oge.fipi.ru/bank/questions.php?proj=DE0E276E497AB3784C3FC4CC20248DC0&page=176#q0835E0,verified_local_archive
7,BEC0E9,177,https://oge.fipi.ru/bank/questions.php?proj=DE0E276E497AB3784C3FC4CC20248DC0&page=177&pagesize=10#qBEC0E9,https://oge.fipi.ru/bank/questions.php?proj=DE0E276E497AB3784C3FC4CC20248DC0&page=177#qBEC0E9,verified_local_archive
7,1C1FEB,177,https://oge.fipi.ru/bank/questions.php?proj=DE0E276E497AB3784C3FC4CC20248DC0&page=177&pagesize=10#q1C1FEB,https://oge.fipi.ru/bank/questions.php?proj=DE0E276E497AB3784C3FC4CC20248DC0&page=177#q1C1FEB,verified_local_archive
7,305AE8,186,https://oge.fipi.ru/bank/questions.php?proj=DE0E276E497AB3784C3FC4CC20248DC0&page=186&pagesize=10#q305AE8,https://oge.fipi.ru/bank/questions.php?proj=DE0E276E497AB3784C3FC4CC20248DC0&page=186#q305AE8,verified_local_archive
7,FBAC66,189,https://oge.fipi.ru/bank/questions.php?proj=DE0E276E497AB3784C3FC4CC20248DC0&page=189&pagesize=10#qFBAC66,https://oge.fipi.ru/bank/questions.php?proj=DE0E276E497AB3784C3FC4CC20248DC0&page=189#qFBAC66,verified_local_archive
7,FA4263,190,https://oge.fipi.ru/bank/questions.php?proj=DE0E276E497AB3784C3FC4CC20248DC0&page=190&pagesize=10#qFA4263,https://oge.fipi.ru/bank/questions.php?proj=DE0E276E497AB3784C3FC4CC20248DC0&page=190#qFA4263,verified_local_archive
7,088A64,190,https://oge.fipi.ru/bank/questions.php?proj=DE0E276E497AB3784C3FC4CC20248DC0&page=190&pagesize=10#q088A64,https://oge.fipi.ru/bank/questions.php?proj=DE0E276E497AB3784C3FC4CC20248DC0&page=190#q088A64,verified_local_archive
7,1F8761,193,https://oge.fipi.ru/bank/questions.php?proj=DE0E276E497AB3784C3FC4CC20248DC0&page=193&pagesize=10#q1F8761,https://oge.fipi.ru/bank/questions.php?proj=DE0E276E497AB3784C3FC4CC20248DC0&page=193#q1F8761,verified_local_archive
7,5A3164,194,https://oge.fipi.ru/bank/questions.php?proj=DE0E276E497AB3784C3FC4CC20248DC0&page=194&pagesize=10#q5A3164,https://oge.fipi.ru/bank/questions.php?proj=DE0E276E497AB3784C3FC4CC20248DC0&page=194#q5A3164,verified_local_archive
7,1A0438,208,https://oge.fipi.ru/bank/questions.php?proj=DE0E276E497AB3784C3FC4CC20248DC0&page=208&pagesize=10#q1A0438,https://oge.fipi.ru/bank/questions.php?proj=DE0E276E497AB3784C3FC4CC20248DC0&page=208#q1A0438,verified_local_archive
7,A9B13C,211,https://oge.fipi.ru/bank/questions.php?proj=DE0E276E497AB3784C3FC4CC20248DC0&page=211&pagesize=10#qA9B13C,https://oge.fipi.ru/bank/questions.php?proj=DE0E276E497AB3784C3FC4CC20248DC0&page=211#qA9B13C,verified_local_archive
7,EE0637,213,https://oge.fipi.ru/bank/questions.php?proj=DE0E276E497AB3784C3FC4CC20248DC0&page=213&pagesize=10#qEE0637,https://oge.fipi.ru/bank/questions.php?proj=DE0E276E497AB3784C3FC4CC20248DC0&page=213#qEE0637,verified_local_archive
7,453B45,0,https://oge.fipi.ru/bank/questions.php?proj=DE0E276E497AB3784C3FC4CC20248DC0&page=0&pagesize=10#q453B45,https://oge.fipi.ru/bank/questions.php?proj=DE0E276E497AB3784C3FC4CC20248DC0&page=0#q453B45,verified_local_archive
7,9BFC49,10,https://oge.fipi.ru/bank/questions.php?proj=DE0E276E497AB3784C3FC4CC20248DC0&page=10&pagesize=10#q9BFC49,https://oge.fipi.ru/bank/questions.php?proj=DE0E276E497AB3784C3FC4CC20248DC0&page=10#q9BFC49,verified_local_archive
7,F79579,45,https://oge.fipi.ru/bank/questions.php?proj=DE0E276E497AB3784C3FC4CC20248DC0&page=45&pagesize=10#qF79579,https://oge.fipi.ru/bank/questions.php?proj=DE0E276E497AB3784C3FC4CC20248DC0&page=45#qF79579,verified_local_archive
7,D0C118,81,https://oge.fipi.ru/bank/questions.php?proj=DE0E276E497AB3784C3FC4CC20248DC0&page=81&pagesize=10#qD0C118,https://oge.fipi.ru/bank/questions.php?proj=DE0E276E497AB3784C3FC4CC20248DC0&page=81#qD0C118,verified_local_archive
7,F08D22,91,https://oge.fipi.ru/bank/questions.php?proj=DE0E276E497AB3784C3FC4CC20248DC0&page=91&pagesize=10#qF08D22,https://oge.fipi.ru/bank/questions.php?proj=DE0E276E497AB3784C3FC4CC20248DC0&page=91#qF08D22,verified_local_archive
7,F38B2D,91,https://oge.fipi.ru/bank/questions.php?proj=DE0E276E497AB3784C3FC4CC20248DC0&page=91&pagesize=10#qF38B2D,https://oge.fipi.ru/bank/questions.php?proj=DE0E276E497AB3784C3FC4CC20248DC0&page=91#qF38B2D,verified_local_archive
7,6985CA,157,https://oge.fipi.ru/bank/questions.php?proj=DE0E276E497AB3784C3FC4CC20248DC0&page=157&pagesize=10#q6985CA,https://oge.fipi.ru/bank/questions.php?proj=DE0E276E497AB3784C3FC4CC20248DC0&page=157#q6985CA,verified_local_archive
7,993392,169,https://oge.fipi.ru/bank/questions.php?proj=DE0E276E497AB3784C3FC4CC20248DC0&page=169&pagesize=10#q993392,https://oge.fipi.ru/bank/questions.php?proj=DE0E276E497AB3784C3FC4CC20248DC0&page=169#q993392,verified_local_archive
7,89913D,216,https://oge.fipi.ru/bank/questions.php?proj=DE0E276E497AB3784C3FC4CC20248DC0&page=216&pagesize=10#q89913D,https://oge.fipi.ru/bank/questions.php?proj=DE0E276E497AB3784C3FC4CC20248DC0&page=216#q89913D,verified_local_archive
7,13FF81,221,https://oge.fipi.ru/bank/questions.php?proj=DE0E276E497AB3784C3FC4CC20248DC0&page=221&pagesize=10#q13FF81,https://oge.fipi.ru/bank/questions.php?proj=DE0E276E497AB3784C3FC4CC20248DC0&page=221#q13FF81,verified_local_archive
8,F36046,1,https://oge.fipi.ru/bank/questions.php?proj=DE0E276E497AB3784C3FC4CC20248DC0&page=1&pagesize=10#qF36046,https://oge.fipi.ru/bank/questions.php?proj=DE0E276E497AB3784C3FC4CC20248DC0&page=1#qF36046,verified_local_archive
8,70D149,3,https://oge.fipi.ru/bank/questions.php?proj=DE0E276E497AB3784C3FC4CC20248DC0&page=3&pagesize=10#q70D149,https://oge.fipi.ru/bank/questions.php?proj=DE0E276E497AB3784C3FC4CC20248DC0&page=3#q70D149,verified_local_archive
8,B7F941,3,https://oge.fipi.ru/bank/questions.php?proj=DE0E276E497AB3784C3FC4CC20248DC0&page=3&pagesize=10#qB7F941,https://oge.fipi.ru/bank/questions.php?proj=DE0E276E497AB3784C3FC4CC20248DC0&page=3#qB7F941,verified_local_archive
8,238A42,5,https://oge.fipi.ru/bank/questions.php?proj=DE0E276E497AB3784C3FC4CC20248DC0&page=5&pagesize=10#q238A42,https://oge.fipi.ru/bank/questions.php?proj=DE0E276E497AB3784C3FC4CC20248DC0&page=5#q238A42,verified_local_archive
8,217049,5,https://oge.fipi.ru/bank/questions.php?proj=DE0E276E497AB3784C3FC4CC20248DC0&page=5&pagesize=10#q217049,https://oge.fipi.ru/bank/questions.php?proj=DE0E276E497AB3784C3FC4CC20248DC0&page=5#q217049,verified_local_archive
8,D4F24A,6,https://oge.fipi.ru/bank/questions.php?proj=DE0E276E497AB3784C3FC4CC20248DC0&page=6&pagesize=10#qD4F24A,https://oge.fipi.ru/bank/questions.php?proj=DE0E276E497AB3784C3FC4CC20248DC0&page=6#qD4F24A,verified_local_archive
8,508746,7,https://oge.fipi.ru/bank/questions.php?proj=DE0E276E497AB3784C3FC4CC20248DC0&page=7&pagesize=10#q508746,https://oge.fipi.ru/bank/questions.php?proj=DE0E276E497AB3784C3FC4CC20248DC0&page=7#q508746,verified_local_archive
8,A61940,8,https://oge.fipi.ru/bank/questions.php?proj=DE0E276E497AB3784C3FC4CC20248DC0&page=8&pagesize=10#qA61940,https://oge.fipi.ru/bank/questions.php?proj=DE0E276E497AB3784C3FC4CC20248DC0&page=8#qA61940,verified_local_archive
8,A79C42,8,https://oge.fipi.ru/bank/questions.php?proj=DE0E276E497AB3784C3FC4CC20248DC0&page=8&pagesize=10#qA79C42,https://oge.fipi.ru/bank/questions.php?proj=DE0E276E497AB3784C3FC4CC20248DC0&page=8#qA79C42,verified_local_archive
8,A9E845,8,https://oge.fipi.ru/bank/questions.php?proj=DE0E276E497AB3784C3FC4CC20248DC0&page=8&pagesize=10#qA9E845,https://oge.fipi.ru/bank/questions.php?proj=DE0E276E497AB3784C3FC4CC20248DC0&page=8#qA9E845,verified_local_archive
8,C79348,9,https://oge.fipi.ru/bank/questions.php?proj=DE0E276E497AB3784C3FC4CC20248DC0&page=9&pagesize=10#qC79348,https://oge.fipi.ru/bank/questions.php?proj=DE0E276E497AB3784C3FC4CC20248DC0&page=9#qC79348,verified_local_archive
8,ED0F47,11,https://oge.fipi.ru/bank/questions.php?proj=DE0E276E497AB3784C3FC4CC20248DC0&page=11&pagesize=10#qED0F47,https://oge.fipi.ru/bank/questions.php?proj=DE0E276E497AB3784C3FC4CC20248DC0&page=11#qED0F47,verified_local_archive
8,ED0542,11,https://oge.fipi.ru/bank/questions.php?proj=DE0E276E497AB3784C3FC4CC20248DC0&page=11&pagesize=10#qED0542,https://oge.fipi.ru/bank/questions.php?proj=DE0E276E497AB3784C3FC4CC20248DC0&page=11#qED0542,verified_local_archive
8,889D48,15,https://oge.fipi.ru/bank/questions.php?proj=DE0E276E497AB3784C3FC4CC20248DC0&page=15&pagesize=10#q889D48,https://oge.fipi.ru/bank/questions.php?proj=DE0E276E497AB3784C3FC4CC20248DC0&page=15#q889D48,verified_local_archive
8,038EFE,19,https://oge.fipi.ru/bank/questions.php?proj=DE0E276E497AB3784C3FC4CC20248DC0&page=19&pagesize=10#q038EFE,https://oge.fipi.ru/bank/questions.php?proj=DE0E276E497AB3784C3FC4CC20248DC0&page=19#q038EFE,verified_local_archive
8,BE50FF,20,https://oge.fipi.ru/bank/questions.php?proj=DE0E276E497AB3784C3FC4CC20248DC0&page=20&pagesize=10#qBE50FF,https://oge.fipi.ru/bank/questions.php?proj=DE0E276E497AB3784C3FC4CC20248DC0&page=20#qBE50FF,verified_local_archive
8,176BF4,20,https://oge.fipi.ru/bank/questions.php?proj=DE0E276E497AB3784C3FC4CC20248DC0&page=20&pagesize=10#q176BF4,https://oge.fipi.ru/bank/questions.php?proj=DE0E276E497AB3784C3FC4CC20248DC0&page=20#q176BF4,verified_local_archive
8,1B7BF7,21,https://oge.fipi.ru/bank/questions.php?proj=DE0E276E497AB3784C3FC4CC20248DC0&page=21&pagesize=10#q1B7BF7,https://oge.fipi.ru/bank/questions.php?proj=DE0E276E497AB3784C3FC4CC20248DC0&page=21#q1B7BF7,verified_local_archive
8,11E6F2,21,https://oge.fipi.ru/bank/questions.php?proj=DE0E276E497AB3784C3FC4CC20248DC0&page=21&pagesize=10#q11E6F2,https://oge.fipi.ru/bank/questions.php?proj=DE0E276E497AB3784C3FC4CC20248DC0&page=21#q11E6F2,verified_local_archive
8,D217FD,23,https://oge.fipi.ru/bank/questions.php?proj=DE0E276E497AB3784C3FC4CC20248DC0&page=23&pagesize=10#qD217FD,https://oge.fipi.ru/bank/questions.php?proj=DE0E276E497AB3784C3FC4CC20248DC0&page=23#qD217FD,verified_local_archive
8,5BD5F6,24,https://oge.fipi.ru/bank/questions.php?proj=DE0E276E497AB3784C3FC4CC20248DC0&page=24&pagesize=10#q5BD5F6,https://oge.fipi.ru/bank/questions.php?proj=DE0E276E497AB3784C3FC4CC20248DC0&page=24#q5BD5F6,verified_local_archive
8,AFA7F5,25,https://oge.fipi.ru/bank/questions.php?proj=DE0E276E497AB3784C3FC4CC20248DC0&page=25&pagesize=10#qAFA7F5,https://oge.fipi.ru/bank/questions.php?proj=DE0E276E497AB3784C3FC4CC20248DC0&page=25#qAFA7F5,verified_local_archive
8,EF17F5,27,https://oge.fipi.ru/bank/questions.php?proj=DE0E276E497AB3784C3FC4CC20248DC0&page=27&pagesize=10#qEF17F5,https://oge.fipi.ru/bank/questions.php?proj=DE0E276E497AB3784C3FC4CC20248DC0&page=27#qEF17F5,verified_local_archive
8,6925F1,28,https://oge.fipi.ru/bank/questions.php?proj=DE0E276E497AB3784C3FC4CC20248DC0&page=28&pagesize=10#q6925F1,https://oge.fipi.ru/bank/questions.php?proj=DE0E276E497AB3784C3FC4CC20248DC0&page=28#q6925F1,verified_local_archive
8,3A65F7,29,https://oge.fipi.ru/bank/questions.php?proj=DE0E276E497AB3784C3FC4CC20248DC0&page=29&pagesize=10#q3A65F7,https://oge.fipi.ru/bank/questions.php?proj=DE0E276E497AB3784C3FC4CC20248DC0&page=29#q3A65F7,verified_local_archive
8,81F1F8,31,https://oge.fipi.ru/bank/questions.php?proj=DE0E276E497AB3784C3FC4CC20248DC0&page=31&pagesize=10#q81F1F8,https://oge.fipi.ru/bank/questions.php?proj=DE0E276E497AB3784C3FC4CC20248DC0&page=31#q81F1F8,verified_local_archive
8,03A10C,32,https://oge.fipi.ru/bank/questions.php?proj=DE0E276E497AB3784C3FC4CC20248DC0&page=32&pagesize=10#q03A10C,https://oge.fipi.ru/bank/questions.php?proj=DE0E276E497AB3784C3FC4CC20248DC0&page=32#q03A10C,verified_local_archive
8,B3790C,33,https://oge.fipi.ru/bank/questions.php?proj=DE0E276E497AB3784C3FC4CC20248DC0&page=33&pagesize=10#qB3790C,https://oge.fipi.ru/bank/questions.php?proj=DE0E276E497AB3784C3FC4CC20248DC0&page=33#qB3790C,verified_local_archive
8,12D604,34,https://oge.fipi.ru/bank/questions.php?proj=DE0E276E497AB3784C3FC4CC20248DC0&page=34&pagesize=10#q12D604,https://oge.fipi.ru/bank/questions.php?proj=DE0E276E497AB3784C3FC4CC20248DC0&page=34#q12D604,verified_local_archive
8,1AA200,34,https://oge.fipi.ru/bank/questions.php?proj=DE0E276E497AB3784C3FC4CC20248DC0&page=34&pagesize=10#q1AA200,https://oge.fipi.ru/bank/questions.php?proj=DE0E276E497AB3784C3FC4CC20248DC0&page=34#q1AA200,verified_local_archive
8,1D5205,34,https://oge.fipi.ru/bank/questions.php?proj=DE0E276E497AB3784C3FC4CC20248DC0&page=34&pagesize=10#q1D5205,https://oge.fipi.ru/bank/questions.php?proj=DE0E276E497AB3784C3FC4CC20248DC0&page=34#q1D5205,verified_local_archive
8,2AA50B,35,https://oge.fipi.ru/bank/questions.php?proj=DE0E276E497AB3784C3FC4CC20248DC0&page=35&pagesize=10#q2AA50B,https://oge.fipi.ru/bank/questions.php?proj=DE0E276E497AB3784C3FC4CC20248DC0&page=35#q2AA50B,verified_local_archive
8,A7BC0A,38,https://oge.fipi.ru/bank/questions.php?proj=DE0E276E497AB3784C3FC4CC20248DC0&page=38&pagesize=10#qA7BC0A,https://oge.fipi.ru/bank/questions.php?proj=DE0E276E497AB3784C3FC4CC20248DC0&page=38#qA7BC0A,verified_local_archive
8,83E80F,43,https://oge.fipi.ru/bank/questions.php?proj=DE0E276E497AB3784C3FC4CC20248DC0&page=43&pagesize=10#q83E80F,https://oge.fipi.ru/bank/questions.php?proj=DE0E276E497AB3784C3FC4CC20248DC0&page=43#q83E80F,verified_local_archive
8,455679,44,https://oge.fipi.ru/bank/questions.php?proj=DE0E276E497AB3784C3FC4CC20248DC0&page=44&pagesize=10#q455679,https://oge.fipi.ru/bank/questions.php?proj=DE0E276E497AB3784C3FC4CC20248DC0&page=44#q455679,verified_local_archive
8,B8CB79,48,https://oge.fipi.ru/bank/questions.php?proj=DE0E276E497AB3784C3FC4CC20248DC0&page=48&pagesize=10#qB8CB79,https://oge.fipi.ru/bank/questions.php?proj=DE0E276E497AB3784C3FC4CC20248DC0&page=48#qB8CB79,verified_local_archive
8,52A077,51,https://oge.fipi.ru/bank/questions.php?proj=DE0E276E497AB3784C3FC4CC20248DC0&page=51&pagesize=10#q52A077,https://oge.fipi.ru/bank/questions.php?proj=DE0E276E497AB3784C3FC4CC20248DC0&page=51#q52A077,verified_local_archive
8,5DF571,51,https://oge.fipi.ru/bank/questions.php?proj=DE0E276E497AB3784C3FC4CC20248DC0&page=51&pagesize=10#q5DF571,https://oge.fipi.ru/bank/questions.php?proj=DE0E276E497AB3784C3FC4CC20248DC0&page=51#q5DF571,verified_local_archive
8,524A7A,52,https://oge.fipi.ru/bank/questions.php?proj=DE0E276E497AB3784C3FC4CC20248DC0&page=52&pagesize=10#q524A7A,https://oge.fipi.ru/bank/questions.php?proj=DE0E276E497AB3784C3FC4CC20248DC0&page=52#q524A7A,verified_local_archive
8,A3F87E,52,https://oge.fipi.ru/bank/questions.php?proj=DE0E276E497AB3784C3FC4CC20248DC0&page=52&pagesize=10#qA3F87E,https://oge.fipi.ru/bank/questions.php?proj=DE0E276E497AB3784C3FC4CC20248DC0&page=52#qA3F87E,verified_local_archive
8,CE727E,54,https://oge.fipi.ru/bank/questions.php?proj=DE0E276E497AB3784C3FC4CC20248DC0&page=54&pagesize=10#qCE727E,https://oge.fipi.ru/bank/questions.php?proj=DE0E276E497AB3784C3FC4CC20248DC0&page=54#qCE727E,verified_local_archive
8,E6C274,55,https://oge.fipi.ru/bank/questions.php?proj=DE0E276E497AB3784C3FC4CC20248DC0&page=55&pagesize=10#qE6C274,https://oge.fipi.ru/bank/questions.php?proj=DE0E276E497AB3784C3FC4CC20248DC0&page=55#qE6C274,verified_local_archive
8,EE6277,55,https://oge.fipi.ru/bank/questions.php?proj=DE0E276E497AB3784C3FC4CC20248DC0&page=55&pagesize=10#qEE6277,https://oge.fipi.ru/bank/questions.php?proj=DE0E276E497AB3784C3FC4CC20248DC0&page=55#qEE6277,verified_local_archive
8,E8CC7D,55,https://oge.fipi.ru/bank/questions.php?proj=DE0E276E497AB3784C3FC4CC20248DC0&page=55&pagesize=10#qE8CC7D,https://oge.fipi.ru/bank/questions.php?proj=DE0E276E497AB3784C3FC4CC20248DC0&page=55#qE8CC7D,verified_local_archive
8,63E47C,56,https://oge.fipi.ru/bank/questions.php?proj=DE0E276E497AB3784C3FC4CC20248DC0&page=56&pagesize=10#q63E47C,https://oge.fipi.ru/bank/questions.php?proj=DE0E276E497AB3784C3FC4CC20248DC0&page=56#q63E47C,verified_local_archive
8,3F9079,58,https://oge.fipi.ru/bank/questions.php?proj=DE0E276E497AB3784C3FC4CC20248DC0&page=58&pagesize=10#q3F9079,https://oge.fipi.ru/bank/questions.php?proj=DE0E276E497AB3784C3FC4CC20248DC0&page=58#q3F9079,verified_local_archive
8,383979,58,https://oge.fipi.ru/bank/questions.php?proj=DE0E276E497AB3784C3FC4CC20248DC0&page=58&pagesize=10#q383979,https://oge.fipi.ru/bank/questions.php?proj=DE0E276E497AB3784C3FC4CC20248DC0&page=58#q383979,verified_local_archive
8,4FB8B1,60,https://oge.fipi.ru/bank/questions.php?proj=DE0E276E497AB3784C3FC4CC20248DC0&page=60&pagesize=10#q4FB8B1,https://oge.fipi.ru/bank/questions.php?proj=DE0E276E497AB3784C3FC4CC20248DC0&page=60#q4FB8B1,verified_local_archive
8,4FDDB2,60,https://oge.fipi.ru/bank/questions.php?proj=DE0E276E497AB3784C3FC4CC20248DC0&page=60&pagesize=10#q4FDDB2,https://oge.fipi.ru/bank/questions.php?proj=DE0E276E497AB3784C3FC4CC20248DC0&page=60#q4FDDB2,verified_local_archive
8,F6B8B1,61,https://oge.fipi.ru/bank/questions.php?proj=DE0E276E497AB3784C3FC4CC20248DC0&page=61&pagesize=10#qF6B8B1,https://oge.fipi.ru/bank/questions.php?proj=DE0E276E497AB3784C3FC4CC20248DC0&page=61#qF6B8B1,verified_local_archive
8,F3CCB1,61,https://oge.fipi.ru/bank/questions.php?proj=DE0E276E497AB3784C3FC4CC20248DC0&page=61&pagesize=10#qF3CCB1,https://oge.fipi.ru/bank/questions.php?proj=DE0E276E497AB3784C3FC4CC20248DC0&page=61#qF3CCB1,verified_local_archive
8,B37AB8,64,https://oge.fipi.ru/bank/questions.php?proj=DE0E276E497AB3784C3FC4CC20248DC0&page=64&pagesize=10#qB37AB8,https://oge.fipi.ru/bank/questions.php?proj=DE0E276E497AB3784C3FC4CC20248DC0&page=64#qB37AB8,verified_local_archive
8,1918B5,64,https://oge.fipi.ru/bank/questions.php?proj=DE0E276E497AB3784C3FC4CC20248DC0&page=64&pagesize=10#q1918B5,https://oge.fipi.ru/bank/questions.php?proj=DE0E276E497AB3784C3FC4CC20248DC0&page=64#q1918B5,verified_local_archive
8,274CB0,65,https://oge.fipi.ru/bank/questions.php?proj=DE0E276E497AB3784C3FC4CC20248DC0&page=65&pagesize=10#q274CB0,https://oge.fipi.ru/bank/questions.php?proj=DE0E276E497AB3784C3FC4CC20248DC0&page=65#q274CB0,verified_local_archive
8,5647B4,67,https://oge.fipi.ru/bank/questions.php?proj=DE0E276E497AB3784C3FC4CC20248DC0&page=67&pagesize=10#q5647B4,https://oge.fipi.ru/bank/questions.php?proj=DE0E276E497AB3784C3FC4CC20248DC0&page=67#q5647B4,verified_local_archive
8,A012B5,68,https://oge.fipi.ru/bank/questions.php?proj=DE0E276E497AB3784C3FC4CC20248DC0&page=68&pagesize=10#qA012B5,https://oge.fipi.ru/bank/questions.php?proj=DE0E276E497AB3784C3FC4CC20248DC0&page=68#qA012B5,verified_local_archive
8,9CDEBC,70,https://oge.fipi.ru/bank/questions.php?proj=DE0E276E497AB3784C3FC4CC20248DC0&page=70&pagesize=10#q9CDEBC,https://oge.fipi.ru/bank/questions.php?proj=DE0E276E497AB3784C3FC4CC20248DC0&page=70#q9CDEBC,verified_local_archive
8,450B16,73,https://oge.fipi.ru/bank/questions.php?proj=DE0E276E497AB3784C3FC4CC20248DC0&page=73&pagesize=10#q450B16,https://oge.fipi.ru/bank/questions.php?proj=DE0E276E497AB3784C3FC4CC20248DC0&page=73#q450B16,verified_local_archive
8,45FF18,73,https://oge.fipi.ru/bank/questions.php?proj=DE0E276E497AB3784C3FC4CC20248DC0&page=73&pagesize=10#q45FF18,https://oge.fipi.ru/bank/questions.php?proj=DE0E276E497AB3784C3FC4CC20248DC0&page=73#q45FF18,verified_local_archive
8,0CA31E,75,https://oge.fipi.ru/bank/questions.php?proj=DE0E276E497AB3784C3FC4CC20248DC0&page=75&pagesize=10#q0CA31E,https://oge.fipi.ru/bank/questions.php?proj=DE0E276E497AB3784C3FC4CC20248DC0&page=75#q0CA31E,verified_local_archive
8,B54715,77,https://oge.fipi.ru/bank/questions.php?proj=DE0E276E497AB3784C3FC4CC20248DC0&page=77&pagesize=10#qB54715,https://oge.fipi.ru/bank/questions.php?proj=DE0E276E497AB3784C3FC4CC20248DC0&page=77#qB54715,verified_local_archive
8,B77C16,77,https://oge.fipi.ru/bank/questions.php?proj=DE0E276E497AB3784C3FC4CC20248DC0&page=77&pagesize=10#qB77C16,https://oge.fipi.ru/bank/questions.php?proj=DE0E276E497AB3784C3FC4CC20248DC0&page=77#qB77C16,verified_local_archive
8,53C614,81,https://oge.fipi.ru/bank/questions.php?proj=DE0E276E497AB3784C3FC4CC20248DC0&page=81&pagesize=10#q53C614,https://oge.fipi.ru/bank/questions.php?proj=DE0E276E497AB3784C3FC4CC20248DC0&page=81#q53C614,verified_local_archive
8,520F13,81,https://oge.fipi.ru/bank/questions.php?proj=DE0E276E497AB3784C3FC4CC20248DC0&page=81&pagesize=10#q520F13,https://oge.fipi.ru/bank/questions.php?proj=DE0E276E497AB3784C3FC4CC20248DC0&page=81#q520F13,verified_local_archive
8,A5161A,82,https://oge.fipi.ru/bank/questions.php?proj=DE0E276E497AB3784C3FC4CC20248DC0&page=82&pagesize=10#qA5161A,https://oge.fipi.ru/bank/questions.php?proj=DE0E276E497AB3784C3FC4CC20248DC0&page=82#qA5161A,verified_local_archive
8,CCDC14,83,https://oge.fipi.ru/bank/questions.php?proj=DE0E276E497AB3784C3FC4CC20248DC0&page=83&pagesize=10#qCCDC14,https://oge.fipi.ru/bank/questions.php?proj=DE0E276E497AB3784C3FC4CC20248DC0&page=83#qCCDC14,verified_local_archive
8,934816,84,https://oge.fipi.ru/bank/questions.php?proj=DE0E276E497AB3784C3FC4CC20248DC0&page=84&pagesize=10#q934816,https://oge.fipi.ru/bank/questions.php?proj=DE0E276E497AB3784C3FC4CC20248DC0&page=84#q934816,verified_local_archive
8,8FAB1D,89,https://oge.fipi.ru/bank/questions.php?proj=DE0E276E497AB3784C3FC4CC20248DC0&page=89&pagesize=10#q8FAB1D,https://oge.fipi.ru/bank/questions.php?proj=DE0E276E497AB3784C3FC4CC20248DC0&page=89#q8FAB1D,verified_local_archive
8,7ADF27,92,https://oge.fipi.ru/bank/questions.php?proj=DE0E276E497AB3784C3FC4CC20248DC0&page=92&pagesize=10#q7ADF27,https://oge.fipi.ru/bank/questions.php?proj=DE0E276E497AB3784C3FC4CC20248DC0&page=92#q7ADF27,verified_local_archive
8,BB8327,94,https://oge.fipi.ru/bank/questions.php?proj=DE0E276E497AB3784C3FC4CC20248DC0&page=94&pagesize=10#qBB8327,https://oge.fipi.ru/bank/questions.php?proj=DE0E276E497AB3784C3FC4CC20248DC0&page=94#qBB8327,verified_local_archive
8,B41B2B,94,https://oge.fipi.ru/bank/questions.php?proj=DE0E276E497AB3784C3FC4CC20248DC0&page=94&pagesize=10#qB41B2B,https://oge.fipi.ru/bank/questions.php?proj=DE0E276E497AB3784C3FC4CC20248DC0&page=94#qB41B2B,verified_local_archive
8,12A02F,95,https://oge.fipi.ru/bank/questions.php?proj=DE0E276E497AB3784C3FC4CC20248DC0&page=95&pagesize=10#q12A02F,https://oge.fipi.ru/bank/questions.php?proj=DE0E276E497AB3784C3FC4CC20248DC0&page=95#q12A02F,verified_local_archive
8,1A812B,95,https://oge.fipi.ru/bank/questions.php?proj=DE0E276E497AB3784C3FC4CC20248DC0&page=95&pagesize=10#q1A812B,https://oge.fipi.ru/bank/questions.php?proj=DE0E276E497AB3784C3FC4CC20248DC0&page=95#q1A812B,verified_local_archive
8,D0D22F,97,https://oge.fipi.ru/bank/questions.php?proj=DE0E276E497AB3784C3FC4CC20248DC0&page=97&pagesize=10#qD0D22F,https://oge.fipi.ru/bank/questions.php?proj=DE0E276E497AB3784C3FC4CC20248DC0&page=97#qD0D22F,verified_local_archive
8,C45525,100,https://oge.fipi.ru/bank/questions.php?proj=DE0E276E497AB3784C3FC4CC20248DC0&page=100&pagesize=10#qC45525,https://oge.fipi.ru/bank/questions.php?proj=DE0E276E497AB3784C3FC4CC20248DC0&page=100#qC45525,verified_local_archive
8,931C20,101,https://oge.fipi.ru/bank/questions.php?proj=DE0E276E497AB3784C3FC4CC20248DC0&page=101&pagesize=10#q931C20,https://oge.fipi.ru/bank/questions.php?proj=DE0E276E497AB3784C3FC4CC20248DC0&page=101#q931C20,verified_local_archive
8,9CEB2A,101,https://oge.fipi.ru/bank/questions.php?proj=DE0E276E497AB3784C3FC4CC20248DC0&page=101&pagesize=10#q9CEB2A,https://oge.fipi.ru/bank/questions.php?proj=DE0E276E497AB3784C3FC4CC20248DC0&page=101#q9CEB2A,verified_local_archive
8,B916D1,109,https://oge.fipi.ru/bank/questions.php?proj=DE0E276E497AB3784C3FC4CC20248DC0&page=109&pagesize=10#qB916D1,https://oge.fipi.ru/bank/questions.php?proj=DE0E276E497AB3784C3FC4CC20248DC0&page=109#qB916D1,verified_local_archive
8,14A8D1,109,https://oge.fipi.ru/bank/questions.php?proj=DE0E276E497AB3784C3FC4CC20248DC0&page=109&pagesize=10#q14A8D1,https://oge.fipi.ru/bank/questions.php?proj=DE0E276E497AB3784C3FC4CC20248DC0&page=109#q14A8D1,verified_local_archive
8,2B8BDE,111,https://oge.fipi.ru/bank/questions.php?proj=DE0E276E497AB3784C3FC4CC20248DC0&page=111&pagesize=10#q2B8BDE,https://oge.fipi.ru/bank/questions.php?proj=DE0E276E497AB3784C3FC4CC20248DC0&page=111#q2B8BDE,verified_local_archive
8,DD25DA,112,https://oge.fipi.ru/bank/questions.php?proj=DE0E276E497AB3784C3FC4CC20248DC0&page=112&pagesize=10#qDD25DA,https://oge.fipi.ru/bank/questions.php?proj=DE0E276E497AB3784C3FC4CC20248DC0&page=112#qDD25DA,verified_local_archive
8,505BDC,113,https://oge.fipi.ru/bank/questions.php?proj=DE0E276E497AB3784C3FC4CC20248DC0&page=113&pagesize=10#q505BDC,https://oge.fipi.ru/bank/questions.php?proj=DE0E276E497AB3784C3FC4CC20248DC0&page=113#q505BDC,verified_local_archive
8,C636D7,114,https://oge.fipi.ru/bank/questions.php?proj=DE0E276E497AB3784C3FC4CC20248DC0&page=114&pagesize=10#qC636D7,https://oge.fipi.ru/bank/questions.php?proj=DE0E276E497AB3784C3FC4CC20248DC0&page=114#qC636D7,verified_local_archive
8,EAFBD3,116,https://oge.fipi.ru/bank/questions.php?proj=DE0E276E497AB3784C3FC4CC20248DC0&page=116&pagesize=10#qEAFBD3,https://oge.fipi.ru/bank/questions.php?proj=DE0E276E497AB3784C3FC4CC20248DC0&page=116#qEAFBD3,verified_local_archive
8,6DEBD3,117,https://oge.fipi.ru/bank/questions.php?proj=DE0E276E497AB3784C3FC4CC20248DC0&page=117&pagesize=10#q6DEBD3,https://oge.fipi.ru/bank/questions.php?proj=DE0E276E497AB3784C3FC4CC20248DC0&page=117#q6DEBD3,verified_local_archive
8,361CDF,117,https://oge.fipi.ru/bank/questions.php?proj=DE0E276E497AB3784C3FC4CC20248DC0&page=117&pagesize=10#q361CDF,https://oge.fipi.ru/bank/questions.php?proj=DE0E276E497AB3784C3FC4CC20248DC0&page=117#q361CDF,verified_local_archive
8,3768DE,117,https://oge.fipi.ru/bank/questions.php?proj=DE0E276E497AB3784C3FC4CC20248DC0&page=117&pagesize=10#q3768DE,https://oge.fipi.ru/bank/questions.php?proj=DE0E276E497AB3784C3FC4CC20248DC0&page=117#q3768DE,verified_local_archive
8,3D7BD8,118,https://oge.fipi.ru/bank/questions.php?proj=DE0E276E497AB3784C3FC4CC20248DC0&page=118&pagesize=10#q3D7BD8,https://oge.fipi.ru/bank/questions.php?proj=DE0E276E497AB3784C3FC4CC20248DC0&page=118#q3D7BD8,verified_local_archive
8,40F35B,119,https://oge.fipi.ru/bank/questions.php?proj=DE0E276E497AB3784C3FC4CC20248DC0&page=119&pagesize=10#q40F35B,https://oge.fipi.ru/bank/questions.php?proj=DE0E276E497AB3784C3FC4CC20248DC0&page=119#q40F35B,verified_local_archive
8,49215A,119,https://oge.fipi.ru/bank/questions.php?proj=DE0E276E497AB3784C3FC4CC20248DC0&page=119&pagesize=10#q49215A,https://oge.fipi.ru/bank/questions.php?proj=DE0E276E497AB3784C3FC4CC20248DC0&page=119#q49215A,verified_local_archive
8,45B659,119,https://oge.fipi.ru/bank/questions.php?proj=DE0E276E497AB3784C3FC4CC20248DC0&page=119&pagesize=10#q45B659,https://oge.fipi.ru/bank/questions.php?proj=DE0E276E497AB3784C3FC4CC20248DC0&page=119#q45B659,verified_local_archive
8,0B1558,121,https://oge.fipi.ru/bank/questions.php?proj=DE0E276E497AB3784C3FC4CC20248DC0&page=121&pagesize=10#q0B1558,https://oge.fipi.ru/bank/questions.php?proj=DE0E276E497AB3784C3FC4CC20248DC0&page=121#q0B1558,verified_local_archive
8,B8D35A,122,https://oge.fipi.ru/bank/questions.php?proj=DE0E276E497AB3784C3FC4CC20248DC0&page=122&pagesize=10#qB8D35A,https://oge.fipi.ru/bank/questions.php?proj=DE0E276E497AB3784C3FC4CC20248DC0&page=122#qB8D35A,verified_local_archive
8,1D3859,124,https://oge.fipi.ru/bank/questions.php?proj=DE0E276E497AB3784C3FC4CC20248DC0&page=124&pagesize=10#q1D3859,https://oge.fipi.ru/bank/questions.php?proj=DE0E276E497AB3784C3FC4CC20248DC0&page=124#q1D3859,verified_local_archive
8,DFEC59,125,https://oge.fipi.ru/bank/questions.php?proj=DE0E276E497AB3784C3FC4CC20248DC0&page=125&pagesize=10#qDFEC59,https://oge.fipi.ru/bank/questions.php?proj=DE0E276E497AB3784C3FC4CC20248DC0&page=125#qDFEC59,verified_local_archive
8,5C0C5A,126,https://oge.fipi.ru/bank/questions.php?proj=DE0E276E497AB3784C3FC4CC20248DC0&page=126&pagesize=10#q5C0C5A,https://oge.fipi.ru/bank/questions.php?proj=DE0E276E497AB3784C3FC4CC20248DC0&page=126#q5C0C5A,verified_local_archive
8,942957,128,https://oge.fipi.ru/bank/questions.php?proj=DE0E276E497AB3784C3FC4CC20248DC0&page=128&pagesize=10#q942957,https://oge.fipi.ru/bank/questions.php?proj=DE0E276E497AB3784C3FC4CC20248DC0&page=128#q942957,verified_local_archive
8,808A59,133,https://oge.fipi.ru/bank/questions.php?proj=DE0E276E497AB3784C3FC4CC20248DC0&page=133&pagesize=10#q808A59,https://oge.fipi.ru/bank/questions.php?proj=DE0E276E497AB3784C3FC4CC20248DC0&page=133#q808A59,verified_local_archive
8,4052A9,134,https://oge.fipi.ru/bank/questions.php?proj=DE0E276E497AB3784C3FC4CC20248DC0&page=134&pagesize=10#q4052A9,https://oge.fipi.ru/bank/questions.php?proj=DE0E276E497AB3784C3FC4CC20248DC0&page=134#q4052A9,verified_local_archive
8,F522AD,134,https://oge.fipi.ru/bank/questions.php?proj=DE0E276E497AB3784C3FC4CC20248DC0&page=134&pagesize=10#qF522AD,https://oge.fipi.ru/bank/questions.php?proj=DE0E276E497AB3784C3FC4CC20248DC0&page=134#qF522AD,verified_local_archive
8,0EC0AC,135,https://oge.fipi.ru/bank/questions.php?proj=DE0E276E497AB3784C3FC4CC20248DC0&page=135&pagesize=10#q0EC0AC,https://oge.fipi.ru/bank/questions.php?proj=DE0E276E497AB3784C3FC4CC20248DC0&page=135#q0EC0AC,verified_local_archive
8,2E00AB,138,https://oge.fipi.ru/bank/questions.php?proj=DE0E276E497AB3784C3FC4CC20248DC0&page=138&pagesize=10#q2E00AB,https://oge.fipi.ru/bank/questions.php?proj=DE0E276E497AB3784C3FC4CC20248DC0&page=138#q2E00AB,verified_local_archive
8,230AA3,139,https://oge.fipi.ru/bank/questions.php?proj=DE0E276E497AB3784C3FC4CC20248DC0&page=139&pagesize=10#q230AA3,https://oge.fipi.ru/bank/questions.php?proj=DE0E276E497AB3784C3FC4CC20248DC0&page=139#q230AA3,verified_local_archive
8,58E2A1,139,https://oge.fipi.ru/bank/questions.php?proj=DE0E276E497AB3784C3FC4CC20248DC0&page=139&pagesize=10#q58E2A1,https://oge.fipi.ru/bank/questions.php?proj=DE0E276E497AB3784C3FC4CC20248DC0&page=139#q58E2A1,verified_local_archive
8,94CFA6,142,https://oge.fipi.ru/bank/questions.php?proj=DE0E276E497AB3784C3FC4CC20248DC0&page=142&pagesize=10#q94CFA6,https://oge.fipi.ru/bank/questions.php?proj=DE0E276E497AB3784C3FC4CC20248DC0&page=142#q94CFA6,verified_local_archive
8,94ADA8,142,https://oge.fipi.ru/bank/questions.php?proj=DE0E276E497AB3784C3FC4CC20248DC0&page=142&pagesize=10#q94ADA8,https://oge.fipi.ru/bank/questions.php?proj=DE0E276E497AB3784C3FC4CC20248DC0&page=142#q94ADA8,verified_local_archive
8,3CEAAF,143,https://oge.fipi.ru/bank/questions.php?proj=DE0E276E497AB3784C3FC4CC20248DC0&page=143&pagesize=10#q3CEAAF,https://oge.fipi.ru/bank/questions.php?proj=DE0E276E497AB3784C3FC4CC20248DC0&page=143#q3CEAAF,verified_local_archive
8,39BCA6,144,https://oge.fipi.ru/bank/questions.php?proj=DE0E276E497AB3784C3FC4CC20248DC0&page=144&pagesize=10#q39BCA6,https://oge.fipi.ru/bank/questions.php?proj=DE0E276E497AB3784C3FC4CC20248DC0&page=144#q39BCA6,verified_local_archive
8,4963C3,146,https://oge.fipi.ru/bank/questions.php?proj=DE0E276E497AB3784C3FC4CC20248DC0&page=146&pagesize=10#q4963C3,https://oge.fipi.ru/bank/questions.php?proj=DE0E276E497AB3784C3FC4CC20248DC0&page=146#q4963C3,verified_local_archive
8,FE12CB,147,https://oge.fipi.ru/bank/questions.php?proj=DE0E276E497AB3784C3FC4CC20248DC0&page=147&pagesize=10#qFE12CB,https://oge.fipi.ru/bank/questions.php?proj=DE0E276E497AB3784C3FC4CC20248DC0&page=147#qFE12CB,verified_local_archive
8,7477C0,149,https://oge.fipi.ru/bank/questions.php?proj=DE0E276E497AB3784C3FC4CC20248DC0&page=149&pagesize=10#q7477C0,https://oge.fipi.ru/bank/questions.php?proj=DE0E276E497AB3784C3FC4CC20248DC0&page=149#q7477C0,verified_local_archive
8,75A3CA,150,https://oge.fipi.ru/bank/questions.php?proj=DE0E276E497AB3784C3FC4CC20248DC0&page=150&pagesize=10#q75A3CA,https://oge.fipi.ru/bank/questions.php?proj=DE0E276E497AB3784C3FC4CC20248DC0&page=150#q75A3CA,verified_local_archive
8,2CA8C0,152,https://oge.fipi.ru/bank/questions.php?proj=DE0E276E497AB3784C3FC4CC20248DC0&page=152&pagesize=10#q2CA8C0,https://oge.fipi.ru/bank/questions.php?proj=DE0E276E497AB3784C3FC4CC20248DC0&page=152#q2CA8C0,verified_local_archive
8,DDBCCB,152,https://oge.fipi.ru/bank/questions.php?proj=DE0E276E497AB3784C3FC4CC20248DC0&page=152&pagesize=10#qDDBCCB,https://oge.fipi.ru/bank/questions.php?proj=DE0E276E497AB3784C3FC4CC20248DC0&page=152#qDDBCCB,verified_local_archive
8,5820CD,153,https://oge.fipi.ru/bank/questions.php?proj=DE0E276E497AB3784C3FC4CC20248DC0&page=153&pagesize=10#q5820CD,https://oge.fipi.ru/bank/questions.php?proj=DE0E276E497AB3784C3FC4CC20248DC0&page=153#q5820CD,verified_local_archive
8,C81FCE,155,https://oge.fipi.ru/bank/questions.php?proj=DE0E276E497AB3784C3FC4CC20248DC0&page=155&pagesize=10#qC81FCE,https://oge.fipi.ru/bank/questions.php?proj=DE0E276E497AB3784C3FC4CC20248DC0&page=155#qC81FCE,verified_local_archive
8,C730CE,155,https://oge.fipi.ru/bank/questions.php?proj=DE0E276E497AB3784C3FC4CC20248DC0&page=155&pagesize=10#qC730CE,https://oge.fipi.ru/bank/questions.php?proj=DE0E276E497AB3784C3FC4CC20248DC0&page=155#qC730CE,verified_local_archive
8,9BC0CF,155,https://oge.fipi.ru/bank/questions.php?proj=DE0E276E497AB3784C3FC4CC20248DC0&page=155&pagesize=10#q9BC0CF,https://oge.fipi.ru/bank/questions.php?proj=DE0E276E497AB3784C3FC4CC20248DC0&page=155#q9BC0CF,verified_local_archive
8,634AC8,157,https://oge.fipi.ru/bank/questions.php?proj=DE0E276E497AB3784C3FC4CC20248DC0&page=157&pagesize=10#q634AC8,https://oge.fipi.ru/bank/questions.php?proj=DE0E276E497AB3784C3FC4CC20248DC0&page=157#q634AC8,verified_local_archive
8,440992,160,https://oge.fipi.ru/bank/questions.php?proj=DE0E276E497AB3784C3FC4CC20248DC0&page=160&pagesize=10#q440992,https://oge.fipi.ru/bank/questions.php?proj=DE0E276E497AB3784C3FC4CC20248DC0&page=160#q440992,verified_local_archive
8,F3B197,160,https://oge.fipi.ru/bank/questions.php?proj=DE0E276E497AB3784C3FC4CC20248DC0&page=160&pagesize=10#qF3B197,https://oge.fipi.ru/bank/questions.php?proj=DE0E276E497AB3784C3FC4CC20248DC0&page=160#qF3B197,verified_local_archive
8,0B1A91,161,https://oge.fipi.ru/bank/questions.php?proj=DE0E276E497AB3784C3FC4CC20248DC0&page=161&pagesize=10#q0B1A91,https://oge.fipi.ru/bank/questions.php?proj=DE0E276E497AB3784C3FC4CC20248DC0&page=161#q0B1A91,verified_local_archive
8,7ACE9F,162,https://oge.fipi.ru/bank/questions.php?proj=DE0E276E497AB3784C3FC4CC20248DC0&page=162&pagesize=10#q7ACE9F,https://oge.fipi.ru/bank/questions.php?proj=DE0E276E497AB3784C3FC4CC20248DC0&page=162#q7ACE9F,verified_local_archive
8,B7C29D,163,https://oge.fipi.ru/bank/questions.php?proj=DE0E276E497AB3784C3FC4CC20248DC0&page=163&pagesize=10#qB7C29D,https://oge.fipi.ru/bank/questions.php?proj=DE0E276E497AB3784C3FC4CC20248DC0&page=163#qB7C29D,verified_local_archive
8,E30698,171,https://oge.fipi.ru/bank/questions.php?proj=DE0E276E497AB3784C3FC4CC20248DC0&page=171&pagesize=10#qE30698,https://oge.fipi.ru/bank/questions.php?proj=DE0E276E497AB3784C3FC4CC20248DC0&page=171#qE30698,verified_local_archive
8,687290,171,https://oge.fipi.ru/bank/questions.php?proj=DE0E276E497AB3784C3FC4CC20248DC0&page=171&pagesize=10#q687290,https://oge.fipi.ru/bank/questions.php?proj=DE0E276E497AB3784C3FC4CC20248DC0&page=171#q687290,verified_local_archive
8,3C5997,172,https://oge.fipi.ru/bank/questions.php?proj=DE0E276E497AB3784C3FC4CC20248DC0&page=172&pagesize=10#q3C5997,https://oge.fipi.ru/bank/questions.php?proj=DE0E276E497AB3784C3FC4CC20248DC0&page=172#q3C5997,verified_local_archive
8,36269B,172,https://oge.fipi.ru/bank/questions.php?proj=DE0E276E497AB3784C3FC4CC20248DC0&page=172&pagesize=10#q36269B,https://oge.fipi.ru/bank/questions.php?proj=DE0E276E497AB3784C3FC4CC20248DC0&page=172#q36269B,verified_local_archive
8,4D4CEF,174,https://oge.fipi.ru/bank/questions.php?proj=DE0E276E497AB3784C3FC4CC20248DC0&page=174&pagesize=10#q4D4CEF,https://oge.fipi.ru/bank/questions.php?proj=DE0E276E497AB3784C3FC4CC20248DC0&page=174#q4D4CEF,verified_local_archive
8,4729EB,174,https://oge.fipi.ru/bank/questions.php?proj=DE0E276E497AB3784C3FC4CC20248DC0&page=174&pagesize=10#q4729EB,https://oge.fipi.ru/bank/questions.php?proj=DE0E276E497AB3784C3FC4CC20248DC0&page=174#q4729EB,verified_local_archive
8,FFC5E0,175,https://oge.fipi.ru/bank/questions.php?proj=DE0E276E497AB3784C3FC4CC20248DC0&page=175&pagesize=10#qFFC5E0,https://oge.fipi.ru/bank/questions.php?proj=DE0E276E497AB3784C3FC4CC20248DC0&page=175#qFFC5E0,verified_local_archive
8,0673E1,176,https://oge.fipi.ru/bank/questions.php?proj=DE0E276E497AB3784C3FC4CC20248DC0&page=176&pagesize=10#q0673E1,https://oge.fipi.ru/bank/questions.php?proj=DE0E276E497AB3784C3FC4CC20248DC0&page=176#q0673E1,verified_local_archive
8,22B4EE,179,https://oge.fipi.ru/bank/questions.php?proj=DE0E276E497AB3784C3FC4CC20248DC0&page=179&pagesize=10#q22B4EE,https://oge.fipi.ru/bank/questions.php?proj=DE0E276E497AB3784C3FC4CC20248DC0&page=179#q22B4EE,verified_local_archive
8,5D11ED,181,https://oge.fipi.ru/bank/questions.php?proj=DE0E276E497AB3784C3FC4CC20248DC0&page=181&pagesize=10#q5D11ED,https://oge.fipi.ru/bank/questions.php?proj=DE0E276E497AB3784C3FC4CC20248DC0&page=181#q5D11ED,verified_local_archive
8,5030EA,181,https://oge.fipi.ru/bank/questions.php?proj=DE0E276E497AB3784C3FC4CC20248DC0&page=181&pagesize=10#q5030EA,https://oge.fipi.ru/bank/questions.php?proj=DE0E276E497AB3784C3FC4CC20248DC0&page=181#q5030EA,verified_local_archive
8,5CACE6,182,https://oge.fipi.ru/bank/questions.php?proj=DE0E276E497AB3784C3FC4CC20248DC0&page=182&pagesize=10#q5CACE6,https://oge.fipi.ru/bank/questions.php?proj=DE0E276E497AB3784C3FC4CC20248DC0&page=182#q5CACE6,verified_local_archive
8,ED59E0,184,https://oge.fipi.ru/bank/questions.php?proj=DE0E276E497AB3784C3FC4CC20248DC0&page=184&pagesize=10#qED59E0,https://oge.fipi.ru/bank/questions.php?proj=DE0E276E497AB3784C3FC4CC20248DC0&page=184#qED59E0,verified_local_archive
8,EDC1E8,185,https://oge.fipi.ru/bank/questions.php?proj=DE0E276E497AB3784C3FC4CC20248DC0&page=185&pagesize=10#qEDC1E8,https://oge.fipi.ru/bank/questions.php?proj=DE0E276E497AB3784C3FC4CC20248DC0&page=185#qEDC1E8,verified_local_archive
8,6DD5E4,185,https://oge.fipi.ru/bank/questions.php?proj=DE0E276E497AB3784C3FC4CC20248DC0&page=185&pagesize=10#q6DD5E4,https://oge.fipi.ru/bank/questions.php?proj=DE0E276E497AB3784C3FC4CC20248DC0&page=185#q6DD5E4,verified_local_archive
8,64F1EC,185,https://oge.fipi.ru/bank/questions.php?proj=DE0E276E497AB3784C3FC4CC20248DC0&page=185&pagesize=10#q64F1EC,https://oge.fipi.ru/bank/questions.php?proj=DE0E276E497AB3784C3FC4CC20248DC0&page=185#q64F1EC,verified_local_archive
8,3294EE,186,https://oge.fipi.ru/bank/questions.php?proj=DE0E276E497AB3784C3FC4CC20248DC0&page=186&pagesize=10#q3294EE,https://oge.fipi.ru/bank/questions.php?proj=DE0E276E497AB3784C3FC4CC20248DC0&page=186#q3294EE,verified_local_archive
8,F97266,189,https://oge.fipi.ru/bank/questions.php?proj=DE0E276E497AB3784C3FC4CC20248DC0&page=189&pagesize=10#qF97266,https://oge.fipi.ru/bank/questions.php?proj=DE0E276E497AB3784C3FC4CC20248DC0&page=189#qF97266,verified_local_archive
8,72F565,191,https://oge.fipi.ru/bank/questions.php?proj=DE0E276E497AB3784C3FC4CC20248DC0&page=191&pagesize=10#q72F565,https://oge.fipi.ru/bank/questions.php?proj=DE0E276E497AB3784C3FC4CC20248DC0&page=191#q72F565,verified_local_archive
8,BD0564,191,https://oge.fipi.ru/bank/questions.php?proj=DE0E276E497AB3784C3FC4CC20248DC0&page=191&pagesize=10#qBD0564,https://oge.fipi.ru/bank/questions.php?proj=DE0E276E497AB3784C3FC4CC20248DC0&page=191#qBD0564,verified_local_archive
8,BAD167,192,https://oge.fipi.ru/bank/questions.php?proj=DE0E276E497AB3784C3FC4CC20248DC0&page=192&pagesize=10#qBAD167,https://oge.fipi.ru/bank/questions.php?proj=DE0E276E497AB3784C3FC4CC20248DC0&page=192#qBAD167,verified_local_archive
8,18C060,192,https://oge.fipi.ru/bank/questions.php?proj=DE0E276E497AB3784C3FC4CC20248DC0&page=192&pagesize=10#q18C060,https://oge.fipi.ru/bank/questions.php?proj=DE0E276E497AB3784C3FC4CC20248DC0&page=192#q18C060,verified_local_archive
8,1C7C6C,193,https://oge.fipi.ru/bank/questions.php?proj=DE0E276E497AB3784C3FC4CC20248DC0&page=193&pagesize=10#q1C7C6C,https://oge.fipi.ru/bank/questions.php?proj=DE0E276E497AB3784C3FC4CC20248DC0&page=193#q1C7C6C,verified_local_archive
8,DE0166,194,https://oge.fipi.ru/bank/questions.php?proj=DE0E276E497AB3784C3FC4CC20248DC0&page=194&pagesize=10#qDE0166,https://oge.fipi.ru/bank/questions.php?proj=DE0E276E497AB3784C3FC4CC20248DC0&page=194#qDE0166,verified_local_archive
8,A12F6D,196,https://oge.fipi.ru/bank/questions.php?proj=DE0E276E497AB3784C3FC4CC20248DC0&page=196&pagesize=10#qA12F6D,https://oge.fipi.ru/bank/questions.php?proj=DE0E276E497AB3784C3FC4CC20248DC0&page=196#qA12F6D,verified_local_archive
8,A56663,197,https://oge.fipi.ru/bank/questions.php?proj=DE0E276E497AB3784C3FC4CC20248DC0&page=197&pagesize=10#qA56663,https://oge.fipi.ru/bank/questions.php?proj=DE0E276E497AB3784C3FC4CC20248DC0&page=197#qA56663,verified_local_archive
8,ADAB68,197,https://oge.fipi.ru/bank/questions.php?proj=DE0E276E497AB3784C3FC4CC20248DC0&page=197&pagesize=10#qADAB68,https://oge.fipi.ru/bank/questions.php?proj=DE0E276E497AB3784C3FC4CC20248DC0&page=197#qADAB68,verified_local_archive
8,97FE63,198,https://oge.fipi.ru/bank/questions.php?proj=DE0E276E497AB3784C3FC4CC20248DC0&page=198&pagesize=10#q97FE63,https://oge.fipi.ru/bank/questions.php?proj=DE0E276E497AB3784C3FC4CC20248DC0&page=198#q97FE63,verified_local_archive
8,602564,200,https://oge.fipi.ru/bank/questions.php?proj=DE0E276E497AB3784C3FC4CC20248DC0&page=200&pagesize=10#q602564,https://oge.fipi.ru/bank/questions.php?proj=DE0E276E497AB3784C3FC4CC20248DC0&page=200#q602564,verified_local_archive
8,65D36D,200,https://oge.fipi.ru/bank/questions.php?proj=DE0E276E497AB3784C3FC4CC20248DC0&page=200&pagesize=10#q65D36D,https://oge.fipi.ru/bank/questions.php?proj=DE0E276E497AB3784C3FC4CC20248DC0&page=200#q65D36D,verified_local_archive
8,6CFB6C,200,https://oge.fipi.ru/bank/questions.php?proj=DE0E276E497AB3784C3FC4CC20248DC0&page=200&pagesize=10#q6CFB6C,https://oge.fipi.ru/bank/questions.php?proj=DE0E276E497AB3784C3FC4CC20248DC0&page=200#q6CFB6C,verified_local_archive
8,30AD6B,201,https://oge.fipi.ru/bank/questions.php?proj=DE0E276E497AB3784C3FC4CC20248DC0&page=201&pagesize=10#q30AD6B,https://oge.fipi.ru/bank/questions.php?proj=DE0E276E497AB3784C3FC4CC20248DC0&page=201#q30AD6B,verified_local_archive
8,F4EE3A,204,https://oge.fipi.ru/bank/questions.php?proj=DE0E276E497AB3784C3FC4CC20248DC0&page=204&pagesize=10#qF4EE3A,https://oge.fipi.ru/bank/questions.php?proj=DE0E276E497AB3784C3FC4CC20248DC0&page=204#qF4EE3A,verified_local_archive
8,0F0437,205,https://oge.fipi.ru/bank/questions.php?proj=DE0E276E497AB3784C3FC4CC20248DC0&page=205&pagesize=10#q0F0437,https://oge.fipi.ru/bank/questions.php?proj=DE0E276E497AB3784C3FC4CC20248DC0&page=205#q0F0437,verified_local_archive
8,757031,205,https://oge.fipi.ru/bank/questions.php?proj=DE0E276E497AB3784C3FC4CC20248DC0&page=205&pagesize=10#q757031,https://oge.fipi.ru/bank/questions.php?proj=DE0E276E497AB3784C3FC4CC20248DC0&page=205#q757031,verified_local_archive
8,7AC43C,206,https://oge.fipi.ru/bank/questions.php?proj=DE0E276E497AB3784C3FC4CC20248DC0&page=206&pagesize=10#q7AC43C,https://oge.fipi.ru/bank/questions.php?proj=DE0E276E497AB3784C3FC4CC20248DC0&page=206#q7AC43C,verified_local_archive
8,7B0438,206,https://oge.fipi.ru/bank/questions.php?proj=DE0E276E497AB3784C3FC4CC20248DC0&page=206&pagesize=10#q7B0438,https://oge.fipi.ru/bank/questions.php?proj=DE0E276E497AB3784C3FC4CC20248DC0&page=206#q7B0438,verified_local_archive
8,29443B,208,https://oge.fipi.ru/bank/questions.php?proj=DE0E276E497AB3784C3FC4CC20248DC0&page=208&pagesize=10#q29443B,https://oge.fipi.ru/bank/questions.php?proj=DE0E276E497AB3784C3FC4CC20248DC0&page=208#q29443B,verified_local_archive
8,D69B35,209,https://oge.fipi.ru/bank/questions.php?proj=DE0E276E497AB3784C3FC4CC20248DC0&page=209&pagesize=10#qD69B35,https://oge.fipi.ru/bank/questions.php?proj=DE0E276E497AB3784C3FC4CC20248DC0&page=209#qD69B35,verified_local_archive
8,C61C32,211,https://oge.fipi.ru/bank/questions.php?proj=DE0E276E497AB3784C3FC4CC20248DC0&page=211&pagesize=10#qC61C32,https://oge.fipi.ru/bank/questions.php?proj=DE0E276E497AB3784C3FC4CC20248DC0&page=211#qC61C32,verified_local_archive
8,936F39,213,https://oge.fipi.ru/bank/questions.php?proj=DE0E276E497AB3784C3FC4CC20248DC0&page=213&pagesize=10#q936F39,https://oge.fipi.ru/bank/questions.php?proj=DE0E276E497AB3784C3FC4CC20248DC0&page=213#q936F39,verified_local_archive
8,9AC933,213,https://oge.fipi.ru/bank/questions.php?proj=DE0E276E497AB3784C3FC4CC20248DC0&page=213&pagesize=10#q9AC933,https://oge.fipi.ru/bank/questions.php?proj=DE0E276E497AB3784C3FC4CC20248DC0&page=213#q9AC933,verified_local_archive
8,8F513B,216,https://oge.fipi.ru/bank/questions.php?proj=DE0E276E497AB3784C3FC4CC20248DC0&page=216&pagesize=10#q8F513B,https://oge.fipi.ru/bank/questions.php?proj=DE0E276E497AB3784C3FC4CC20248DC0&page=216#q8F513B,verified_local_archive
8,FFDB8F,217,https://oge.fipi.ru/bank/questions.php?proj=DE0E276E497AB3784C3FC4CC20248DC0&page=217&pagesize=10#qFFDB8F,https://oge.fipi.ru/bank/questions.php?proj=DE0E276E497AB3784C3FC4CC20248DC0&page=217#qFFDB8F,verified_local_archive
8,F0D18B,218,https://oge.fipi.ru/bank/questions.php?proj=DE0E276E497AB3784C3FC4CC20248DC0&page=218&pagesize=10#qF0D18B,https://oge.fipi.ru/bank/questions.php?proj=DE0E276E497AB3784C3FC4CC20248DC0&page=218#qF0D18B,verified_local_archive
8,FC348B,218,https://oge.fipi.ru/bank/questions.php?proj=DE0E276E497AB3784C3FC4CC20248DC0&page=218&pagesize=10#qFC348B,https://oge.fipi.ru/bank/questions.php?proj=DE0E276E497AB3784C3FC4CC20248DC0&page=218#qFC348B,verified_local_archive
8,06A483,219,https://oge.fipi.ru/bank/questions.php?proj=DE0E276E497AB3784C3FC4CC20248DC0&page=219&pagesize=10#q06A483,https://oge.fipi.ru/bank/questions.php?proj=DE0E276E497AB3784C3FC4CC20248DC0&page=219#q06A483,verified_local_archive
8,2ACF89,222,https://oge.fipi.ru/bank/questions.php?proj=DE0E276E497AB3784C3FC4CC20248DC0&page=222&pagesize=10#q2ACF89,https://oge.fipi.ru/bank/questions.php?proj=DE0E276E497AB3784C3FC4CC20248DC0&page=222#q2ACF89,verified_local_archive
8,572D8D,223,https://oge.fipi.ru/bank/questions.php?proj=DE0E276E497AB3784C3FC4CC20248DC0&page=223&pagesize=10#q572D8D,https://oge.fipi.ru/bank/questions.php?proj=DE0E276E497AB3784C3FC4CC20248DC0&page=223#q572D8D,verified_local_archive
8,A3C889,224,https://oge.fipi.ru/bank/questions.php?proj=DE0E276E497AB3784C3FC4CC20248DC0&page=224&pagesize=10#qA3C889,https://oge.fipi.ru/bank/questions.php?proj=DE0E276E497AB3784C3FC4CC20248DC0&page=224#qA3C889,verified_local_archive
8,9FAA8C,226,https://oge.fipi.ru/bank/questions.php?proj=DE0E276E497AB3784C3FC4CC20248DC0&page=226&pagesize=10#q9FAA8C,https://oge.fipi.ru/bank/questions.php?proj=DE0E276E497AB3784C3FC4CC20248DC0&page=226#q9FAA8C,verified_local_archive
8,E56089,227,https://oge.fipi.ru/bank/questions.php?proj=DE0E276E497AB3784C3FC4CC20248DC0&page=227&pagesize=10#qE56089,https://oge.fipi.ru/bank/questions.php?proj=DE0E276E497AB3784C3FC4CC20248DC0&page=227#qE56089,verified_local_archive
8,693D82,228,https://oge.fipi.ru/bank/questions.php?proj=DE0E276E497AB3784C3FC4CC20248DC0&page=228&pagesize=10#q693D82,https://oge.fipi.ru/bank/questions.php?proj=DE0E276E497AB3784C3FC4CC20248DC0&page=228#q693D82,verified_local_archive
8,31A689,230,https://oge.fipi.ru/bank/questions.php?proj=DE0E276E497AB3784C3FC4CC20248DC0&page=230&pagesize=10#q31A689,https://oge.fipi.ru/bank/questions.php?proj=DE0E276E497AB3784C3FC4CC20248DC0&page=230#q31A689,verified_local_archive
8,8C8F82,230,https://oge.fipi.ru/bank/questions.php?proj=DE0E276E497AB3784C3FC4CC20248DC0&page=230&pagesize=10#q8C8F82,https://oge.fipi.ru/bank/questions.php?proj=DE0E276E497AB3784C3FC4CC20248DC0&page=230#q8C8F82,verified_local_archive
8,86A786,230,https://oge.fipi.ru/bank/questions.php?proj=DE0E276E497AB3784C3FC4CC20248DC0&page=230&pagesize=10#q86A786,https://oge.fipi.ru/bank/questions.php?proj=DE0E276E497AB3784C3FC4CC20248DC0&page=230#q86A786,verified_local_archive
8,A63D02,246,https://oge.fipi.ru/bank/questions.php?proj=DE0E276E497AB3784C3FC4CC20248DC0&page=246&pagesize=10#qA63D02,https://oge.fipi.ru/bank/questions.php?proj=DE0E276E497AB3784C3FC4CC20248DC0&page=246#qA63D02,verified_local_archive
8,F89C42,1,https://oge.fipi.ru/bank/questions.php?proj=DE0E276E497AB3784C3FC4CC20248DC0&page=1&pagesize=10#qF89C42,https://oge.fipi.ru/bank/questions.php?proj=DE0E276E497AB3784C3FC4CC20248DC0&page=1#qF89C42,verified_local_archive
8,71C14F,2,https://oge.fipi.ru/bank/questions.php?proj=DE0E276E497AB3784C3FC4CC20248DC0&page=2&pagesize=10#q71C14F,https://oge.fipi.ru/bank/questions.php?proj=DE0E276E497AB3784C3FC4CC20248DC0&page=2#q71C14F,verified_local_archive
8,75A243,3,https://oge.fipi.ru/bank/questions.php?proj=DE0E276E497AB3784C3FC4CC20248DC0&page=3&pagesize=10#q75A243,https://oge.fipi.ru/bank/questions.php?proj=DE0E276E497AB3784C3FC4CC20248DC0&page=3#q75A243,verified_local_archive
8,D32446,6,https://oge.fipi.ru/bank/questions.php?proj=DE0E276E497AB3784C3FC4CC20248DC0&page=6&pagesize=10#qD32446,https://oge.fipi.ru/bank/questions.php?proj=DE0E276E497AB3784C3FC4CC20248DC0&page=6#qD32446,verified_local_archive
8,8EE344,14,https://oge.fipi.ru/bank/questions.php?proj=DE0E276E497AB3784C3FC4CC20248DC0&page=14&pagesize=10#q8EE344,https://oge.fipi.ru/bank/questions.php?proj=DE0E276E497AB3784C3FC4CC20248DC0&page=14#q8EE344,verified_local_archive
8,807E4F,15,https://oge.fipi.ru/bank/questions.php?proj=DE0E276E497AB3784C3FC4CC20248DC0&page=15&pagesize=10#q807E4F,https://oge.fipi.ru/bank/questions.php?proj=DE0E276E497AB3784C3FC4CC20248DC0&page=15#q807E4F,verified_local_archive
8,4816FE,17,https://oge.fipi.ru/bank/questions.php?proj=DE0E276E497AB3784C3FC4CC20248DC0&page=17&pagesize=10#q4816FE,https://oge.fipi.ru/bank/questions.php?proj=DE0E276E497AB3784C3FC4CC20248DC0&page=17#q4816FE,verified_local_archive
8,F484F4,17,https://oge.fipi.ru/bank/questions.php?proj=DE0E276E497AB3784C3FC4CC20248DC0&page=17&pagesize=10#qF484F4,https://oge.fipi.ru/bank/questions.php?proj=DE0E276E497AB3784C3FC4CC20248DC0&page=17#qF484F4,verified_local_archive
8,B213FA,20,https://oge.fipi.ru/bank/questions.php?proj=DE0E276E497AB3784C3FC4CC20248DC0&page=20&pagesize=10#qB213FA,https://oge.fipi.ru/bank/questions.php?proj=DE0E276E497AB3784C3FC4CC20248DC0&page=20#qB213FA,verified_local_archive
8,2EDEFA,22,https://oge.fipi.ru/bank/questions.php?proj=DE0E276E497AB3784C3FC4CC20248DC0&page=22&pagesize=10#q2EDEFA,https://oge.fipi.ru/bank/questions.php?proj=DE0E276E497AB3784C3FC4CC20248DC0&page=22#q2EDEFA,verified_local_archive
8,D8EAFA,23,https://oge.fipi.ru/bank/questions.php?proj=DE0E276E497AB3784C3FC4CC20248DC0&page=23&pagesize=10#qD8EAFA,https://oge.fipi.ru/bank/questions.php?proj=DE0E276E497AB3784C3FC4CC20248DC0&page=23#qD8EAFA,verified_local_archive
8,EE6BFB,27,https://oge.fipi.ru/bank/questions.php?proj=DE0E276E497AB3784C3FC4CC20248DC0&page=27&pagesize=10#qEE6BFB,https://oge.fipi.ru/bank/questions.php?proj=DE0E276E497AB3784C3FC4CC20248DC0&page=27#qEE6BFB,verified_local_archive
8,EC48FA,27,https://oge.fipi.ru/bank/questions.php?proj=DE0E276E497AB3784C3FC4CC20248DC0&page=27&pagesize=10#qEC48FA,https://oge.fipi.ru/bank/questions.php?proj=DE0E276E497AB3784C3FC4CC20248DC0&page=27#qEC48FA,verified_local_archive
8,E4CBFC,27,https://oge.fipi.ru/bank/questions.php?proj=DE0E276E497AB3784C3FC4CC20248DC0&page=27&pagesize=10#qE4CBFC,https://oge.fipi.ru/bank/questions.php?proj=DE0E276E497AB3784C3FC4CC20248DC0&page=27#qE4CBFC,verified_local_archive
8,63D1F1,28,https://oge.fipi.ru/bank/questions.php?proj=DE0E276E497AB3784C3FC4CC20248DC0&page=28&pagesize=10#q63D1F1,https://oge.fipi.ru/bank/questions.php?proj=DE0E276E497AB3784C3FC4CC20248DC0&page=28#q63D1F1,verified_local_archive
8,3798FF,29,https://oge.fipi.ru/bank/questions.php?proj=DE0E276E497AB3784C3FC4CC20248DC0&page=29&pagesize=10#q3798FF,https://oge.fipi.ru/bank/questions.php?proj=DE0E276E497AB3784C3FC4CC20248DC0&page=29#q3798FF,verified_local_archive
8,436D02,31,https://oge.fipi.ru/bank/questions.php?proj=DE0E276E497AB3784C3FC4CC20248DC0&page=31&pagesize=10#q436D02,https://oge.fipi.ru/bank/questions.php?proj=DE0E276E497AB3784C3FC4CC20248DC0&page=31#q436D02,verified_local_archive
8,72120D,32,https://oge.fipi.ru/bank/questions.php?proj=DE0E276E497AB3784C3FC4CC20248DC0&page=32&pagesize=10#q72120D,https://oge.fipi.ru/bank/questions.php?proj=DE0E276E497AB3784C3FC4CC20248DC0&page=32#q72120D,verified_local_archive
8,1FCC0B,34,https://oge.fipi.ru/bank/questions.php?proj=DE0E276E497AB3784C3FC4CC20248DC0&page=34&pagesize=10#q1FCC0B,https://oge.fipi.ru/bank/questions.php?proj=DE0E276E497AB3784C3FC4CC20248DC0&page=34#q1FCC0B,verified_local_archive
8,D29804,35,https://oge.fipi.ru/bank/questions.php?proj=DE0E276E497AB3784C3FC4CC20248DC0&page=35&pagesize=10#qD29804,https://oge.fipi.ru/bank/questions.php?proj=DE0E276E497AB3784C3FC4CC20248DC0&page=35#qD29804,verified_local_archive
8,D90D09,36,https://oge.fipi.ru/bank/questions.php?proj=DE0E276E497AB3784C3FC4CC20248DC0&page=36&pagesize=10#qD90D09,https://oge.fipi.ru/bank/questions.php?proj=DE0E276E497AB3784C3FC4CC20248DC0&page=36#qD90D09,verified_local_archive
8,DA6303,36,https://oge.fipi.ru/bank/questions.php?proj=DE0E276E497AB3784C3FC4CC20248DC0&page=36&pagesize=10#qDA6303,https://oge.fipi.ru/bank/questions.php?proj=DE0E276E497AB3784C3FC4CC20248DC0&page=36#qDA6303,verified_local_archive
8,5EC609,37,https://oge.fipi.ru/bank/questions.php?proj=DE0E276E497AB3784C3FC4CC20248DC0&page=37&pagesize=10#q5EC609,https://oge.fipi.ru/bank/questions.php?proj=DE0E276E497AB3784C3FC4CC20248DC0&page=37#q5EC609,verified_local_archive
8,4A8273,45,https://oge.fipi.ru/bank/questions.php?proj=DE0E276E497AB3784C3FC4CC20248DC0&page=45&pagesize=10#q4A8273,https://oge.fipi.ru/bank/questions.php?proj=DE0E276E497AB3784C3FC4CC20248DC0&page=45#q4A8273,verified_local_archive
8,09EE70,45,https://oge.fipi.ru/bank/questions.php?proj=DE0E276E497AB3784C3FC4CC20248DC0&page=45&pagesize=10#q09EE70,https://oge.fipi.ru/bank/questions.php?proj=DE0E276E497AB3784C3FC4CC20248DC0&page=45#q09EE70,verified_local_archive
8,09BC71,46,https://oge.fipi.ru/bank/questions.php?proj=DE0E276E497AB3784C3FC4CC20248DC0&page=46&pagesize=10#q09BC71,https://oge.fipi.ru/bank/questions.php?proj=DE0E276E497AB3784C3FC4CC20248DC0&page=46#q09BC71,verified_local_archive
8,7F0B7E,47,https://oge.fipi.ru/bank/questions.php?proj=DE0E276E497AB3784C3FC4CC20248DC0&page=47&pagesize=10#q7F0B7E,https://oge.fipi.ru/bank/questions.php?proj=DE0E276E497AB3784C3FC4CC20248DC0&page=47#q7F0B7E,verified_local_archive
8,19C376,49,https://oge.fipi.ru/bank/questions.php?proj=DE0E276E497AB3784C3FC4CC20248DC0&page=49&pagesize=10#q19C376,https://oge.fipi.ru/bank/questions.php?proj=DE0E276E497AB3784C3FC4CC20248DC0&page=49#q19C376,verified_local_archive
8,D1557F,50,https://oge.fipi.ru/bank/questions.php?proj=DE0E276E497AB3784C3FC4CC20248DC0&page=50&pagesize=10#qD1557F,https://oge.fipi.ru/bank/questions.php?proj=DE0E276E497AB3784C3FC4CC20248DC0&page=50#qD1557F,verified_local_archive
8,533D74,51,https://oge.fipi.ru/bank/questions.php?proj=DE0E276E497AB3784C3FC4CC20248DC0&page=51&pagesize=10#q533D74,https://oge.fipi.ru/bank/questions.php?proj=DE0E276E497AB3784C3FC4CC20248DC0&page=51#q533D74,verified_local_archive
8,54927D,51,https://oge.fipi.ru/bank/questions.php?proj=DE0E276E497AB3784C3FC4CC20248DC0&page=51&pagesize=10#q54927D,https://oge.fipi.ru/bank/questions.php?proj=DE0E276E497AB3784C3FC4CC20248DC0&page=51#q54927D,verified_local_archive
8,AB6D73,53,https://oge.fipi.ru/bank/questions.php?proj=DE0E276E497AB3784C3FC4CC20248DC0&page=53&pagesize=10#qAB6D73,https://oge.fipi.ru/bank/questions.php?proj=DE0E276E497AB3784C3FC4CC20248DC0&page=53#qAB6D73,verified_local_archive
8,3B3A79,58,https://oge.fipi.ru/bank/questions.php?proj=DE0E276E497AB3784C3FC4CC20248DC0&page=58&pagesize=10#q3B3A79,https://oge.fipi.ru/bank/questions.php?proj=DE0E276E497AB3784C3FC4CC20248DC0&page=58#q3B3A79,verified_local_archive
8,FDEFBF,60,https://oge.fipi.ru/bank/questions.php?proj=DE0E276E497AB3784C3FC4CC20248DC0&page=60&pagesize=10#qFDEFBF,https://oge.fipi.ru/bank/questions.php?proj=DE0E276E497AB3784C3FC4CC20248DC0&page=60#qFDEFBF,verified_local_archive
8,F76CBD,61,https://oge.fipi.ru/bank/questions.php?proj=DE0E276E497AB3784C3FC4CC20248DC0&page=61&pagesize=10#qF76CBD,https://oge.fipi.ru/bank/questions.php?proj=DE0E276E497AB3784C3FC4CC20248DC0&page=61#qF76CBD,verified_local_archive
8,B8F0BD,63,https://oge.fipi.ru/bank/questions.php?proj=DE0E276E497AB3784C3FC4CC20248DC0&page=63&pagesize=10#qB8F0BD,https://oge.fipi.ru/bank/questions.php?proj=DE0E276E497AB3784C3FC4CC20248DC0&page=63#qB8F0BD,verified_local_archive
8,D3B8B2,66,https://oge.fipi.ru/bank/questions.php?proj=DE0E276E497AB3784C3FC4CC20248DC0&page=66&pagesize=10#qD3B8B2,https://oge.fipi.ru/bank/questions.php?proj=DE0E276E497AB3784C3FC4CC20248DC0&page=66#qD3B8B2,verified_local_archive
8,A87EB6,68,https://oge.fipi.ru/bank/questions.php?proj=DE0E276E497AB3784C3FC4CC20248DC0&page=68&pagesize=10#qA87EB6,https://oge.fipi.ru/bank/questions.php?proj=DE0E276E497AB3784C3FC4CC20248DC0&page=68#qA87EB6,verified_local_archive
8,9FBBBD,69,https://oge.fipi.ru/bank/questions.php?proj=DE0E276E497AB3784C3FC4CC20248DC0&page=69&pagesize=10#q9FBBBD,https://oge.fipi.ru/bank/questions.php?proj=DE0E276E497AB3784C3FC4CC20248DC0&page=69#q9FBBBD,verified_local_archive
8,EF00B1,70,https://oge.fipi.ru/bank/questions.php?proj=DE0E276E497AB3784C3FC4CC20248DC0&page=70&pagesize=10#qEF00B1,https://oge.fipi.ru/bank/questions.php?proj=DE0E276E497AB3784C3FC4CC20248DC0&page=70#qEF00B1,verified_local_archive
8,68A7BC,71,https://oge.fipi.ru/bank/questions.php?proj=DE0E276E497AB3784C3FC4CC20248DC0&page=71&pagesize=10#q68A7BC,https://oge.fipi.ru/bank/questions.php?proj=DE0E276E497AB3784C3FC4CC20248DC0&page=71#q68A7BC,verified_local_archive
8,863CB6,72,https://oge.fipi.ru/bank/questions.php?proj=DE0E276E497AB3784C3FC4CC20248DC0&page=72&pagesize=10#q863CB6,https://oge.fipi.ru/bank/questions.php?proj=DE0E276E497AB3784C3FC4CC20248DC0&page=72#q863CB6,verified_local_archive
8,FE8A19,74,https://oge.fipi.ru/bank/questions.php?proj=DE0E276E497AB3784C3FC4CC20248DC0&page=74&pagesize=10#qFE8A19,https://oge.fipi.ru/bank/questions.php?proj=DE0E276E497AB3784C3FC4CC20248DC0&page=74#qFE8A19,verified_local_archive
8,B1CA1D,77,https://oge.fipi.ru/bank/questions.php?proj=DE0E276E497AB3784C3FC4CC20248DC0&page=77&pagesize=10#qB1CA1D,https://oge.fipi.ru/bank/questions.php?proj=DE0E276E497AB3784C3FC4CC20248DC0&page=77#qB1CA1D,verified_local_archive
8,B2201A,77,https://oge.fipi.ru/bank/questions.php?proj=DE0E276E497AB3784C3FC4CC20248DC0&page=77&pagesize=10#qB2201A,https://oge.fipi.ru/bank/questions.php?proj=DE0E276E497AB3784C3FC4CC20248DC0&page=77#qB2201A,verified_local_archive
8,9AB210,83,https://oge.fipi.ru/bank/questions.php?proj=DE0E276E497AB3784C3FC4CC20248DC0&page=83&pagesize=10#q9AB210,https://oge.fipi.ru/bank/questions.php?proj=DE0E276E497AB3784C3FC4CC20248DC0&page=83#q9AB210,verified_local_archive
8,9D8F1D,84,https://oge.fipi.ru/bank/questions.php?proj=DE0E276E497AB3784C3FC4CC20248DC0&page=84&pagesize=10#q9D8F1D,https://oge.fipi.ru/bank/questions.php?proj=DE0E276E497AB3784C3FC4CC20248DC0&page=84#q9D8F1D,verified_local_archive
8,EEC21F,84,https://oge.fipi.ru/bank/questions.php?proj=DE0E276E497AB3784C3FC4CC20248DC0&page=84&pagesize=10#qEEC21F,https://oge.fipi.ru/bank/questions.php?proj=DE0E276E497AB3784C3FC4CC20248DC0&page=84#qEEC21F,verified_local_archive
8,3B531C,87,https://oge.fipi.ru/bank/questions.php?proj=DE0E276E497AB3784C3FC4CC20248DC0&page=87&pagesize=10#q3B531C,https://oge.fipi.ru/bank/questions.php?proj=DE0E276E497AB3784C3FC4CC20248DC0&page=87#q3B531C,verified_local_archive
8,806C14,88,https://oge.fipi.ru/bank/questions.php?proj=DE0E276E497AB3784C3FC4CC20248DC0&page=88&pagesize=10#q806C14,https://oge.fipi.ru/bank/questions.php?proj=DE0E276E497AB3784C3FC4CC20248DC0&page=88#q806C14,verified_local_archive
8,4A1F2B,90,https://oge.fipi.ru/bank/questions.php?proj=DE0E276E497AB3784C3FC4CC20248DC0&page=90&pagesize=10#q4A1F2B,https://oge.fipi.ru/bank/questions.php?proj=DE0E276E497AB3784C3FC4CC20248DC0&page=90#q4A1F2B,verified_local_archive
8,4B9B29,90,https://oge.fipi.ru/bank/questions.php?proj=DE0E276E497AB3784C3FC4CC20248DC0&page=90&pagesize=10#q4B9B29,https://oge.fipi.ru/bank/questions.php?proj=DE0E276E497AB3784C3FC4CC20248DC0&page=90#q4B9B29,verified_local_archive
8,7DEA2D,93,https://oge.fipi.ru/bank/questions.php?proj=DE0E276E497AB3784C3FC4CC20248DC0&page=93&pagesize=10#q7DEA2D,https://oge.fipi.ru/bank/questions.php?proj=DE0E276E497AB3784C3FC4CC20248DC0&page=93#q7DEA2D,verified_local_archive
8,171D20,95,https://oge.fipi.ru/bank/questions.php?proj=DE0E276E497AB3784C3FC4CC20248DC0&page=95&pagesize=10#q171D20,https://oge.fipi.ru/bank/questions.php?proj=DE0E276E497AB3784C3FC4CC20248DC0&page=95#q171D20,verified_local_archive
8,173A22,95,https://oge.fipi.ru/bank/questions.php?proj=DE0E276E497AB3784C3FC4CC20248DC0&page=95&pagesize=10#q173A22,https://oge.fipi.ru/bank/questions.php?proj=DE0E276E497AB3784C3FC4CC20248DC0&page=95#q173A22,verified_local_archive
8,28B325,96,https://oge.fipi.ru/bank/questions.php?proj=DE0E276E497AB3784C3FC4CC20248DC0&page=96&pagesize=10#q28B325,https://oge.fipi.ru/bank/questions.php?proj=DE0E276E497AB3784C3FC4CC20248DC0&page=96#q28B325,verified_local_archive
8,929129,102,https://oge.fipi.ru/bank/questions.php?proj=DE0E276E497AB3784C3FC4CC20248DC0&page=102&pagesize=10#q929129,https://oge.fipi.ru/bank/questions.php?proj=DE0E276E497AB3784C3FC4CC20248DC0&page=102#q929129,verified_local_archive
8,E7732F,102,https://oge.fipi.ru/bank/questions.php?proj=DE0E276E497AB3784C3FC4CC20248DC0&page=102&pagesize=10#qE7732F,https://oge.fipi.ru/bank/questions.php?proj=DE0E276E497AB3784C3FC4CC20248DC0&page=102#qE7732F,verified_local_archive
8,681C2E,103,https://oge.fipi.ru/bank/questions.php?proj=DE0E276E497AB3784C3FC4CC20248DC0&page=103&pagesize=10#q681C2E,https://oge.fipi.ru/bank/questions.php?proj=DE0E276E497AB3784C3FC4CC20248DC0&page=103#q681C2E,verified_local_archive
8,38B020,104,https://oge.fipi.ru/bank/questions.php?proj=DE0E276E497AB3784C3FC4CC20248DC0&page=104&pagesize=10#q38B020,https://oge.fipi.ru/bank/questions.php?proj=DE0E276E497AB3784C3FC4CC20248DC0&page=104#q38B020,verified_local_archive
8,331D29,104,https://oge.fipi.ru/bank/questions.php?proj=DE0E276E497AB3784C3FC4CC20248DC0&page=104&pagesize=10#q331D29,https://oge.fipi.ru/bank/questions.php?proj=DE0E276E497AB3784C3FC4CC20248DC0&page=104#q331D29,verified_local_archive
8,2DA8D7,110,https://oge.fipi.ru/bank/questions.php?proj=DE0E276E497AB3784C3FC4CC20248DC0&page=110&pagesize=10#q2DA8D7,https://oge.fipi.ru/bank/questions.php?proj=DE0E276E497AB3784C3FC4CC20248DC0&page=110#q2DA8D7,verified_local_archive
8,DAC4D1,112,https://oge.fipi.ru/bank/questions.php?proj=DE0E276E497AB3784C3FC4CC20248DC0&page=112&pagesize=10#qDAC4D1,https://oge.fipi.ru/bank/questions.php?proj=DE0E276E497AB3784C3FC4CC20248DC0&page=112#qDAC4D1,verified_local_archive
8,63A0D7,116,https://oge.fipi.ru/bank/questions.php?proj=DE0E276E497AB3784C3FC4CC20248DC0&page=116&pagesize=10#q63A0D7,https://oge.fipi.ru/bank/questions.php?proj=DE0E276E497AB3784C3FC4CC20248DC0&page=116#q63A0D7,verified_local_archive
8,3F04D3,117,https://oge.fipi.ru/bank/questions.php?proj=DE0E276E497AB3784C3FC4CC20248DC0&page=117&pagesize=10#q3F04D3,https://oge.fipi.ru/bank/questions.php?proj=DE0E276E497AB3784C3FC4CC20248DC0&page=117#q3F04D3,verified_local_archive
8,0FB852,121,https://oge.fipi.ru/bank/questions.php?proj=DE0E276E497AB3784C3FC4CC20248DC0&page=121&pagesize=10#q0FB852,https://oge.fipi.ru/bank/questions.php?proj=DE0E276E497AB3784C3FC4CC20248DC0&page=121#q0FB852,verified_local_archive
8,2B9358,124,https://oge.fipi.ru/bank/questions.php?proj=DE0E276E497AB3784C3FC4CC20248DC0&page=124&pagesize=10#q2B9358,https://oge.fipi.ru/bank/questions.php?proj=DE0E276E497AB3784C3FC4CC20248DC0&page=124#q2B9358,verified_local_archive
8,530C50,125,https://oge.fipi.ru/bank/questions.php?proj=DE0E276E497AB3784C3FC4CC20248DC0&page=125&pagesize=10#q530C50,https://oge.fipi.ru/bank/questions.php?proj=DE0E276E497AB3784C3FC4CC20248DC0&page=125#q530C50,verified_local_archive
8,9BA958,129,https://oge.fipi.ru/bank/questions.php?proj=DE0E276E497AB3784C3FC4CC20248DC0&page=129&pagesize=10#q9BA958,https://oge.fipi.ru/bank/questions.php?proj=DE0E276E497AB3784C3FC4CC20248DC0&page=129#q9BA958,verified_local_archive
8,E9D652,129,https://oge.fipi.ru/bank/questions.php?proj=DE0E276E497AB3784C3FC4CC20248DC0&page=129&pagesize=10#qE9D652,https://oge.fipi.ru/bank/questions.php?proj=DE0E276E497AB3784C3FC4CC20248DC0&page=129#qE9D652,verified_local_archive
8,6B6359,131,https://oge.fipi.ru/bank/questions.php?proj=DE0E276E497AB3784C3FC4CC20248DC0&page=131&pagesize=10#q6B6359,https://oge.fipi.ru/bank/questions.php?proj=DE0E276E497AB3784C3FC4CC20248DC0&page=131#q6B6359,verified_local_archive
8,676056,131,https://oge.fipi.ru/bank/questions.php?proj=DE0E276E497AB3784C3FC4CC20248DC0&page=131&pagesize=10#q676056,https://oge.fipi.ru/bank/questions.php?proj=DE0E276E497AB3784C3FC4CC20248DC0&page=131#q676056,verified_local_archive
8,0068A8,135,https://oge.fipi.ru/bank/questions.php?proj=DE0E276E497AB3784C3FC4CC20248DC0&page=135&pagesize=10#q0068A8,https://oge.fipi.ru/bank/questions.php?proj=DE0E276E497AB3784C3FC4CC20248DC0&page=135#q0068A8,verified_local_archive
8,D5C7AD,139,https://oge.fipi.ru/bank/questions.php?proj=DE0E276E497AB3784C3FC4CC20248DC0&page=139&pagesize=10#qD5C7AD,https://oge.fipi.ru/bank/questions.php?proj=DE0E276E497AB3784C3FC4CC20248DC0&page=139#qD5C7AD,verified_local_archive
8,D670AC,139,https://oge.fipi.ru/bank/questions.php?proj=DE0E276E497AB3784C3FC4CC20248DC0&page=139&pagesize=10#qD670AC,https://oge.fipi.ru/bank/questions.php?proj=DE0E276E497AB3784C3FC4CC20248DC0&page=139#qD670AC,verified_local_archive
8,5FF5AA,139,https://oge.fipi.ru/bank/questions.php?proj=DE0E276E497AB3784C3FC4CC20248DC0&page=139&pagesize=10#q5FF5AA,https://oge.fipi.ru/bank/questions.php?proj=DE0E276E497AB3784C3FC4CC20248DC0&page=139#q5FF5AA,verified_local_archive
8,A2EFAF,140,https://oge.fipi.ru/bank/questions.php?proj=DE0E276E497AB3784C3FC4CC20248DC0&page=140&pagesize=10#qA2EFAF,https://oge.fipi.ru/bank/questions.php?proj=DE0E276E497AB3784C3FC4CC20248DC0&page=140#qA2EFAF,verified_local_archive
8,A802A3,141,https://oge.fipi.ru/bank/questions.php?proj=DE0E276E497AB3784C3FC4CC20248DC0&page=141&pagesize=10#qA802A3,https://oge.fipi.ru/bank/questions.php?proj=DE0E276E497AB3784C3FC4CC20248DC0&page=141#qA802A3,verified_local_archive
8,93DEA8,142,https://oge.fipi.ru/bank/questions.php?proj=DE0E276E497AB3784C3FC4CC20248DC0&page=142&pagesize=10#q93DEA8,https://oge.fipi.ru/bank/questions.php?proj=DE0E276E497AB3784C3FC4CC20248DC0&page=142#q93DEA8,verified_local_archive
8,3642AA,144,https://oge.fipi.ru/bank/questions.php?proj=DE0E276E497AB3784C3FC4CC20248DC0&page=144&pagesize=10#q3642AA,https://oge.fipi.ru/bank/questions.php?proj=DE0E276E497AB3784C3FC4CC20248DC0&page=144#q3642AA,verified_local_archive
8,0630C4,148,https://oge.fipi.ru/bank/questions.php?proj=DE0E276E497AB3784C3FC4CC20248DC0&page=148&pagesize=10#q0630C4,https://oge.fipi.ru/bank/questions.php?proj=DE0E276E497AB3784C3FC4CC20248DC0&page=148#q0630C4,verified_local_archive
8,7643C1,149,https://oge.fipi.ru/bank/questions.php?proj=DE0E276E497AB3784C3FC4CC20248DC0&page=149&pagesize=10#q7643C1,https://oge.fipi.ru/bank/questions.php?proj=DE0E276E497AB3784C3FC4CC20248DC0&page=149#q7643C1,verified_local_archive
8,B6E3CB,150,https://oge.fipi.ru/bank/questions.php?proj=DE0E276E497AB3784C3FC4CC20248DC0&page=150&pagesize=10#qB6E3CB,https://oge.fipi.ru/bank/questions.php?proj=DE0E276E497AB3784C3FC4CC20248DC0&page=150#qB6E3CB,verified_local_archive
8,1790CC,151,https://oge.fipi.ru/bank/questions.php?proj=DE0E276E497AB3784C3FC4CC20248DC0&page=151&pagesize=10#q1790CC,https://oge.fipi.ru/bank/questions.php?proj=DE0E276E497AB3784C3FC4CC20248DC0&page=151#q1790CC,verified_local_archive
8,5DE6C3,153,https://oge.fipi.ru/bank/questions.php?proj=DE0E276E497AB3784C3FC4CC20248DC0&page=153&pagesize=10#q5DE6C3,https://oge.fipi.ru/bank/questions.php?proj=DE0E276E497AB3784C3FC4CC20248DC0&page=153#q5DE6C3,verified_local_archive
8,9DBFCB,156,https://oge.fipi.ru/bank/questions.php?proj=DE0E276E497AB3784C3FC4CC20248DC0&page=156&pagesize=10#q9DBFCB,https://oge.fipi.ru/bank/questions.php?proj=DE0E276E497AB3784C3FC4CC20248DC0&page=156#q9DBFCB,verified_local_archive
8,E44CC2,156,https://oge.fipi.ru/bank/questions.php?proj=DE0E276E497AB3784C3FC4CC20248DC0&page=156&pagesize=10#qE44CC2,https://oge.fipi.ru/bank/questions.php?proj=DE0E276E497AB3784C3FC4CC20248DC0&page=156#qE44CC2,verified_local_archive
8,6927C5,157,https://oge.fipi.ru/bank/questions.php?proj=DE0E276E497AB3784C3FC4CC20248DC0&page=157&pagesize=10#q6927C5,https://oge.fipi.ru/bank/questions.php?proj=DE0E276E497AB3784C3FC4CC20248DC0&page=157#q6927C5,verified_local_archive
8,3E2FC4,158,https://oge.fipi.ru/bank/questions.php?proj=DE0E276E497AB3784C3FC4CC20248DC0&page=158&pagesize=10#q3E2FC4,https://oge.fipi.ru/bank/questions.php?proj=DE0E276E497AB3784C3FC4CC20248DC0&page=158#q3E2FC4,verified_local_archive
8,8E2CC0,159,https://oge.fipi.ru/bank/questions.php?proj=DE0E276E497AB3784C3FC4CC20248DC0&page=159&pagesize=10#q8E2CC0,https://oge.fipi.ru/bank/questions.php?proj=DE0E276E497AB3784C3FC4CC20248DC0&page=159#q8E2CC0,verified_local_archive
8,4AD994,159,https://oge.fipi.ru/bank/questions.php?proj=DE0E276E497AB3784C3FC4CC20248DC0&page=159&pagesize=10#q4AD994,https://oge.fipi.ru/bank/questions.php?proj=DE0E276E497AB3784C3FC4CC20248DC0&page=159#q4AD994,verified_local_archive
8,465498,160,https://oge.fipi.ru/bank/questions.php?proj=DE0E276E497AB3784C3FC4CC20248DC0&page=160&pagesize=10#q465498,https://oge.fipi.ru/bank/questions.php?proj=DE0E276E497AB3784C3FC4CC20248DC0&page=160#q465498,verified_local_archive
8,FA3992,160,https://oge.fipi.ru/bank/questions.php?proj=DE0E276E497AB3784C3FC4CC20248DC0&page=160&pagesize=10#qFA3992,https://oge.fipi.ru/bank/questions.php?proj=DE0E276E497AB3784C3FC4CC20248DC0&page=160#qFA3992,verified_local_archive
8,00B494,161,https://oge.fipi.ru/bank/questions.php?proj=DE0E276E497AB3784C3FC4CC20248DC0&page=161&pagesize=10#q00B494,https://oge.fipi.ru/bank/questions.php?proj=DE0E276E497AB3784C3FC4CC20248DC0&page=161#q00B494,verified_local_archive
8,04BD97,161,https://oge.fipi.ru/bank/questions.php?proj=DE0E276E497AB3784C3FC4CC20248DC0&page=161&pagesize=10#q04BD97,https://oge.fipi.ru/bank/questions.php?proj=DE0E276E497AB3784C3FC4CC20248DC0&page=161#q04BD97,verified_local_archive
8,0C4392,161,https://oge.fipi.ru/bank/questions.php?proj=DE0E276E497AB3784C3FC4CC20248DC0&page=161&pagesize=10#q0C4392,https://oge.fipi.ru/bank/questions.php?proj=DE0E276E497AB3784C3FC4CC20248DC0&page=161#q0C4392,verified_local_archive
8,BA139F,163,https://oge.fipi.ru/bank/questions.php?proj=DE0E276E497AB3784C3FC4CC20248DC0&page=163&pagesize=10#qBA139F,https://oge.fipi.ru/bank/questions.php?proj=DE0E276E497AB3784C3FC4CC20248DC0&page=163#qBA139F,verified_local_archive
8,2EBA9A,165,https://oge.fipi.ru/bank/questions.php?proj=DE0E276E497AB3784C3FC4CC20248DC0&page=165&pagesize=10#q2EBA9A,https://oge.fipi.ru/bank/questions.php?proj=DE0E276E497AB3784C3FC4CC20248DC0&page=165#q2EBA9A,verified_local_archive
8,D99199,166,https://oge.fipi.ru/bank/questions.php?proj=DE0E276E497AB3784C3FC4CC20248DC0&page=166&pagesize=10#qD99199,https://oge.fipi.ru/bank/questions.php?proj=DE0E276E497AB3784C3FC4CC20248DC0&page=166#qD99199,verified_local_archive
8,51A69E,166,https://oge.fipi.ru/bank/questions.php?proj=DE0E276E497AB3784C3FC4CC20248DC0&page=166&pagesize=10#q51A69E,https://oge.fipi.ru/bank/questions.php?proj=DE0E276E497AB3784C3FC4CC20248DC0&page=166#q51A69E,verified_local_archive
8,C0899B,168,https://oge.fipi.ru/bank/questions.php?proj=DE0E276E497AB3784C3FC4CC20248DC0&page=168&pagesize=10#qC0899B,https://oge.fipi.ru/bank/questions.php?proj=DE0E276E497AB3784C3FC4CC20248DC0&page=168#qC0899B,verified_local_archive
8,CA1891,168,https://oge.fipi.ru/bank/questions.php?proj=DE0E276E497AB3784C3FC4CC20248DC0&page=168&pagesize=10#qCA1891,https://oge.fipi.ru/bank/questions.php?proj=DE0E276E497AB3784C3FC4CC20248DC0&page=168#qCA1891,verified_local_archive
8,C6B499,168,https://oge.fipi.ru/bank/questions.php?proj=DE0E276E497AB3784C3FC4CC20248DC0&page=168&pagesize=10#qC6B499,https://oge.fipi.ru/bank/questions.php?proj=DE0E276E497AB3784C3FC4CC20248DC0&page=168#qC6B499,verified_local_archive
8,E44E96,171,https://oge.fipi.ru/bank/questions.php?proj=DE0E276E497AB3784C3FC4CC20248DC0&page=171&pagesize=10#qE44E96,https://oge.fipi.ru/bank/questions.php?proj=DE0E276E497AB3784C3FC4CC20248DC0&page=171#qE44E96,verified_local_archive
8,6E929D,171,https://oge.fipi.ru/bank/questions.php?proj=DE0E276E497AB3784C3FC4CC20248DC0&page=171&pagesize=10#q6E929D,https://oge.fipi.ru/bank/questions.php?proj=DE0E276E497AB3784C3FC4CC20248DC0&page=171#q6E929D,verified_local_archive
8,3D5E95,173,https://oge.fipi.ru/bank/questions.php?proj=DE0E276E497AB3784C3FC4CC20248DC0&page=173&pagesize=10#q3D5E95,https://oge.fipi.ru/bank/questions.php?proj=DE0E276E497AB3784C3FC4CC20248DC0&page=173#q3D5E95,verified_local_archive
8,4749E0,174,https://oge.fipi.ru/bank/questions.php?proj=DE0E276E497AB3784C3FC4CC20248DC0&page=174&pagesize=10#q4749E0,https://oge.fipi.ru/bank/questions.php?proj=DE0E276E497AB3784C3FC4CC20248DC0&page=174#q4749E0,verified_local_archive
8,F2B2E6,175,https://oge.fipi.ru/bank/questions.php?proj=DE0E276E497AB3784C3FC4CC20248DC0&page=175&pagesize=10#qF2B2E6,https://oge.fipi.ru/bank/questions.php?proj=DE0E276E497AB3784C3FC4CC20248DC0&page=175#qF2B2E6,verified_local_archive
8,B40EE6,177,https://oge.fipi.ru/bank/questions.php?proj=DE0E276E497AB3784C3FC4CC20248DC0&page=177&pagesize=10#qB40EE6,https://oge.fipi.ru/bank/questions.php?proj=DE0E276E497AB3784C3FC4CC20248DC0&page=177#qB40EE6,verified_local_archive
8,124EEE,178,https://oge.fipi.ru/bank/questions.php?proj=DE0E276E497AB3784C3FC4CC20248DC0&page=178&pagesize=10#q124EEE,https://oge.fipi.ru/bank/questions.php?proj=DE0E276E497AB3784C3FC4CC20248DC0&page=178#q124EEE,verified_local_archive
8,1BEFE3,178,https://oge.fipi.ru/bank/questions.php?proj=DE0E276E497AB3784C3FC4CC20248DC0&page=178&pagesize=10#q1BEFE3,https://oge.fipi.ru/bank/questions.php?proj=DE0E276E497AB3784C3FC4CC20248DC0&page=178#q1BEFE3,verified_local_archive
8,26A8E8,179,https://oge.fipi.ru/bank/questions.php?proj=DE0E276E497AB3784C3FC4CC20248DC0&page=179&pagesize=10#q26A8E8,https://oge.fipi.ru/bank/questions.php?proj=DE0E276E497AB3784C3FC4CC20248DC0&page=179#q26A8E8,verified_local_archive
8,C5D1E4,182,https://oge.fipi.ru/bank/questions.php?proj=DE0E276E497AB3784C3FC4CC20248DC0&page=182&pagesize=10#qC5D1E4,https://oge.fipi.ru/bank/questions.php?proj=DE0E276E497AB3784C3FC4CC20248DC0&page=182#qC5D1E4,verified_local_archive
8,C540E6,183,https://oge.fipi.ru/bank/questions.php?proj=DE0E276E497AB3784C3FC4CC20248DC0&page=183&pagesize=10#qC540E6,https://oge.fipi.ru/bank/questions.php?proj=DE0E276E497AB3784C3FC4CC20248DC0&page=183#qC540E6,verified_local_archive
8,3687E2,186,https://oge.fipi.ru/bank/questions.php?proj=DE0E276E497AB3784C3FC4CC20248DC0&page=186&pagesize=10#q3687E2,https://oge.fipi.ru/bank/questions.php?proj=DE0E276E497AB3784C3FC4CC20248DC0&page=186#q3687E2,verified_local_archive
8,44D064,188,https://oge.fipi.ru/bank/questions.php?proj=DE0E276E497AB3784C3FC4CC20248DC0&page=188&pagesize=10#q44D064,https://oge.fipi.ru/bank/questions.php?proj=DE0E276E497AB3784C3FC4CC20248DC0&page=188#q44D064,verified_local_archive
8,4D2F62,188,https://oge.fipi.ru/bank/questions.php?proj=DE0E276E497AB3784C3FC4CC20248DC0&page=188&pagesize=10#q4D2F62,https://oge.fipi.ru/bank/questions.php?proj=DE0E276E497AB3784C3FC4CC20248DC0&page=188#q4D2F62,verified_local_archive
8,FFB268,190,https://oge.fipi.ru/bank/questions.php?proj=DE0E276E497AB3784C3FC4CC20248DC0&page=190&pagesize=10#qFFB268,https://oge.fipi.ru/bank/questions.php?proj=DE0E276E497AB3784C3FC4CC20248DC0&page=190#qFFB268,verified_local_archive
8,B95C64,191,https://oge.fipi.ru/bank/questions.php?proj=DE0E276E497AB3784C3FC4CC20248DC0&page=191&pagesize=10#qB95C64,https://oge.fipi.ru/bank/questions.php?proj=DE0E276E497AB3784C3FC4CC20248DC0&page=191#qB95C64,verified_local_archive
8,272A6B,193,https://oge.fipi.ru/bank/questions.php?proj=DE0E276E497AB3784C3FC4CC20248DC0&page=193&pagesize=10#q272A6B,https://oge.fipi.ru/bank/questions.php?proj=DE0E276E497AB3784C3FC4CC20248DC0&page=193#q272A6B,verified_local_archive
8,63126C,200,https://oge.fipi.ru/bank/questions.php?proj=DE0E276E497AB3784C3FC4CC20248DC0&page=200&pagesize=10#q63126C,https://oge.fipi.ru/bank/questions.php?proj=DE0E276E497AB3784C3FC4CC20248DC0&page=200#q63126C,verified_local_archive
8,471D3F,202,https://oge.fipi.ru/bank/questions.php?proj=DE0E276E497AB3784C3FC4CC20248DC0&page=202&pagesize=10#q471D3F,https://oge.fipi.ru/bank/questions.php?proj=DE0E276E497AB3784C3FC4CC20248DC0&page=202#q471D3F,verified_local_archive
8,43783E,203,https://oge.fipi.ru/bank/questions.php?proj=DE0E276E497AB3784C3FC4CC20248DC0&page=203&pagesize=10#q43783E,https://oge.fipi.ru/bank/questions.php?proj=DE0E276E497AB3784C3FC4CC20248DC0&page=203#q43783E,verified_local_archive
8,0F7331,205,https://oge.fipi.ru/bank/questions.php?proj=DE0E276E497AB3784C3FC4CC20248DC0&page=205&pagesize=10#q0F7331,https://oge.fipi.ru/bank/questions.php?proj=DE0E276E497AB3784C3FC4CC20248DC0&page=205#q0F7331,verified_local_archive
8,B80B38,207,https://oge.fipi.ru/bank/questions.php?proj=DE0E276E497AB3784C3FC4CC20248DC0&page=207&pagesize=10#qB80B38,https://oge.fipi.ru/bank/questions.php?proj=DE0E276E497AB3784C3FC4CC20248DC0&page=207#qB80B38,verified_local_archive
8,2A133B,208,https://oge.fipi.ru/bank/questions.php?proj=DE0E276E497AB3784C3FC4CC20248DC0&page=208&pagesize=10#q2A133B,https://oge.fipi.ru/bank/questions.php?proj=DE0E276E497AB3784C3FC4CC20248DC0&page=208#q2A133B,verified_local_archive
8,2FA13A,208,https://oge.fipi.ru/bank/questions.php?proj=DE0E276E497AB3784C3FC4CC20248DC0&page=208&pagesize=10#q2FA13A,https://oge.fipi.ru/bank/questions.php?proj=DE0E276E497AB3784C3FC4CC20248DC0&page=208#q2FA13A,verified_local_archive
8,DCB235,209,https://oge.fipi.ru/bank/questions.php?proj=DE0E276E497AB3784C3FC4CC20248DC0&page=209&pagesize=10#qDCB235,https://oge.fipi.ru/bank/questions.php?proj=DE0E276E497AB3784C3FC4CC20248DC0&page=209#qDCB235,verified_local_archive
8,573039,210,https://oge.fipi.ru/bank/questions.php?proj=DE0E276E497AB3784C3FC4CC20248DC0&page=210&pagesize=10#q573039,https://oge.fipi.ru/bank/questions.php?proj=DE0E276E497AB3784C3FC4CC20248DC0&page=210#q573039,verified_local_archive
8,9B2235,212,https://oge.fipi.ru/bank/questions.php?proj=DE0E276E497AB3784C3FC4CC20248DC0&page=212&pagesize=10#q9B2235,https://oge.fipi.ru/bank/questions.php?proj=DE0E276E497AB3784C3FC4CC20248DC0&page=212#q9B2235,verified_local_archive
8,9A983C,212,https://oge.fipi.ru/bank/questions.php?proj=DE0E276E497AB3784C3FC4CC20248DC0&page=212&pagesize=10#q9A983C,https://oge.fipi.ru/bank/questions.php?proj=DE0E276E497AB3784C3FC4CC20248DC0&page=212#q9A983C,verified_local_archive
8,E1A535,214,https://oge.fipi.ru/bank/questions.php?proj=DE0E276E497AB3784C3FC4CC20248DC0&page=214&pagesize=10#qE1A535,https://oge.fipi.ru/bank/questions.php?proj=DE0E276E497AB3784C3FC4CC20248DC0&page=214#qE1A535,verified_local_archive
8,46638B,217,https://oge.fipi.ru/bank/questions.php?proj=DE0E276E497AB3784C3FC4CC20248DC0&page=217&pagesize=10#q46638B,https://oge.fipi.ru/bank/questions.php?proj=DE0E276E497AB3784C3FC4CC20248DC0&page=217#q46638B,verified_local_archive
8,53AB87,223,https://oge.fipi.ru/bank/questions.php?proj=DE0E276E497AB3784C3FC4CC20248DC0&page=223&pagesize=10#q53AB87,https://oge.fipi.ru/bank/questions.php?proj=DE0E276E497AB3784C3FC4CC20248DC0&page=223#q53AB87,verified_local_archive
8,5BA988,223,https://oge.fipi.ru/bank/questions.php?proj=DE0E276E497AB3784C3FC4CC20248DC0&page=223&pagesize=10#q5BA988,https://oge.fipi.ru/bank/questions.php?proj=DE0E276E497AB3784C3FC4CC20248DC0&page=223#q5BA988,verified_local_archive
8,AAF280,224,https://oge.fipi.ru/bank/questions.php?proj=DE0E276E497AB3784C3FC4CC20248DC0&page=224&pagesize=10#qAAF280,https://oge.fipi.ru/bank/questions.php?proj=DE0E276E497AB3784C3FC4CC20248DC0&page=224#qAAF280,verified_local_archive
8,92BB8E,226,https://oge.fipi.ru/bank/questions.php?proj=DE0E276E497AB3784C3FC4CC20248DC0&page=226&pagesize=10#q92BB8E,https://oge.fipi.ru/bank/questions.php?proj=DE0E276E497AB3784C3FC4CC20248DC0&page=226#q92BB8E,verified_local_archive
8,6D2489,228,https://oge.fipi.ru/bank/questions.php?proj=DE0E276E497AB3784C3FC4CC20248DC0&page=228&pagesize=10#q6D2489,https://oge.fipi.ru/bank/questions.php?proj=DE0E276E497AB3784C3FC4CC20248DC0&page=228#q6D2489,verified_local_archive
8,6E9B8E,229,https://oge.fipi.ru/bank/questions.php?proj=DE0E276E497AB3784C3FC4CC20248DC0&page=229&pagesize=10#q6E9B8E,https://oge.fipi.ru/bank/questions.php?proj=DE0E276E497AB3784C3FC4CC20248DC0&page=229#q6E9B8E,verified_local_archive
8,8BCB8D,230,https://oge.fipi.ru/bank/questions.php?proj=DE0E276E497AB3784C3FC4CC20248DC0&page=230&pagesize=10#q8BCB8D,https://oge.fipi.ru/bank/questions.php?proj=DE0E276E497AB3784C3FC4CC20248DC0&page=230#q8BCB8D,verified_local_archive
8,510C4E,7,https://oge.fipi.ru/bank/questions.php?proj=DE0E276E497AB3784C3FC4CC20248DC0&page=7&pagesize=10#q510C4E,https://oge.fipi.ru/bank/questions.php?proj=DE0E276E497AB3784C3FC4CC20248DC0&page=7#q510C4E,verified_local_archive
8,D9AF0A,36,https://oge.fipi.ru/bank/questions.php?proj=DE0E276E497AB3784C3FC4CC20248DC0&page=36&pagesize=10#qD9AF0A,https://oge.fipi.ru/bank/questions.php?proj=DE0E276E497AB3784C3FC4CC20248DC0&page=36#qD9AF0A,verified_local_archive
8,BF1670,48,https://oge.fipi.ru/bank/questions.php?proj=DE0E276E497AB3784C3FC4CC20248DC0&page=48&pagesize=10#qBF1670,https://oge.fipi.ru/bank/questions.php?proj=DE0E276E497AB3784C3FC4CC20248DC0&page=48#qBF1670,verified_local_archive
8,93D4B2,69,https://oge.fipi.ru/bank/questions.php?proj=DE0E276E497AB3784C3FC4CC20248DC0&page=69&pagesize=10#q93D4B2,https://oge.fipi.ru/bank/questions.php?proj=DE0E276E497AB3784C3FC4CC20248DC0&page=69#q93D4B2,verified_local_archive
8,F7E414,73,https://oge.fipi.ru/bank/questions.php?proj=DE0E276E497AB3784C3FC4CC20248DC0&page=73&pagesize=10#qF7E414,https://oge.fipi.ru/bank/questions.php?proj=DE0E276E497AB3784C3FC4CC20248DC0&page=73#qF7E414,verified_local_archive
8,F0B117,74,https://oge.fipi.ru/bank/questions.php?proj=DE0E276E497AB3784C3FC4CC20248DC0&page=74&pagesize=10#qF0B117,https://oge.fipi.ru/bank/questions.php?proj=DE0E276E497AB3784C3FC4CC20248DC0&page=74#qF0B117,verified_local_archive
8,BA5C16,77,https://oge.fipi.ru/bank/questions.php?proj=DE0E276E497AB3784C3FC4CC20248DC0&page=77&pagesize=10#qBA5C16,https://oge.fipi.ru/bank/questions.php?proj=DE0E276E497AB3784C3FC4CC20248DC0&page=77#qBA5C16,verified_local_archive
8,014F2F,91,https://oge.fipi.ru/bank/questions.php?proj=DE0E276E497AB3784C3FC4CC20248DC0&page=91&pagesize=10#q014F2F,https://oge.fipi.ru/bank/questions.php?proj=DE0E276E497AB3784C3FC4CC20248DC0&page=91#q014F2F,verified_local_archive
8,A62B2C,100,https://oge.fipi.ru/bank/questions.php?proj=DE0E276E497AB3784C3FC4CC20248DC0&page=100&pagesize=10#qA62B2C,https://oge.fipi.ru/bank/questions.php?proj=DE0E276E497AB3784C3FC4CC20248DC0&page=100#qA62B2C,verified_local_archive
8,CEB524,100,https://oge.fipi.ru/bank/questions.php?proj=DE0E276E497AB3784C3FC4CC20248DC0&page=100&pagesize=10#qCEB524,https://oge.fipi.ru/bank/questions.php?proj=DE0E276E497AB3784C3FC4CC20248DC0&page=100#qCEB524,verified_local_archive
8,1FC5DE,110,https://oge.fipi.ru/bank/questions.php?proj=DE0E276E497AB3784C3FC4CC20248DC0&page=110&pagesize=10#q1FC5DE,https://oge.fipi.ru/bank/questions.php?proj=DE0E276E497AB3784C3FC4CC20248DC0&page=110#q1FC5DE,verified_local_archive
8,8D52DF,118,https://oge.fipi.ru/bank/questions.php?proj=DE0E276E497AB3784C3FC4CC20248DC0&page=118&pagesize=10#q8D52DF,https://oge.fipi.ru/bank/questions.php?proj=DE0E276E497AB3784C3FC4CC20248DC0&page=118#q8D52DF,verified_local_archive
8,7B0355,122,https://oge.fipi.ru/bank/questions.php?proj=DE0E276E497AB3784C3FC4CC20248DC0&page=122&pagesize=10#q7B0355,https://oge.fipi.ru/bank/questions.php?proj=DE0E276E497AB3784C3FC4CC20248DC0&page=122#q7B0355,verified_local_archive
8,3FA752,131,https://oge.fipi.ru/bank/questions.php?proj=DE0E276E497AB3784C3FC4CC20248DC0&page=131&pagesize=10#q3FA752,https://oge.fipi.ru/bank/questions.php?proj=DE0E276E497AB3784C3FC4CC20248DC0&page=131#q3FA752,verified_local_archive
8,0A76A0,135,https://oge.fipi.ru/bank/questions.php?proj=DE0E276E497AB3784C3FC4CC20248DC0&page=135&pagesize=10#q0A76A0,https://oge.fipi.ru/bank/questions.php?proj=DE0E276E497AB3784C3FC4CC20248DC0&page=135#q0A76A0,verified_local_archive
8,C8CCC9,155,https://oge.fipi.ru/bank/questions.php?proj=DE0E276E497AB3784C3FC4CC20248DC0&page=155&pagesize=10#qC8CCC9,https://oge.fipi.ru/bank/questions.php?proj=DE0E276E497AB3784C3FC4CC20248DC0&page=155#qC8CCC9,verified_local_archive
8,7840E0,176,https://oge.fipi.ru/bank/questions.php?proj=DE0E276E497AB3784C3FC4CC20248DC0&page=176&pagesize=10#q7840E0,https://oge.fipi.ru/bank/questions.php?proj=DE0E276E497AB3784C3FC4CC20248DC0&page=176#q7840E0,verified_local_archive
8,AB478F,223,https://oge.fipi.ru/bank/questions.php?proj=DE0E276E497AB3784C3FC4CC20248DC0&page=223&pagesize=10#qAB478F,https://oge.fipi.ru/bank/questions.php?proj=DE0E276E497AB3784C3FC4CC20248DC0&page=223#qAB478F,verified_local_archive
8,91C286,227,https://oge.fipi.ru/bank/questions.php?proj=DE0E276E497AB3784C3FC4CC20248DC0&page=227&pagesize=10#q91C286,https://oge.fipi.ru/bank/questions.php?proj=DE0E276E497AB3784C3FC4CC20248DC0&page=227#q91C286,verified_local_archive
8,66E684,228,https://oge.fipi.ru/bank/questions.php?proj=DE0E276E497AB3784C3FC4CC20248DC0&page=228&pagesize=10#q66E684,https://oge.fipi.ru/bank/questions.php?proj=DE0E276E497AB3784C3FC4CC20248DC0&page=228#q66E684,verified_local_archive
8,4B2C4D,231,https://oge.fipi.ru/bank/questions.php?proj=DE0E276E497AB3784C3FC4CC20248DC0&page=231&pagesize=10#q4B2C4D,https://oge.fipi.ru/bank/questions.php?proj=DE0E276E497AB3784C3FC4CC20248DC0&page=231#q4B2C4D,verified_local_archive
8,E4B706,247,https://oge.fipi.ru/bank/questions.php?proj=DE0E276E497AB3784C3FC4CC20248DC0&page=247&pagesize=10#qE4B706,https://oge.fipi.ru/bank/questions.php?proj=DE0E276E497AB3784C3FC4CC20248DC0&page=247#qE4B706,verified_local_archive
8,10177E,250,https://oge.fipi.ru/bank/questions.php?proj=DE0E276E497AB3784C3FC4CC20248DC0&page=250&pagesize=10#q10177E,https://oge.fipi.ru/bank/questions.php?proj=DE0E276E497AB3784C3FC4CC20248DC0&page=250#q10177E,verified_local_archive
8,FBE0B3,254,https://oge.fipi.ru/bank/questions.php?proj=DE0E276E497AB3784C3FC4CC20248DC0&page=254&pagesize=10#qFBE0B3,https://oge.fipi.ru/bank/questions.php?proj=DE0E276E497AB3784C3FC4CC20248DC0&page=254#qFBE0B3,verified_local_archive
8,1914BE,256,https://oge.fipi.ru/bank/questions.php?proj=DE0E276E497AB3784C3FC4CC20248DC0&page=256&pagesize=10#q1914BE,https://oge.fipi.ru/bank/questions.php?proj=DE0E276E497AB3784C3FC4CC20248DC0&page=256#q1914BE,verified_local_archive
8,4D151B,259,https://oge.fipi.ru/bank/questions.php?proj=DE0E276E497AB3784C3FC4CC20248DC0&page=259&pagesize=10#q4D151B,https://oge.fipi.ru/bank/questions.php?proj=DE0E276E497AB3784C3FC4CC20248DC0&page=259#q4D151B,verified_local_archive
8,ECD313,264,https://oge.fipi.ru/bank/questions.php?proj=DE0E276E497AB3784C3FC4CC20248DC0&page=264&pagesize=10#qECD313,https://oge.fipi.ru/bank/questions.php?proj=DE0E276E497AB3784C3FC4CC20248DC0&page=264#qECD313,verified_local_archive
8,41782D,265,https://oge.fipi.ru/bank/questions.php?proj=DE0E276E497AB3784C3FC4CC20248DC0&page=265&pagesize=10#q41782D,https://oge.fipi.ru/bank/questions.php?proj=DE0E276E497AB3784C3FC4CC20248DC0&page=265#q41782D,verified_local_archive
8,DBAF5A,280,https://oge.fipi.ru/bank/questions.php?proj=DE0E276E497AB3784C3FC4CC20248DC0&page=280&pagesize=10#qDBAF5A,https://oge.fipi.ru/bank/questions.php?proj=DE0E276E497AB3784C3FC4CC20248DC0&page=280#qDBAF5A,verified_local_archive
8,C299AF,285,https://oge.fipi.ru/bank/questions.php?proj=DE0E276E497AB3784C3FC4CC20248DC0&page=285&pagesize=10#qC299AF,https://oge.fipi.ru/bank/questions.php?proj=DE0E276E497AB3784C3FC4CC20248DC0&page=285#qC299AF,verified_local_archive
8,8B85A3,288,https://oge.fipi.ru/bank/questions.php?proj=DE0E276E497AB3784C3FC4CC20248DC0&page=288&pagesize=10#q8B85A3,https://oge.fipi.ru/bank/questions.php?proj=DE0E276E497AB3784C3FC4CC20248DC0&page=288#q8B85A3,verified_local_archive
8,00C5CD,288,https://oge.fipi.ru/bank/questions.php?proj=DE0E276E497AB3784C3FC4CC20248DC0&page=288&pagesize=10#q00C5CD,https://oge.fipi.ru/bank/questions.php?proj=DE0E276E497AB3784C3FC4CC20248DC0&page=288#q00C5CD,verified_local_archive
8,982FCD,292,https://oge.fipi.ru/bank/questions.php?proj=DE0E276E497AB3784C3FC4CC20248DC0&page=292&pagesize=10#q982FCD,https://oge.fipi.ru/bank/questions.php?proj=DE0E276E497AB3784C3FC4CC20248DC0&page=292#q982FCD,verified_local_archive
8,FC8C9F,295,https://oge.fipi.ru/bank/questions.php?proj=DE0E276E497AB3784C3FC4CC20248DC0&page=295&pagesize=10#qFC8C9F,https://oge.fipi.ru/bank/questions.php?proj=DE0E276E497AB3784C3FC4CC20248DC0&page=295#qFC8C9F,verified_local_archive
8,91C393,300,https://oge.fipi.ru/bank/questions.php?proj=DE0E276E497AB3784C3FC4CC20248DC0&page=300&pagesize=10#q91C393,https://oge.fipi.ru/bank/questions.php?proj=DE0E276E497AB3784C3FC4CC20248DC0&page=300#q91C393,verified_local_archive
8,44FEE0,301,https://oge.fipi.ru/bank/questions.php?proj=DE0E276E497AB3784C3FC4CC20248DC0&page=301&pagesize=10#q44FEE0,https://oge.fipi.ru/bank/questions.php?proj=DE0E276E497AB3784C3FC4CC20248DC0&page=301#q44FEE0,verified_local_archive
8,470C66,307,https://oge.fipi.ru/bank/questions.php?proj=DE0E276E497AB3784C3FC4CC20248DC0&page=307&pagesize=10#q470C66,https://oge.fipi.ru/bank/questions.php?proj=DE0E276E497AB3784C3FC4CC20248DC0&page=307#q470C66,verified_local_archive
8,E69A39,317,https://oge.fipi.ru/bank/questions.php?proj=DE0E276E497AB3784C3FC4CC20248DC0&page=317&pagesize=10#qE69A39,https://oge.fipi.ru/bank/questions.php?proj=DE0E276E497AB3784C3FC4CC20248DC0&page=317#qE69A39,verified_local_archive
8,A17D8E,322,https://oge.fipi.ru/bank/questions.php?proj=DE0E276E497AB3784C3FC4CC20248DC0&page=322&pagesize=10#qA17D8E,https://oge.fipi.ru/bank/questions.php?proj=DE0E276E497AB3784C3FC4CC20248DC0&page=322#qA17D8E,verified_local_archive
8,C08182,323,https://oge.fipi.ru/bank/questions.php?proj=DE0E276E497AB3784C3FC4CC20248DC0&page=323&pagesize=10#qC08182,https://oge.fipi.ru/bank/questions.php?proj=DE0E276E497AB3784C3FC4CC20248DC0&page=323#qC08182,verified_local_archive
8,F42F42,1,https://oge.fipi.ru/bank/questions.php?proj=DE0E276E497AB3784C3FC4CC20248DC0&page=1&pagesize=10#qF42F42,https://oge.fipi.ru/bank/questions.php?proj=DE0E276E497AB3784C3FC4CC20248DC0&page=1#qF42F42,verified_local_archive
8,EDD84B,11,https://oge.fipi.ru/bank/questions.php?proj=DE0E276E497AB3784C3FC4CC20248DC0&page=11&pagesize=10#qEDD84B,https://oge.fipi.ru/bank/questions.php?proj=DE0E276E497AB3784C3FC4CC20248DC0&page=11#qEDD84B,verified_local_archive
8,DA6E08,36,https://oge.fipi.ru/bank/questions.php?proj=DE0E276E497AB3784C3FC4CC20248DC0&page=36&pagesize=10#qDA6E08,https://oge.fipi.ru/bank/questions.php?proj=DE0E276E497AB3784C3FC4CC20248DC0&page=36#qDA6E08,verified_local_archive
8,60570D,40,https://oge.fipi.ru/bank/questions.php?proj=DE0E276E497AB3784C3FC4CC20248DC0&page=40&pagesize=10#q60570D,https://oge.fipi.ru/bank/questions.php?proj=DE0E276E497AB3784C3FC4CC20248DC0&page=40#q60570D,verified_local_archive
8,3D880F,41,https://oge.fipi.ru/bank/questions.php?proj=DE0E276E497AB3784C3FC4CC20248DC0&page=41&pagesize=10#q3D880F,https://oge.fipi.ru/bank/questions.php?proj=DE0E276E497AB3784C3FC4CC20248DC0&page=41#q3D880F,verified_local_archive
8,650D74,56,https://oge.fipi.ru/bank/questions.php?proj=DE0E276E497AB3784C3FC4CC20248DC0&page=56&pagesize=10#q650D74,https://oge.fipi.ru/bank/questions.php?proj=DE0E276E497AB3784C3FC4CC20248DC0&page=56#q650D74,verified_local_archive
8,916711,84,https://oge.fipi.ru/bank/questions.php?proj=DE0E276E497AB3784C3FC4CC20248DC0&page=84&pagesize=10#q916711,https://oge.fipi.ru/bank/questions.php?proj=DE0E276E497AB3784C3FC4CC20248DC0&page=84#q916711,verified_local_archive
8,C3D559,127,https://oge.fipi.ru/bank/questions.php?proj=DE0E276E497AB3784C3FC4CC20248DC0&page=127&pagesize=10#qC3D559,https://oge.fipi.ru/bank/questions.php?proj=DE0E276E497AB3784C3FC4CC20248DC0&page=127#qC3D559,verified_local_archive
8,994158,129,https://oge.fipi.ru/bank/questions.php?proj=DE0E276E497AB3784C3FC4CC20248DC0&page=129&pagesize=10#q994158,https://oge.fipi.ru/bank/questions.php?proj=DE0E276E497AB3784C3FC4CC20248DC0&page=129#q994158,verified_local_archive
8,842158,133,https://oge.fipi.ru/bank/questions.php?proj=DE0E276E497AB3784C3FC4CC20248DC0&page=133&pagesize=10#q842158,https://oge.fipi.ru/bank/questions.php?proj=DE0E276E497AB3784C3FC4CC20248DC0&page=133#q842158,verified_local_archive
8,4411A2,133,https://oge.fipi.ru/bank/questions.php?proj=DE0E276E497AB3784C3FC4CC20248DC0&page=133&pagesize=10#q4411A2,https://oge.fipi.ru/bank/questions.php?proj=DE0E276E497AB3784C3FC4CC20248DC0&page=133#q4411A2,verified_local_archive
8,5B98AB,139,https://oge.fipi.ru/bank/questions.php?proj=DE0E276E497AB3784C3FC4CC20248DC0&page=139&pagesize=10#q5B98AB,https://oge.fipi.ru/bank/questions.php?proj=DE0E276E497AB3784C3FC4CC20248DC0&page=139#q5B98AB,verified_local_archive
8,34CDAF,143,https://oge.fipi.ru/bank/questions.php?proj=DE0E276E497AB3784C3FC4CC20248DC0&page=143&pagesize=10#q34CDAF,https://oge.fipi.ru/bank/questions.php?proj=DE0E276E497AB3784C3FC4CC20248DC0&page=143#q34CDAF,verified_local_archive
8,3F7DA0,144,https://oge.fipi.ru/bank/questions.php?proj=DE0E276E497AB3784C3FC4CC20248DC0&page=144&pagesize=10#q3F7DA0,https://oge.fipi.ru/bank/questions.php?proj=DE0E276E497AB3784C3FC4CC20248DC0&page=144#q3F7DA0,verified_local_archive
8,B073C5,150,https://oge.fipi.ru/bank/questions.php?proj=DE0E276E497AB3784C3FC4CC20248DC0&page=150&pagesize=10#qB073C5,https://oge.fipi.ru/bank/questions.php?proj=DE0E276E497AB3784C3FC4CC20248DC0&page=150#qB073C5,verified_local_archive
8,F4529D,160,https://oge.fipi.ru/bank/questions.php?proj=DE0E276E497AB3784C3FC4CC20248DC0&page=160&pagesize=10#qF4529D,https://oge.fipi.ru/bank/questions.php?proj=DE0E276E497AB3784C3FC4CC20248DC0&page=160#qF4529D,verified_local_archive
8,1D7C97,164,https://oge.fipi.ru/bank/questions.php?proj=DE0E276E497AB3784C3FC4CC20248DC0&page=164&pagesize=10#q1D7C97,https://oge.fipi.ru/bank/questions.php?proj=DE0E276E497AB3784C3FC4CC20248DC0&page=164#q1D7C97,verified_local_archive
8,B8D3EE,177,https://oge.fipi.ru/bank/questions.php?proj=DE0E276E497AB3784C3FC4CC20248DC0&page=177&pagesize=10#qB8D3EE,https://oge.fipi.ru/bank/questions.php?proj=DE0E276E497AB3784C3FC4CC20248DC0&page=177#qB8D3EE,verified_local_archive
8,274769,193,https://oge.fipi.ru/bank/questions.php?proj=DE0E276E497AB3784C3FC4CC20248DC0&page=193&pagesize=10#q274769,https://oge.fipi.ru/bank/questions.php?proj=DE0E276E497AB3784C3FC4CC20248DC0&page=193#q274769,verified_local_archive
8,68CD6B,200,https://oge.fipi.ru/bank/questions.php?proj=DE0E276E497AB3784C3FC4CC20248DC0&page=200&pagesize=10#q68CD6B,https://oge.fipi.ru/bank/questions.php?proj=DE0E276E497AB3784C3FC4CC20248DC0&page=200#q68CD6B,verified_local_archive
9,AEA848,8,https://oge.fipi.ru/bank/questions.php?proj=DE0E276E497AB3784C3FC4CC20248DC0&page=8&pagesize=10#qAEA848,https://oge.fipi.ru/bank/questions.php?proj=DE0E276E497AB3784C3FC4CC20248DC0&page=8#qAEA848,verified_local_archive
9,28287F,49,https://oge.fipi.ru/bank/questions.php?proj=DE0E276E497AB3784C3FC4CC20248DC0&page=49&pagesize=10#q28287F,https://oge.fipi.ru/bank/questions.php?proj=DE0E276E497AB3784C3FC4CC20248DC0&page=49#q28287F,verified_local_archive
9,AB4778,53,https://oge.fipi.ru/bank/questions.php?proj=DE0E276E497AB3784C3FC4CC20248DC0&page=53&pagesize=10#qAB4778,https://oge.fipi.ru/bank/questions.php?proj=DE0E276E497AB3784C3FC4CC20248DC0&page=53#qAB4778,verified_local_archive
9,483ABF,59,https://oge.fipi.ru/bank/questions.php?proj=DE0E276E497AB3784C3FC4CC20248DC0&page=59&pagesize=10#q483ABF,https://oge.fipi.ru/bank/questions.php?proj=DE0E276E497AB3784C3FC4CC20248DC0&page=59#q483ABF,verified_local_archive
9,4F57B2,60,https://oge.fipi.ru/bank/questions.php?proj=DE0E276E497AB3784C3FC4CC20248DC0&page=60&pagesize=10#q4F57B2,https://oge.fipi.ru/bank/questions.php?proj=DE0E276E497AB3784C3FC4CC20248DC0&page=60#q4F57B2,verified_local_archive
9,5572B4,67,https://oge.fipi.ru/bank/questions.php?proj=DE0E276E497AB3784C3FC4CC20248DC0&page=67&pagesize=10#q5572B4,https://oge.fipi.ru/bank/questions.php?proj=DE0E276E497AB3784C3FC4CC20248DC0&page=67#q5572B4,verified_local_archive
9,1C4217,78,https://oge.fipi.ru/bank/questions.php?proj=DE0E276E497AB3784C3FC4CC20248DC0&page=78&pagesize=10#q1C4217,https://oge.fipi.ru/bank/questions.php?proj=DE0E276E497AB3784C3FC4CC20248DC0&page=78#q1C4217,verified_local_archive
9,33EA1C,87,https://oge.fipi.ru/bank/questions.php?proj=DE0E276E497AB3784C3FC4CC20248DC0&page=87&pagesize=10#q33EA1C,https://oge.fipi.ru/bank/questions.php?proj=DE0E276E497AB3784C3FC4CC20248DC0&page=87#q33EA1C,verified_local_archive
9,BEC321,94,https://oge.fipi.ru/bank/questions.php?proj=DE0E276E497AB3784C3FC4CC20248DC0&page=94&pagesize=10#qBEC321,https://oge.fipi.ru/bank/questions.php?proj=DE0E276E497AB3784C3FC4CC20248DC0&page=94#qBEC321,verified_local_archive
9,B55A23,95,https://oge.fipi.ru/bank/questions.php?proj=DE0E276E497AB3784C3FC4CC20248DC0&page=95&pagesize=10#qB55A23,https://oge.fipi.ru/bank/questions.php?proj=DE0E276E497AB3784C3FC4CC20248DC0&page=95#qB55A23,verified_local_archive
9,4994D3,106,https://oge.fipi.ru/bank/questions.php?proj=DE0E276E497AB3784C3FC4CC20248DC0&page=106&pagesize=10#q4994D3,https://oge.fipi.ru/bank/questions.php?proj=DE0E276E497AB3784C3FC4CC20248DC0&page=106#q4994D3,verified_local_archive
9,2808DC,111,https://oge.fipi.ru/bank/questions.php?proj=DE0E276E497AB3784C3FC4CC20248DC0&page=111&pagesize=10#q2808DC,https://oge.fipi.ru/bank/questions.php?proj=DE0E276E497AB3784C3FC4CC20248DC0&page=111#q2808DC,verified_local_archive
9,AA49DF,113,https://oge.fipi.ru/bank/questions.php?proj=DE0E276E497AB3784C3FC4CC20248DC0&page=113&pagesize=10#qAA49DF,https://oge.fipi.ru/bank/questions.php?proj=DE0E276E497AB3784C3FC4CC20248DC0&page=113#qAA49DF,verified_local_archive
9,0EDF5F,120,https://oge.fipi.ru/bank/questions.php?proj=DE0E276E497AB3784C3FC4CC20248DC0&page=120&pagesize=10#q0EDF5F,https://oge.fipi.ru/bank/questions.php?proj=DE0E276E497AB3784C3FC4CC20248DC0&page=120#q0EDF5F,verified_local_archive
9,11F251,123,https://oge.fipi.ru/bank/questions.php?proj=DE0E276E497AB3784C3FC4CC20248DC0&page=123&pagesize=10#q11F251,https://oge.fipi.ru/bank/questions.php?proj=DE0E276E497AB3784C3FC4CC20248DC0&page=123#q11F251,verified_local_archive
9,F18DC8,148,https://oge.fipi.ru/bank/questions.php?proj=DE0E276E497AB3784C3FC4CC20248DC0&page=148&pagesize=10#qF18DC8,https://oge.fipi.ru/bank/questions.php?proj=DE0E276E497AB3784C3FC4CC20248DC0&page=148#qF18DC8,verified_local_archive
9,5B34C1,153,https://oge.fipi.ru/bank/questions.php?proj=DE0E276E497AB3784C3FC4CC20248DC0&page=153&pagesize=10#q5B34C1,https://oge.fipi.ru/bank/questions.php?proj=DE0E276E497AB3784C3FC4CC20248DC0&page=153#q5B34C1,verified_local_archive
9,C0F8C9,155,https://oge.fipi.ru/bank/questions.php?proj=DE0E276E497AB3784C3FC4CC20248DC0&page=155&pagesize=10#qC0F8C9,https://oge.fipi.ru/bank/questions.php?proj=DE0E276E497AB3784C3FC4CC20248DC0&page=155#qC0F8C9,verified_local_archive
9,BD7E95,163,https://oge.fipi.ru/bank/questions.php?proj=DE0E276E497AB3784C3FC4CC20248DC0&page=163&pagesize=10#qBD7E95,https://oge.fipi.ru/bank/questions.php?proj=DE0E276E497AB3784C3FC4CC20248DC0&page=163#qBD7E95,verified_local_archive
9,BD19E5,177,https://oge.fipi.ru/bank/questions.php?proj=DE0E276E497AB3784C3FC4CC20248DC0&page=177&pagesize=10#qBD19E5,https://oge.fipi.ru/bank/questions.php?proj=DE0E276E497AB3784C3FC4CC20248DC0&page=177#qBD19E5,verified_local_archive
9,1BF2E1,177,https://oge.fipi.ru/bank/questions.php?proj=DE0E276E497AB3784C3FC4CC20248DC0&page=177&pagesize=10#q1BF2E1,https://oge.fipi.ru/bank/questions.php?proj=DE0E276E497AB3784C3FC4CC20248DC0&page=177#q1BF2E1,verified_local_archive
9,D61E68,194,https://oge.fipi.ru/bank/questions.php?proj=DE0E276E497AB3784C3FC4CC20248DC0&page=194&pagesize=10#qD61E68,https://oge.fipi.ru/bank/questions.php?proj=DE0E276E497AB3784C3FC4CC20248DC0&page=194#qD61E68,verified_local_archive
9,A8926E,197,https://oge.fipi.ru/bank/questions.php?proj=DE0E276E497AB3784C3FC4CC20248DC0&page=197&pagesize=10#qA8926E,https://oge.fipi.ru/bank/questions.php?proj=DE0E276E497AB3784C3FC4CC20248DC0&page=197#qA8926E,verified_local_archive
9,636D61,200,https://oge.fipi.ru/bank/questions.php?proj=DE0E276E497AB3784C3FC4CC20248DC0&page=200&pagesize=10#q636D61,https://oge.fipi.ru/bank/questions.php?proj=DE0E276E497AB3784C3FC4CC20248DC0&page=200#q636D61,verified_local_archive
9,70E537,205,https://oge.fipi.ru/bank/questions.php?proj=DE0E276E497AB3784C3FC4CC20248DC0&page=205&pagesize=10#q70E537,https://oge.fipi.ru/bank/questions.php?proj=DE0E276E497AB3784C3FC4CC20248DC0&page=205#q70E537,verified_local_archive
9,DA0135,209,https://oge.fipi.ru/bank/questions.php?proj=DE0E276E497AB3784C3FC4CC20248DC0&page=209&pagesize=10#qDA0135,https://oge.fipi.ru/bank/questions.php?proj=DE0E276E497AB3784C3FC4CC20248DC0&page=209#qDA0135,verified_local_archive
9,E1A33F,213,https://oge.fipi.ru/bank/questions.php?proj=DE0E276E497AB3784C3FC4CC20248DC0&page=213&pagesize=10#qE1A33F,https://oge.fipi.ru/bank/questions.php?proj=DE0E276E497AB3784C3FC4CC20248DC0&page=213#qE1A33F,verified_local_archive
9,06A484,219,https://oge.fipi.ru/bank/questions.php?proj=DE0E276E497AB3784C3FC4CC20248DC0&page=219&pagesize=10#q06A484,https://oge.fipi.ru/bank/questions.php?proj=DE0E276E497AB3784C3FC4CC20248DC0&page=219#q06A484,verified_local_archive
9,01DB8F,219,https://oge.fipi.ru/bank/questions.php?proj=DE0E276E497AB3784C3FC4CC20248DC0&page=219&pagesize=10#q01DB8F,https://oge.fipi.ru/bank/questions.php?proj=DE0E276E497AB3784C3FC4CC20248DC0&page=219#q01DB8F,verified_local_archive
9,C9BA83,225,https://oge.fipi.ru/bank/questions.php?proj=DE0E276E497AB3784C3FC4CC20248DC0&page=225&pagesize=10#qC9BA83,https://oge.fipi.ru/bank/questions.php?proj=DE0E276E497AB3784C3FC4CC20248DC0&page=225#qC9BA83,verified_local_archive
9,D6F84B,233,https://oge.fipi.ru/bank/questions.php?proj=DE0E276E497AB3784C3FC4CC20248DC0&page=233&pagesize=10#qD6F84B,https://oge.fipi.ru/bank/questions.php?proj=DE0E276E497AB3784C3FC4CC20248DC0&page=233#qD6F84B,verified_local_archive
9,811946,236,https://oge.fipi.ru/bank/questions.php?proj=DE0E276E497AB3784C3FC4CC20248DC0&page=236&pagesize=10#q811946,https://oge.fipi.ru/bank/questions.php?proj=DE0E276E497AB3784C3FC4CC20248DC0&page=236#q811946,verified_local_archive
9,4760F5,237,https://oge.fipi.ru/bank/questions.php?proj=DE0E276E497AB3784C3FC4CC20248DC0&page=237&pagesize=10#q4760F5,https://oge.fipi.ru/bank/questions.php?proj=DE0E276E497AB3784C3FC4CC20248DC0&page=237#q4760F5,verified_local_archive
9,1610FB,238,https://oge.fipi.ru/bank/questions.php?proj=DE0E276E497AB3784C3FC4CC20248DC0&page=238&pagesize=10#q1610FB,https://oge.fipi.ru/bank/questions.php?proj=DE0E276E497AB3784C3FC4CC20248DC0&page=238#q1610FB,verified_local_archive
9,E0D7FE,241,https://oge.fipi.ru/bank/questions.php?proj=DE0E276E497AB3784C3FC4CC20248DC0&page=241&pagesize=10#qE0D7FE,https://oge.fipi.ru/bank/questions.php?proj=DE0E276E497AB3784C3FC4CC20248DC0&page=241#qE0D7FE,verified_local_archive
9,FF7B0B,243,https://oge.fipi.ru/bank/questions.php?proj=DE0E276E497AB3784C3FC4CC20248DC0&page=243&pagesize=10#qFF7B0B,https://oge.fipi.ru/bank/questions.php?proj=DE0E276E497AB3784C3FC4CC20248DC0&page=243#qFF7B0B,verified_local_archive
9,C2A209,246,https://oge.fipi.ru/bank/questions.php?proj=DE0E276E497AB3784C3FC4CC20248DC0&page=246&pagesize=10#qC2A209,https://oge.fipi.ru/bank/questions.php?proj=DE0E276E497AB3784C3FC4CC20248DC0&page=246#qC2A209,verified_local_archive
9,E63206,247,https://oge.fipi.ru/bank/questions.php?proj=DE0E276E497AB3784C3FC4CC20248DC0&page=247&pagesize=10#qE63206,https://oge.fipi.ru/bank/questions.php?proj=DE0E276E497AB3784C3FC4CC20248DC0&page=247#qE63206,verified_local_archive
9,320006,247,https://oge.fipi.ru/bank/questions.php?proj=DE0E276E497AB3784C3FC4CC20248DC0&page=247&pagesize=10#q320006,https://oge.fipi.ru/bank/questions.php?proj=DE0E276E497AB3784C3FC4CC20248DC0&page=247#q320006,verified_local_archive
9,EB3EB9,258,https://oge.fipi.ru/bank/questions.php?proj=DE0E276E497AB3784C3FC4CC20248DC0&page=258&pagesize=10#qEB3EB9,https://oge.fipi.ru/bank/questions.php?proj=DE0E276E497AB3784C3FC4CC20248DC0&page=258#qEB3EB9,verified_local_archive
9,2A8212,263,https://oge.fipi.ru/bank/questions.php?proj=DE0E276E497AB3784C3FC4CC20248DC0&page=263&pagesize=10#q2A8212,https://oge.fipi.ru/bank/questions.php?proj=DE0E276E497AB3784C3FC4CC20248DC0&page=263#q2A8212,verified_local_archive
9,0F0B20,266,https://oge.fipi.ru/bank/questions.php?proj=DE0E276E497AB3784C3FC4CC20248DC0&page=266&pagesize=10#q0F0B20,https://oge.fipi.ru/bank/questions.php?proj=DE0E276E497AB3784C3FC4CC20248DC0&page=266#q0F0B20,verified_local_archive
9,18672C,267,https://oge.fipi.ru/bank/questions.php?proj=DE0E276E497AB3784C3FC4CC20248DC0&page=267&pagesize=10#q18672C,https://oge.fipi.ru/bank/questions.php?proj=DE0E276E497AB3784C3FC4CC20248DC0&page=267#q18672C,verified_local_archive
9,5CFC25,268,https://oge.fipi.ru/bank/questions.php?proj=DE0E276E497AB3784C3FC4CC20248DC0&page=268&pagesize=10#q5CFC25,https://oge.fipi.ru/bank/questions.php?proj=DE0E276E497AB3784C3FC4CC20248DC0&page=268#q5CFC25,verified_local_archive
9,5D9C2C,268,https://oge.fipi.ru/bank/questions.php?proj=DE0E276E497AB3784C3FC4CC20248DC0&page=268&pagesize=10#q5D9C2C,https://oge.fipi.ru/bank/questions.php?proj=DE0E276E497AB3784C3FC4CC20248DC0&page=268#q5D9C2C,verified_local_archive
9,F7FFDC,273,https://oge.fipi.ru/bank/questions.php?proj=DE0E276E497AB3784C3FC4CC20248DC0&page=273&pagesize=10#qF7FFDC,https://oge.fipi.ru/bank/questions.php?proj=DE0E276E497AB3784C3FC4CC20248DC0&page=273#qF7FFDC,verified_local_archive
9,9CC3DA,276,https://oge.fipi.ru/bank/questions.php?proj=DE0E276E497AB3784C3FC4CC20248DC0&page=276&pagesize=10#q9CC3DA,https://oge.fipi.ru/bank/questions.php?proj=DE0E276E497AB3784C3FC4CC20248DC0&page=276#q9CC3DA,verified_local_archive
9,3FBAD5,276,https://oge.fipi.ru/bank/questions.php?proj=DE0E276E497AB3784C3FC4CC20248DC0&page=276&pagesize=10#q3FBAD5,https://oge.fipi.ru/bank/questions.php?proj=DE0E276E497AB3784C3FC4CC20248DC0&page=276#q3FBAD5,verified_local_archive
9,40F559,277,https://oge.fipi.ru/bank/questions.php?proj=DE0E276E497AB3784C3FC4CC20248DC0&page=277&pagesize=10#q40F559,https://oge.fipi.ru/bank/questions.php?proj=DE0E276E497AB3784C3FC4CC20248DC0&page=277#q40F559,verified_local_archive
9,532B5B,280,https://oge.fipi.ru/bank/questions.php?proj=DE0E276E497AB3784C3FC4CC20248DC0&page=280&pagesize=10#q532B5B,https://oge.fipi.ru/bank/questions.php?proj=DE0E276E497AB3784C3FC4CC20248DC0&page=280#q532B5B,verified_local_archive
9,E35E5D,282,https://oge.fipi.ru/bank/questions.php?proj=DE0E276E497AB3784C3FC4CC20248DC0&page=282&pagesize=10#qE35E5D,https://oge.fipi.ru/bank/questions.php?proj=DE0E276E497AB3784C3FC4CC20248DC0&page=282#qE35E5D,verified_local_archive
9,DE7DAD,284,https://oge.fipi.ru/bank/questions.php?proj=DE0E276E497AB3784C3FC4CC20248DC0&page=284&pagesize=10#qDE7DAD,https://oge.fipi.ru/bank/questions.php?proj=DE0E276E497AB3784C3FC4CC20248DC0&page=284#qDE7DAD,verified_local_archive
9,DC54A5,285,https://oge.fipi.ru/bank/questions.php?proj=DE0E276E497AB3784C3FC4CC20248DC0&page=285&pagesize=10#qDC54A5,https://oge.fipi.ru/bank/questions.php?proj=DE0E276E497AB3784C3FC4CC20248DC0&page=285#qDC54A5,verified_local_archive
9,97E2A4,286,https://oge.fipi.ru/bank/questions.php?proj=DE0E276E497AB3784C3FC4CC20248DC0&page=286&pagesize=10#q97E2A4,https://oge.fipi.ru/bank/questions.php?proj=DE0E276E497AB3784C3FC4CC20248DC0&page=286#q97E2A4,verified_local_archive
9,C2DECC,292,https://oge.fipi.ru/bank/questions.php?proj=DE0E276E497AB3784C3FC4CC20248DC0&page=292&pagesize=10#qC2DECC,https://oge.fipi.ru/bank/questions.php?proj=DE0E276E497AB3784C3FC4CC20248DC0&page=292#qC2DECC,verified_local_archive
9,402D98,295,https://oge.fipi.ru/bank/questions.php?proj=DE0E276E497AB3784C3FC4CC20248DC0&page=295&pagesize=10#q402D98,https://oge.fipi.ru/bank/questions.php?proj=DE0E276E497AB3784C3FC4CC20248DC0&page=295#q402D98,verified_local_archive
9,F69995,295,https://oge.fipi.ru/bank/questions.php?proj=DE0E276E497AB3784C3FC4CC20248DC0&page=295&pagesize=10#qF69995,https://oge.fipi.ru/bank/questions.php?proj=DE0E276E497AB3784C3FC4CC20248DC0&page=295#qF69995,verified_local_archive
9,13C49E,297,https://oge.fipi.ru/bank/questions.php?proj=DE0E276E497AB3784C3FC4CC20248DC0&page=297&pagesize=10#q13C49E,https://oge.fipi.ru/bank/questions.php?proj=DE0E276E497AB3784C3FC4CC20248DC0&page=297#q13C49E,verified_local_archive
9,58BD92,298,https://oge.fipi.ru/bank/questions.php?proj=DE0E276E497AB3784C3FC4CC20248DC0&page=298&pagesize=10#q58BD92,https://oge.fipi.ru/bank/questions.php?proj=DE0E276E497AB3784C3FC4CC20248DC0&page=298#q58BD92,verified_local_archive
9,A9E790,298,https://oge.fipi.ru/bank/questions.php?proj=DE0E276E497AB3784C3FC4CC20248DC0&page=298&pagesize=10#qA9E790,https://oge.fipi.ru/bank/questions.php?proj=DE0E276E497AB3784C3FC4CC20248DC0&page=298#qA9E790,verified_local_archive
9,4787EB,301,https://oge.fipi.ru/bank/questions.php?proj=DE0E276E497AB3784C3FC4CC20248DC0&page=301&pagesize=10#q4787EB,https://oge.fipi.ru/bank/questions.php?proj=DE0E276E497AB3784C3FC4CC20248DC0&page=301#q4787EB,verified_local_archive
9,EB54EB,305,https://oge.fipi.ru/bank/questions.php?proj=DE0E276E497AB3784C3FC4CC20248DC0&page=305&pagesize=10#qEB54EB,https://oge.fipi.ru/bank/questions.php?proj=DE0E276E497AB3784C3FC4CC20248DC0&page=305#qEB54EB,verified_local_archive
9,826CE7,306,https://oge.fipi.ru/bank/questions.php?proj=DE0E276E497AB3784C3FC4CC20248DC0&page=306&pagesize=10#q826CE7,https://oge.fipi.ru/bank/questions.php?proj=DE0E276E497AB3784C3FC4CC20248DC0&page=306#q826CE7,verified_local_archive
9,7AD665,308,https://oge.fipi.ru/bank/questions.php?proj=DE0E276E497AB3784C3FC4CC20248DC0&page=308&pagesize=10#q7AD665,https://oge.fipi.ru/bank/questions.php?proj=DE0E276E497AB3784C3FC4CC20248DC0&page=308#q7AD665,verified_local_archive
9,B71768,309,https://oge.fipi.ru/bank/questions.php?proj=DE0E276E497AB3784C3FC4CC20248DC0&page=309&pagesize=10#qB71768,https://oge.fipi.ru/bank/questions.php?proj=DE0E276E497AB3784C3FC4CC20248DC0&page=309#qB71768,verified_local_archive
9,28F766,309,https://oge.fipi.ru/bank/questions.php?proj=DE0E276E497AB3784C3FC4CC20248DC0&page=309&pagesize=10#q28F766,https://oge.fipi.ru/bank/questions.php?proj=DE0E276E497AB3784C3FC4CC20248DC0&page=309#q28F766,verified_local_archive
9,AB1E6B,310,https://oge.fipi.ru/bank/questions.php?proj=DE0E276E497AB3784C3FC4CC20248DC0&page=310&pagesize=10#qAB1E6B,https://oge.fipi.ru/bank/questions.php?proj=DE0E276E497AB3784C3FC4CC20248DC0&page=310#qAB1E6B,verified_local_archive
9,9E8A39,317,https://oge.fipi.ru/bank/questions.php?proj=DE0E276E497AB3784C3FC4CC20248DC0&page=317&pagesize=10#q9E8A39,https://oge.fipi.ru/bank/questions.php?proj=DE0E276E497AB3784C3FC4CC20248DC0&page=317#q9E8A39,verified_local_archive
9,EE4E3E,318,https://oge.fipi.ru/bank/questions.php?proj=DE0E276E497AB3784C3FC4CC20248DC0&page=318&pagesize=10#qEE4E3E,https://oge.fipi.ru/bank/questions.php?proj=DE0E276E497AB3784C3FC4CC20248DC0&page=318#qEE4E3E,verified_local_archive
9,F78286,319,https://oge.fipi.ru/bank/questions.php?proj=DE0E276E497AB3784C3FC4CC20248DC0&page=319&pagesize=10#qF78286,https://oge.fipi.ru/bank/questions.php?proj=DE0E276E497AB3784C3FC4CC20248DC0&page=319#qF78286,verified_local_archive
9,B0D648,4,https://oge.fipi.ru/bank/questions.php?proj=DE0E276E497AB3784C3FC4CC20248DC0&page=4&pagesize=10#qB0D648,https://oge.fipi.ru/bank/questions.php?proj=DE0E276E497AB3784C3FC4CC20248DC0&page=4#qB0D648,verified_local_archive
9,CA994A,9,https://oge.fipi.ru/bank/questions.php?proj=DE0E276E497AB3784C3FC4CC20248DC0&page=9&pagesize=10#qCA994A,https://oge.fipi.ru/bank/questions.php?proj=DE0E276E497AB3784C3FC4CC20248DC0&page=9#qCA994A,verified_local_archive
9,EA4046,12,https://oge.fipi.ru/bank/questions.php?proj=DE0E276E497AB3784C3FC4CC20248DC0&page=12&pagesize=10#qEA4046,https://oge.fipi.ru/bank/questions.php?proj=DE0E276E497AB3784C3FC4CC20248DC0&page=12#qEA4046,verified_local_archive
9,69EC44,12,https://oge.fipi.ru/bank/questions.php?proj=DE0E276E497AB3784C3FC4CC20248DC0&page=12&pagesize=10#q69EC44,https://oge.fipi.ru/bank/questions.php?proj=DE0E276E497AB3784C3FC4CC20248DC0&page=12#q69EC44,verified_local_archive
9,30344D,14,https://oge.fipi.ru/bank/questions.php?proj=DE0E276E497AB3784C3FC4CC20248DC0&page=14&pagesize=10#q30344D,https://oge.fipi.ru/bank/questions.php?proj=DE0E276E497AB3784C3FC4CC20248DC0&page=14#q30344D,verified_local_archive
9,8B0E46,15,https://oge.fipi.ru/bank/questions.php?proj=DE0E276E497AB3784C3FC4CC20248DC0&page=15&pagesize=10#q8B0E46,https://oge.fipi.ru/bank/questions.php?proj=DE0E276E497AB3784C3FC4CC20248DC0&page=15#q8B0E46,verified_local_archive
9,4318F0,16,https://oge.fipi.ru/bank/questions.php?proj=DE0E276E497AB3784C3FC4CC20248DC0&page=16&pagesize=10#q4318F0,https://oge.fipi.ru/bank/questions.php?proj=DE0E276E497AB3784C3FC4CC20248DC0&page=16#q4318F0,verified_local_archive
9,02AAF8,19,https://oge.fipi.ru/bank/questions.php?proj=DE0E276E497AB3784C3FC4CC20248DC0&page=19&pagesize=10#q02AAF8,https://oge.fipi.ru/bank/questions.php?proj=DE0E276E497AB3784C3FC4CC20248DC0&page=19#q02AAF8,verified_local_archive
9,27B2F1,22,https://oge.fipi.ru/bank/questions.php?proj=DE0E276E497AB3784C3FC4CC20248DC0&page=22&pagesize=10#q27B2F1,https://oge.fipi.ru/bank/questions.php?proj=DE0E276E497AB3784C3FC4CC20248DC0&page=22#q27B2F1,verified_local_archive
9,286CF5,22,https://oge.fipi.ru/bank/questions.php?proj=DE0E276E497AB3784C3FC4CC20248DC0&page=22&pagesize=10#q286CF5,https://oge.fipi.ru/bank/questions.php?proj=DE0E276E497AB3784C3FC4CC20248DC0&page=22#q286CF5,verified_local_archive
9,9937FD,26,https://oge.fipi.ru/bank/questions.php?proj=DE0E276E497AB3784C3FC4CC20248DC0&page=26&pagesize=10#q9937FD,https://oge.fipi.ru/bank/questions.php?proj=DE0E276E497AB3784C3FC4CC20248DC0&page=26#q9937FD,verified_local_archive
9,BD7B08,34,https://oge.fipi.ru/bank/questions.php?proj=DE0E276E497AB3784C3FC4CC20248DC0&page=34&pagesize=10#qBD7B08,https://oge.fipi.ru/bank/questions.php?proj=DE0E276E497AB3784C3FC4CC20248DC0&page=34#qBD7B08,verified_local_archive
9,E85401,40,https://oge.fipi.ru/bank/questions.php?proj=DE0E276E497AB3784C3FC4CC20248DC0&page=40&pagesize=10#qE85401,https://oge.fipi.ru/bank/questions.php?proj=DE0E276E497AB3784C3FC4CC20248DC0&page=40#qE85401,verified_local_archive
9,E51F08,40,https://oge.fipi.ru/bank/questions.php?proj=DE0E276E497AB3784C3FC4CC20248DC0&page=40&pagesize=10#qE51F08,https://oge.fipi.ru/bank/questions.php?proj=DE0E276E497AB3784C3FC4CC20248DC0&page=40#qE51F08,verified_local_archive
9,3F6407,42,https://oge.fipi.ru/bank/questions.php?proj=DE0E276E497AB3784C3FC4CC20248DC0&page=42&pagesize=10#q3F6407,https://oge.fipi.ru/bank/questions.php?proj=DE0E276E497AB3784C3FC4CC20248DC0&page=42#q3F6407,verified_local_archive
9,EBB379,55,https://oge.fipi.ru/bank/questions.php?proj=DE0E276E497AB3784C3FC4CC20248DC0&page=55&pagesize=10#qEBB379,https://oge.fipi.ru/bank/questions.php?proj=DE0E276E497AB3784C3FC4CC20248DC0&page=55#qEBB379,verified_local_archive
9,3A067C,57,https://oge.fipi.ru/bank/questions.php?proj=DE0E276E497AB3784C3FC4CC20248DC0&page=57&pagesize=10#q3A067C,https://oge.fipi.ru/bank/questions.php?proj=DE0E276E497AB3784C3FC4CC20248DC0&page=57#q3A067C,verified_local_archive
9,828071,58,https://oge.fipi.ru/bank/questions.php?proj=DE0E276E497AB3784C3FC4CC20248DC0&page=58&pagesize=10#q828071,https://oge.fipi.ru/bank/questions.php?proj=DE0E276E497AB3784C3FC4CC20248DC0&page=58#q828071,verified_local_archive
9,DB4EB4,66,https://oge.fipi.ru/bank/questions.php?proj=DE0E276E497AB3784C3FC4CC20248DC0&page=66&pagesize=10#qDB4EB4,https://oge.fipi.ru/bank/questions.php?proj=DE0E276E497AB3784C3FC4CC20248DC0&page=66#qDB4EB4,verified_local_archive
9,540ABC,67,https://oge.fipi.ru/bank/questions.php?proj=DE0E276E497AB3784C3FC4CC20248DC0&page=67&pagesize=10#q540ABC,https://oge.fipi.ru/bank/questions.php?proj=DE0E276E497AB3784C3FC4CC20248DC0&page=67#q540ABC,verified_local_archive
9,E46411,85,https://oge.fipi.ru/bank/questions.php?proj=DE0E276E497AB3784C3FC4CC20248DC0&page=85&pagesize=10#qE46411,https://oge.fipi.ru/bank/questions.php?proj=DE0E276E497AB3784C3FC4CC20248DC0&page=85#qE46411,verified_local_archive
9,8A6326,105,https://oge.fipi.ru/bank/questions.php?proj=DE0E276E497AB3784C3FC4CC20248DC0&page=105&pagesize=10#q8A6326,https://oge.fipi.ru/bank/questions.php?proj=DE0E276E497AB3784C3FC4CC20248DC0&page=105#q8A6326,verified_local_archive
9,0E99DD,107,https://oge.fipi.ru/bank/questions.php?proj=DE0E276E497AB3784C3FC4CC20248DC0&page=107&pagesize=10#q0E99DD,https://oge.fipi.ru/bank/questions.php?proj=DE0E276E497AB3784C3FC4CC20248DC0&page=107#q0E99DD,verified_local_archive
9,257FDE,111,https://oge.fipi.ru/bank/questions.php?proj=DE0E276E497AB3784C3FC4CC20248DC0&page=111&pagesize=10#q257FDE,https://oge.fipi.ru/bank/questions.php?proj=DE0E276E497AB3784C3FC4CC20248DC0&page=111#q257FDE,verified_local_archive
9,CC13D8,115,https://oge.fipi.ru/bank/questions.php?proj=DE0E276E497AB3784C3FC4CC20248DC0&page=115&pagesize=10#qCC13D8,https://oge.fipi.ru/bank/questions.php?proj=DE0E276E497AB3784C3FC4CC20248DC0&page=115#qCC13D8,verified_local_archive
9,05EE5C,121,https://oge.fipi.ru/bank/questions.php?proj=DE0E276E497AB3784C3FC4CC20248DC0&page=121&pagesize=10#q05EE5C,https://oge.fipi.ru/bank/questions.php?proj=DE0E276E497AB3784C3FC4CC20248DC0&page=121#q05EE5C,verified_local_archive
9,7A8250,121,https://oge.fipi.ru/bank/questions.php?proj=DE0E276E497AB3784C3FC4CC20248DC0&page=121&pagesize=10#q7A8250,https://oge.fipi.ru/bank/questions.php?proj=DE0E276E497AB3784C3FC4CC20248DC0&page=121#q7A8250,verified_local_archive
9,D06250,125,https://oge.fipi.ru/bank/questions.php?proj=DE0E276E497AB3784C3FC4CC20248DC0&page=125&pagesize=10#qD06250,https://oge.fipi.ru/bank/questions.php?proj=DE0E276E497AB3784C3FC4CC20248DC0&page=125#qD06250,verified_local_archive
9,94925B,128,https://oge.fipi.ru/bank/questions.php?proj=DE0E276E497AB3784C3FC4CC20248DC0&page=128&pagesize=10#q94925B,https://oge.fipi.ru/bank/questions.php?proj=DE0E276E497AB3784C3FC4CC20248DC0&page=128#q94925B,verified_local_archive
9,121FA3,138,https://oge.fipi.ru/bank/questions.php?proj=DE0E276E497AB3784C3FC4CC20248DC0&page=138&pagesize=10#q121FA3,https://oge.fipi.ru/bank/questions.php?proj=DE0E276E497AB3784C3FC4CC20248DC0&page=138#q121FA3,verified_local_archive
9,F932CB,147,https://oge.fipi.ru/bank/questions.php?proj=DE0E276E497AB3784C3FC4CC20248DC0&page=147&pagesize=10#qF932CB,https://oge.fipi.ru/bank/questions.php?proj=DE0E276E497AB3784C3FC4CC20248DC0&page=147#qF932CB,verified_local_archive
9,32029B,172,https://oge.fipi.ru/bank/questions.php?proj=DE0E276E497AB3784C3FC4CC20248DC0&page=172&pagesize=10#q32029B,https://oge.fipi.ru/bank/questions.php?proj=DE0E276E497AB3784C3FC4CC20248DC0&page=172#q32029B,verified_local_archive
9,6BA8ED,185,https://oge.fipi.ru/bank/questions.php?proj=DE0E276E497AB3784C3FC4CC20248DC0&page=185&pagesize=10#q6BA8ED,https://oge.fipi.ru/bank/questions.php?proj=DE0E276E497AB3784C3FC4CC20248DC0&page=185#q6BA8ED,verified_local_archive
9,5E9E64,194,https://oge.fipi.ru/bank/questions.php?proj=DE0E276E497AB3784C3FC4CC20248DC0&page=194&pagesize=10#q5E9E64,https://oge.fipi.ru/bank/questions.php?proj=DE0E276E497AB3784C3FC4CC20248DC0&page=194#q5E9E64,verified_local_archive
9,5AA665,195,https://oge.fipi.ru/bank/questions.php?proj=DE0E276E497AB3784C3FC4CC20248DC0&page=195&pagesize=10#q5AA665,https://oge.fipi.ru/bank/questions.php?proj=DE0E276E497AB3784C3FC4CC20248DC0&page=195#q5AA665,verified_local_archive
9,5FA26E,196,https://oge.fipi.ru/bank/questions.php?proj=DE0E276E497AB3784C3FC4CC20248DC0&page=196&pagesize=10#q5FA26E,https://oge.fipi.ru/bank/questions.php?proj=DE0E276E497AB3784C3FC4CC20248DC0&page=196#q5FA26E,verified_local_archive
9,E4CE6B,199,https://oge.fipi.ru/bank/questions.php?proj=DE0E276E497AB3784C3FC4CC20248DC0&page=199&pagesize=10#qE4CE6B,https://oge.fipi.ru/bank/questions.php?proj=DE0E276E497AB3784C3FC4CC20248DC0&page=199#qE4CE6B,verified_local_archive
9,36E26B,201,https://oge.fipi.ru/bank/questions.php?proj=DE0E276E497AB3784C3FC4CC20248DC0&page=201&pagesize=10#q36E26B,https://oge.fipi.ru/bank/questions.php?proj=DE0E276E497AB3784C3FC4CC20248DC0&page=201#q36E26B,verified_local_archive
9,46C337,203,https://oge.fipi.ru/bank/questions.php?proj=DE0E276E497AB3784C3FC4CC20248DC0&page=203&pagesize=10#q46C337,https://oge.fipi.ru/bank/questions.php?proj=DE0E276E497AB3784C3FC4CC20248DC0&page=203#q46C337,verified_local_archive
9,D61334,209,https://oge.fipi.ru/bank/questions.php?proj=DE0E276E497AB3784C3FC4CC20248DC0&page=209&pagesize=10#qD61334,https://oge.fipi.ru/bank/questions.php?proj=DE0E276E497AB3784C3FC4CC20248DC0&page=209#qD61334,verified_local_archive
9,5BEE8E,223,https://oge.fipi.ru/bank/questions.php?proj=DE0E276E497AB3784C3FC4CC20248DC0&page=223&pagesize=10#q5BEE8E,https://oge.fipi.ru/bank/questions.php?proj=DE0E276E497AB3784C3FC4CC20248DC0&page=223#q5BEE8E,verified_local_archive
10,46334D,0,https://oge.fipi.ru/bank/questions.php?proj=DE0E276E497AB3784C3FC4CC20248DC0&page=0&pagesize=10#q46334D,https://oge.fipi.ru/bank/questions.php?proj=DE0E276E497AB3784C3FC4CC20248DC0&page=0#q46334D,verified_local_archive
10,B60144,3,https://oge.fipi.ru/bank/questions.php?proj=DE0E276E497AB3784C3FC4CC20248DC0&page=3&pagesize=10#qB60144,https://oge.fipi.ru/bank/questions.php?proj=DE0E276E497AB3784C3FC4CC20248DC0&page=3#qB60144,verified_local_archive
10,B0674A,4,https://oge.fipi.ru/bank/questions.php?proj=DE0E276E497AB3784C3FC4CC20248DC0&page=4&pagesize=10#qB0674A,https://oge.fipi.ru/bank/questions.php?proj=DE0E276E497AB3784C3FC4CC20248DC0&page=4#qB0674A,verified_local_archive
10,AF1E46,8,https://oge.fipi.ru/bank/questions.php?proj=DE0E276E497AB3784C3FC4CC20248DC0&page=8&pagesize=10#qAF1E46,https://oge.fipi.ru/bank/questions.php?proj=DE0E276E497AB3784C3FC4CC20248DC0&page=8#qAF1E46,verified_local_archive
10,C0AE4C,9,https://oge.fipi.ru/bank/questions.php?proj=DE0E276E497AB3784C3FC4CC20248DC0&page=9&pagesize=10#qC0AE4C,https://oge.fipi.ru/bank/questions.php?proj=DE0E276E497AB3784C3FC4CC20248DC0&page=9#qC0AE4C,verified_local_archive
10,C67C4E,9,https://oge.fipi.ru/bank/questions.php?proj=DE0E276E497AB3784C3FC4CC20248DC0&page=9&pagesize=10#qC67C4E,https://oge.fipi.ru/bank/questions.php?proj=DE0E276E497AB3784C3FC4CC20248DC0&page=9#qC67C4E,verified_local_archive
10,65D842,13,https://oge.fipi.ru/bank/questions.php?proj=DE0E276E497AB3784C3FC4CC20248DC0&page=13&pagesize=10#q65D842,https://oge.fipi.ru/bank/questions.php?proj=DE0E276E497AB3784C3FC4CC20248DC0&page=13#q65D842,verified_local_archive
10,690249,13,https://oge.fipi.ru/bank/questions.php?proj=DE0E276E497AB3784C3FC4CC20248DC0&page=13&pagesize=10#q690249,https://oge.fipi.ru/bank/questions.php?proj=DE0E276E497AB3784C3FC4CC20248DC0&page=13#q690249,verified_local_archive
10,34D340,13,https://oge.fipi.ru/bank/questions.php?proj=DE0E276E497AB3784C3FC4CC20248DC0&page=13&pagesize=10#q34D340,https://oge.fipi.ru/bank/questions.php?proj=DE0E276E497AB3784C3FC4CC20248DC0&page=13#q34D340,verified_local_archive
10,36F14B,13,https://oge.fipi.ru/bank/questions.php?proj=DE0E276E497AB3784C3FC4CC20248DC0&page=13&pagesize=10#q36F14B,https://oge.fipi.ru/bank/questions.php?proj=DE0E276E497AB3784C3FC4CC20248DC0&page=13#q36F14B,verified_local_archive
10,83D04F,15,https://oge.fipi.ru/bank/questions.php?proj=DE0E276E497AB3784C3FC4CC20248DC0&page=15&pagesize=10#q83D04F,https://oge.fipi.ru/bank/questions.php?proj=DE0E276E497AB3784C3FC4CC20248DC0&page=15#q83D04F,verified_local_archive
10,492BF7,16,https://oge.fipi.ru/bank/questions.php?proj=DE0E276E497AB3784C3FC4CC20248DC0&page=16&pagesize=10#q492BF7,https://oge.fipi.ru/bank/questions.php?proj=DE0E276E497AB3784C3FC4CC20248DC0&page=16#q492BF7,verified_local_archive
10,4DC1F1,16,https://oge.fipi.ru/bank/questions.php?proj=DE0E276E497AB3784C3FC4CC20248DC0&page=16&pagesize=10#q4DC1F1,https://oge.fipi.ru/bank/questions.php?proj=DE0E276E497AB3784C3FC4CC20248DC0&page=16#q4DC1F1,verified_local_archive
10,4E80F6,17,https://oge.fipi.ru/bank/questions.php?proj=DE0E276E497AB3784C3FC4CC20248DC0&page=17&pagesize=10#q4E80F6,https://oge.fipi.ru/bank/questions.php?proj=DE0E276E497AB3784C3FC4CC20248DC0&page=17#q4E80F6,verified_local_archive
10,FFCFFF,17,https://oge.fipi.ru/bank/questions.php?proj=DE0E276E497AB3784C3FC4CC20248DC0&page=17&pagesize=10#qFFCFFF,https://oge.fipi.ru/bank/questions.php?proj=DE0E276E497AB3784C3FC4CC20248DC0&page=17#qFFCFFF,verified_local_archive
10,FC81F0,17,https://oge.fipi.ru/bank/questions.php?proj=DE0E276E497AB3784C3FC4CC20248DC0&page=17&pagesize=10#qFC81F0,https://oge.fipi.ru/bank/questions.php?proj=DE0E276E497AB3784C3FC4CC20248DC0&page=17#qFC81F0,verified_local_archive
10,09ACF2,19,https://oge.fipi.ru/bank/questions.php?proj=DE0E276E497AB3784C3FC4CC20248DC0&page=19&pagesize=10#q09ACF2,https://oge.fipi.ru/bank/questions.php?proj=DE0E276E497AB3784C3FC4CC20248DC0&page=19#q09ACF2,verified_local_archive
10,11C4F5,21,https://oge.fipi.ru/bank/questions.php?proj=DE0E276E497AB3784C3FC4CC20248DC0&page=21&pagesize=10#q11C4F5,https://oge.fipi.ru/bank/questions.php?proj=DE0E276E497AB3784C3FC4CC20248DC0&page=21#q11C4F5,verified_local_archive
10,D9C5FA,23,https://oge.fipi.ru/bank/questions.php?proj=DE0E276E497AB3784C3FC4CC20248DC0&page=23&pagesize=10#qD9C5FA,https://oge.fipi.ru/bank/questions.php?proj=DE0E276E497AB3784C3FC4CC20248DC0&page=23#qD9C5FA,verified_local_archive
10,C53DF2,25,https://oge.fipi.ru/bank/questions.php?proj=DE0E276E497AB3784C3FC4CC20248DC0&page=25&pagesize=10#qC53DF2,https://oge.fipi.ru/bank/questions.php?proj=DE0E276E497AB3784C3FC4CC20248DC0&page=25#qC53DF2,verified_local_archive
10,CD69F9,26,https://oge.fipi.ru/bank/questions.php?proj=DE0E276E497AB3784C3FC4CC20248DC0&page=26&pagesize=10#qCD69F9,https://oge.fipi.ru/bank/questions.php?proj=DE0E276E497AB3784C3FC4CC20248DC0&page=26#qCD69F9,verified_local_archive
10,065F02,32,https://oge.fipi.ru/bank/questions.php?proj=DE0E276E497AB3784C3FC4CC20248DC0&page=32&pagesize=10#q065F02,https://oge.fipi.ru/bank/questions.php?proj=DE0E276E497AB3784C3FC4CC20248DC0&page=32#q065F02,verified_local_archive
10,AD5102,37,https://oge.fipi.ru/bank/questions.php?proj=DE0E276E497AB3784C3FC4CC20248DC0&page=37&pagesize=10#qAD5102,https://oge.fipi.ru/bank/questions.php?proj=DE0E276E497AB3784C3FC4CC20248DC0&page=37#qAD5102,verified_local_archive
10,CC4705,38,https://oge.fipi.ru/bank/questions.php?proj=DE0E276E497AB3784C3FC4CC20248DC0&page=38&pagesize=10#qCC4705,https://oge.fipi.ru/bank/questions.php?proj=DE0E276E497AB3784C3FC4CC20248DC0&page=38#qCC4705,verified_local_archive
10,9B0104,39,https://oge.fipi.ru/bank/questions.php?proj=DE0E276E497AB3784C3FC4CC20248DC0&page=39&pagesize=10#q9B0104,https://oge.fipi.ru/bank/questions.php?proj=DE0E276E497AB3784C3FC4CC20248DC0&page=39#q9B0104,verified_local_archive
10,6FD203,41,https://oge.fipi.ru/bank/questions.php?proj=DE0E276E497AB3784C3FC4CC20248DC0&page=41&pagesize=10#q6FD203,https://oge.fipi.ru/bank/questions.php?proj=DE0E276E497AB3784C3FC4CC20248DC0&page=41#q6FD203,verified_local_archive
10,3FAA0C,42,https://oge.fipi.ru/bank/questions.php?proj=DE0E276E497AB3784C3FC4CC20248DC0&page=42&pagesize=10#q3FAA0C,https://oge.fipi.ru/bank/questions.php?proj=DE0E276E497AB3784C3FC4CC20248DC0&page=42#q3FAA0C,verified_local_archive
10,40C973,44,https://oge.fipi.ru/bank/questions.php?proj=DE0E276E497AB3784C3FC4CC20248DC0&page=44&pagesize=10#q40C973,https://oge.fipi.ru/bank/questions.php?proj=DE0E276E497AB3784C3FC4CC20248DC0&page=44#q40C973,verified_local_archive
10,F36B72,45,https://oge.fipi.ru/bank/questions.php?proj=DE0E276E497AB3784C3FC4CC20248DC0&page=45&pagesize=10#qF36B72,https://oge.fipi.ru/bank/questions.php?proj=DE0E276E497AB3784C3FC4CC20248DC0&page=45#qF36B72,verified_local_archive
10,0A9675,46,https://oge.fipi.ru/bank/questions.php?proj=DE0E276E497AB3784C3FC4CC20248DC0&page=46&pagesize=10#q0A9675,https://oge.fipi.ru/bank/questions.php?proj=DE0E276E497AB3784C3FC4CC20248DC0&page=46#q0A9675,verified_local_archive
10,1FFC7C,49,https://oge.fipi.ru/bank/questions.php?proj=DE0E276E497AB3784C3FC4CC20248DC0&page=49&pagesize=10#q1FFC7C,https://oge.fipi.ru/bank/questions.php?proj=DE0E276E497AB3784C3FC4CC20248DC0&page=49#q1FFC7C,verified_local_archive
10,29D579,50,https://oge.fipi.ru/bank/questions.php?proj=DE0E276E497AB3784C3FC4CC20248DC0&page=50&pagesize=10#q29D579,https://oge.fipi.ru/bank/questions.php?proj=DE0E276E497AB3784C3FC4CC20248DC0&page=50#q29D579,verified_local_archive
10,DC157C,50,https://oge.fipi.ru/bank/questions.php?proj=DE0E276E497AB3784C3FC4CC20248DC0&page=50&pagesize=10#qDC157C,https://oge.fipi.ru/bank/questions.php?proj=DE0E276E497AB3784C3FC4CC20248DC0&page=50#qDC157C,verified_local_archive
10,300973,58,https://oge.fipi.ru/bank/questions.php?proj=DE0E276E497AB3784C3FC4CC20248DC0&page=58&pagesize=10#q300973,https://oge.fipi.ru/bank/questions.php?proj=DE0E276E497AB3784C3FC4CC20248DC0&page=58#q300973,verified_local_archive
10,080EB1,62,https://oge.fipi.ru/bank/questions.php?proj=DE0E276E497AB3784C3FC4CC20248DC0&page=62&pagesize=10#q080EB1,https://oge.fipi.ru/bank/questions.php?proj=DE0E276E497AB3784C3FC4CC20248DC0&page=62#q080EB1,verified_local_archive
10,02DBB6,62,https://oge.fipi.ru/bank/questions.php?proj=DE0E276E497AB3784C3FC4CC20248DC0&page=62&pagesize=10#q02DBB6,https://oge.fipi.ru/bank/questions.php?proj=DE0E276E497AB3784C3FC4CC20248DC0&page=62#q02DBB6,verified_local_archive
10,143AB7,64,https://oge.fipi.ru/bank/questions.php?proj=DE0E276E497AB3784C3FC4CC20248DC0&page=64&pagesize=10#q143AB7,https://oge.fipi.ru/bank/questions.php?proj=DE0E276E497AB3784C3FC4CC20248DC0&page=64#q143AB7,verified_local_archive
10,1CFDBD,64,https://oge.fipi.ru/bank/questions.php?proj=DE0E276E497AB3784C3FC4CC20248DC0&page=64&pagesize=10#q1CFDBD,https://oge.fipi.ru/bank/questions.php?proj=DE0E276E497AB3784C3FC4CC20248DC0&page=64#q1CFDBD,verified_local_archive
10,1A08B5,64,https://oge.fipi.ru/bank/questions.php?proj=DE0E276E497AB3784C3FC4CC20248DC0&page=64&pagesize=10#q1A08B5,https://oge.fipi.ru/bank/questions.php?proj=DE0E276E497AB3784C3FC4CC20248DC0&page=64#q1A08B5,verified_local_archive
10,D9D0B2,66,https://oge.fipi.ru/bank/questions.php?proj=DE0E276E497AB3784C3FC4CC20248DC0&page=66&pagesize=10#qD9D0B2,https://oge.fipi.ru/bank/questions.php?proj=DE0E276E497AB3784C3FC4CC20248DC0&page=66#qD9D0B2,verified_local_archive
10,D5F1B9,66,https://oge.fipi.ru/bank/questions.php?proj=DE0E276E497AB3784C3FC4CC20248DC0&page=66&pagesize=10#qD5F1B9,https://oge.fipi.ru/bank/questions.php?proj=DE0E276E497AB3784C3FC4CC20248DC0&page=66#qD5F1B9,verified_local_archive
10,B0C31E,77,https://oge.fipi.ru/bank/questions.php?proj=DE0E276E497AB3784C3FC4CC20248DC0&page=77&pagesize=10#qB0C31E,https://oge.fipi.ru/bank/questions.php?proj=DE0E276E497AB3784C3FC4CC20248DC0&page=77#qB0C31E,verified_local_archive
10,C24B1A,83,https://oge.fipi.ru/bank/questions.php?proj=DE0E276E497AB3784C3FC4CC20248DC0&page=83&pagesize=10#qC24B1A,https://oge.fipi.ru/bank/questions.php?proj=DE0E276E497AB3784C3FC4CC20248DC0&page=83#qC24B1A,verified_local_archive
10,96041D,84,https://oge.fipi.ru/bank/questions.php?proj=DE0E276E497AB3784C3FC4CC20248DC0&page=84&pagesize=10#q96041D,https://oge.fipi.ru/bank/questions.php?proj=DE0E276E497AB3784C3FC4CC20248DC0&page=84#q96041D,verified_local_archive
10,050024,91,https://oge.fipi.ru/bank/questions.php?proj=DE0E276E497AB3784C3FC4CC20248DC0&page=91&pagesize=10#q050024,https://oge.fipi.ru/bank/questions.php?proj=DE0E276E497AB3784C3FC4CC20248DC0&page=91#q050024,verified_local_archive
10,03BD20,92,https://oge.fipi.ru/bank/questions.php?proj=DE0E276E497AB3784C3FC4CC20248DC0&page=92&pagesize=10#q03BD20,https://oge.fipi.ru/bank/questions.php?proj=DE0E276E497AB3784C3FC4CC20248DC0&page=92#q03BD20,verified_local_archive
10,78C522,93,https://oge.fipi.ru/bank/questions.php?proj=DE0E276E497AB3784C3FC4CC20248DC0&page=93&pagesize=10#q78C522,https://oge.fipi.ru/bank/questions.php?proj=DE0E276E497AB3784C3FC4CC20248DC0&page=93#q78C522,verified_local_archive
10,73C42C,93,https://oge.fipi.ru/bank/questions.php?proj=DE0E276E497AB3784C3FC4CC20248DC0&page=93&pagesize=10#q73C42C,https://oge.fipi.ru/bank/questions.php?proj=DE0E276E497AB3784C3FC4CC20248DC0&page=93#q73C42C,verified_local_archive
10,2EB028,97,https://oge.fipi.ru/bank/questions.php?proj=DE0E276E497AB3784C3FC4CC20248DC0&page=97&pagesize=10#q2EB028,https://oge.fipi.ru/bank/questions.php?proj=DE0E276E497AB3784C3FC4CC20248DC0&page=97#q2EB028,verified_local_archive
10,D38823,98,https://oge.fipi.ru/bank/questions.php?proj=DE0E276E497AB3784C3FC4CC20248DC0&page=98&pagesize=10#qD38823,https://oge.fipi.ru/bank/questions.php?proj=DE0E276E497AB3784C3FC4CC20248DC0&page=98#qD38823,verified_local_archive
10,57DE2A,98,https://oge.fipi.ru/bank/questions.php?proj=DE0E276E497AB3784C3FC4CC20248DC0&page=98&pagesize=10#q57DE2A,https://oge.fipi.ru/bank/questions.php?proj=DE0E276E497AB3784C3FC4CC20248DC0&page=98#q57DE2A,verified_local_archive
10,A9F422,99,https://oge.fipi.ru/bank/questions.php?proj=DE0E276E497AB3784C3FC4CC20248DC0&page=99&pagesize=10#qA9F422,https://oge.fipi.ru/bank/questions.php?proj=DE0E276E497AB3784C3FC4CC20248DC0&page=99#qA9F422,verified_local_archive
10,A54F2A,99,https://oge.fipi.ru/bank/questions.php?proj=DE0E276E497AB3784C3FC4CC20248DC0&page=99&pagesize=10#qA54F2A,https://oge.fipi.ru/bank/questions.php?proj=DE0E276E497AB3784C3FC4CC20248DC0&page=99#qA54F2A,verified_local_archive
10,A10E2C,100,https://oge.fipi.ru/bank/questions.php?proj=DE0E276E497AB3784C3FC4CC20248DC0&page=100&pagesize=10#qA10E2C,https://oge.fipi.ru/bank/questions.php?proj=DE0E276E497AB3784C3FC4CC20248DC0&page=100#qA10E2C,verified_local_archive
10,8C8720,105,https://oge.fipi.ru/bank/questions.php?proj=DE0E276E497AB3784C3FC4CC20248DC0&page=105&pagesize=10#q8C8720,https://oge.fipi.ru/bank/questions.php?proj=DE0E276E497AB3784C3FC4CC20248DC0&page=105#q8C8720,verified_local_archive
10,84E022,105,https://oge.fipi.ru/bank/questions.php?proj=DE0E276E497AB3784C3FC4CC20248DC0&page=105&pagesize=10#q84E022,https://oge.fipi.ru/bank/questions.php?proj=DE0E276E497AB3784C3FC4CC20248DC0&page=105#q84E022,verified_local_archive
10,4B04DB,105,https://oge.fipi.ru/bank/questions.php?proj=DE0E276E497AB3784C3FC4CC20248DC0&page=105&pagesize=10#q4B04DB,https://oge.fipi.ru/bank/questions.php?proj=DE0E276E497AB3784C3FC4CC20248DC0&page=105#q4B04DB,verified_local_archive
10,7FDDD5,108,https://oge.fipi.ru/bank/questions.php?proj=DE0E276E497AB3784C3FC4CC20248DC0&page=108&pagesize=10#q7FDDD5,https://oge.fipi.ru/bank/questions.php?proj=DE0E276E497AB3784C3FC4CC20248DC0&page=108#q7FDDD5,verified_local_archive
10,8C91D2,118,https://oge.fipi.ru/bank/questions.php?proj=DE0E276E497AB3784C3FC4CC20248DC0&page=118&pagesize=10#q8C91D2,https://oge.fipi.ru/bank/questions.php?proj=DE0E276E497AB3784C3FC4CC20248DC0&page=118#q8C91D2,verified_local_archive
10,7BD659,122,https://oge.fipi.ru/bank/questions.php?proj=DE0E276E497AB3784C3FC4CC20248DC0&page=122&pagesize=10#q7BD659,https://oge.fipi.ru/bank/questions.php?proj=DE0E276E497AB3784C3FC4CC20248DC0&page=122#q7BD659,verified_local_archive
10,5CEE5E,126,https://oge.fipi.ru/bank/questions.php?proj=DE0E276E497AB3784C3FC4CC20248DC0&page=126&pagesize=10#q5CEE5E,https://oge.fipi.ru/bank/questions.php?proj=DE0E276E497AB3784C3FC4CC20248DC0&page=126#q5CEE5E,verified_local_archive
10,EEA95C,129,https://oge.fipi.ru/bank/questions.php?proj=DE0E276E497AB3784C3FC4CC20248DC0&page=129&pagesize=10#qEEA95C,https://oge.fipi.ru/bank/questions.php?proj=DE0E276E497AB3784C3FC4CC20248DC0&page=129#qEEA95C,verified_local_archive
10,33105C,131,https://oge.fipi.ru/bank/questions.php?proj=DE0E276E497AB3784C3FC4CC20248DC0&page=131&pagesize=10#q33105C,https://oge.fipi.ru/bank/questions.php?proj=DE0E276E497AB3784C3FC4CC20248DC0&page=131#q33105C,verified_local_archive
10,805657,132,https://oge.fipi.ru/bank/questions.php?proj=DE0E276E497AB3784C3FC4CC20248DC0&page=132&pagesize=10#q805657,https://oge.fipi.ru/bank/questions.php?proj=DE0E276E497AB3784C3FC4CC20248DC0&page=132#q805657,verified_local_archive
10,4FB6A5,134,https://oge.fipi.ru/bank/questions.php?proj=DE0E276E497AB3784C3FC4CC20248DC0&page=134&pagesize=10#q4FB6A5,https://oge.fipi.ru/bank/questions.php?proj=DE0E276E497AB3784C3FC4CC20248DC0&page=134#q4FB6A5,verified_local_archive
10,B3F4AC,136,https://oge.fipi.ru/bank/questions.php?proj=DE0E276E497AB3784C3FC4CC20248DC0&page=136&pagesize=10#qB3F4AC,https://oge.fipi.ru/bank/questions.php?proj=DE0E276E497AB3784C3FC4CC20248DC0&page=136#qB3F4AC,verified_local_archive
10,2C7FA8,139,https://oge.fipi.ru/bank/questions.php?proj=DE0E276E497AB3784C3FC4CC20248DC0&page=139&pagesize=10#q2C7FA8,https://oge.fipi.ru/bank/questions.php?proj=DE0E276E497AB3784C3FC4CC20248DC0&page=139#q2C7FA8,verified_local_archive
10,EBC2A7,142,https://oge.fipi.ru/bank/questions.php?proj=DE0E276E497AB3784C3FC4CC20248DC0&page=142&pagesize=10#qEBC2A7,https://oge.fipi.ru/bank/questions.php?proj=DE0E276E497AB3784C3FC4CC20248DC0&page=142#qEBC2A7,verified_local_archive
10,84E3AC,145,https://oge.fipi.ru/bank/questions.php?proj=DE0E276E497AB3784C3FC4CC20248DC0&page=145&pagesize=10#q84E3AC,https://oge.fipi.ru/bank/questions.php?proj=DE0E276E497AB3784C3FC4CC20248DC0&page=145#q84E3AC,verified_local_archive
10,4AE9CB,145,https://oge.fipi.ru/bank/questions.php?proj=DE0E276E497AB3784C3FC4CC20248DC0&page=145&pagesize=10#q4AE9CB,https://oge.fipi.ru/bank/questions.php?proj=DE0E276E497AB3784C3FC4CC20248DC0&page=145#q4AE9CB,verified_local_archive
10,4B46C1,145,https://oge.fipi.ru/bank/questions.php?proj=DE0E276E497AB3784C3FC4CC20248DC0&page=145&pagesize=10#q4B46C1,https://oge.fipi.ru/bank/questions.php?proj=DE0E276E497AB3784C3FC4CC20248DC0&page=145#q4B46C1,verified_local_archive
10,46ABC3,146,https://oge.fipi.ru/bank/questions.php?proj=DE0E276E497AB3784C3FC4CC20248DC0&page=146&pagesize=10#q46ABC3,https://oge.fipi.ru/bank/questions.php?proj=DE0E276E497AB3784C3FC4CC20248DC0&page=146#q46ABC3,verified_local_archive
10,F63ACC,147,https://oge.fipi.ru/bank/questions.php?proj=DE0E276E497AB3784C3FC4CC20248DC0&page=147&pagesize=10#qF63ACC,https://oge.fipi.ru/bank/questions.php?proj=DE0E276E497AB3784C3FC4CC20248DC0&page=147#qF63ACC,verified_local_archive
10,CA1AC7,154,https://oge.fipi.ru/bank/questions.php?proj=DE0E276E497AB3784C3FC4CC20248DC0&page=154&pagesize=10#qCA1AC7,https://oge.fipi.ru/bank/questions.php?proj=DE0E276E497AB3784C3FC4CC20248DC0&page=154#qCA1AC7,verified_local_archive
10,403F9D,160,https://oge.fipi.ru/bank/questions.php?proj=DE0E276E497AB3784C3FC4CC20248DC0&page=160&pagesize=10#q403F9D,https://oge.fipi.ru/bank/questions.php?proj=DE0E276E497AB3784C3FC4CC20248DC0&page=160#q403F9D,verified_local_archive
10,D0099F,166,https://oge.fipi.ru/bank/questions.php?proj=DE0E276E497AB3784C3FC4CC20248DC0&page=166&pagesize=10#qD0099F,https://oge.fipi.ru/bank/questions.php?proj=DE0E276E497AB3784C3FC4CC20248DC0&page=166#qD0099F,verified_local_archive
10,571A91,166,https://oge.fipi.ru/bank/questions.php?proj=DE0E276E497AB3784C3FC4CC20248DC0&page=166&pagesize=10#q571A91,https://oge.fipi.ru/bank/questions.php?proj=DE0E276E497AB3784C3FC4CC20248DC0&page=166#q571A91,verified_local_archive
10,AD359F,167,https://oge.fipi.ru/bank/questions.php?proj=DE0E276E497AB3784C3FC4CC20248DC0&page=167&pagesize=10#qAD359F,https://oge.fipi.ru/bank/questions.php?proj=DE0E276E497AB3784C3FC4CC20248DC0&page=167#qAD359F,verified_local_archive
10,325E90,172,https://oge.fipi.ru/bank/questions.php?proj=DE0E276E497AB3784C3FC4CC20248DC0&page=172&pagesize=10#q325E90,https://oge.fipi.ru/bank/questions.php?proj=DE0E276E497AB3784C3FC4CC20248DC0&page=172#q325E90,verified_local_archive
10,7B5DEC,176,https://oge.fipi.ru/bank/questions.php?proj=DE0E276E497AB3784C3FC4CC20248DC0&page=176&pagesize=10#q7B5DEC,https://oge.fipi.ru/bank/questions.php?proj=DE0E276E497AB3784C3FC4CC20248DC0&page=176#q7B5DEC,verified_local_archive
10,534EEA,181,https://oge.fipi.ru/bank/questions.php?proj=DE0E276E497AB3784C3FC4CC20248DC0&page=181&pagesize=10#q534EEA,https://oge.fipi.ru/bank/questions.php?proj=DE0E276E497AB3784C3FC4CC20248DC0&page=181#q534EEA,verified_local_archive
10,C2E4EF,182,https://oge.fipi.ru/bank/questions.php?proj=DE0E276E497AB3784C3FC4CC20248DC0&page=182&pagesize=10#qC2E4EF,https://oge.fipi.ru/bank/questions.php?proj=DE0E276E497AB3784C3FC4CC20248DC0&page=182#qC2E4EF,verified_local_archive
10,9860EB,184,https://oge.fipi.ru/bank/questions.php?proj=DE0E276E497AB3784C3FC4CC20248DC0&page=184&pagesize=10#q9860EB,https://oge.fipi.ru/bank/questions.php?proj=DE0E276E497AB3784C3FC4CC20248DC0&page=184#q9860EB,verified_local_archive
10,9843EE,184,https://oge.fipi.ru/bank/questions.php?proj=DE0E276E497AB3784C3FC4CC20248DC0&page=184&pagesize=10#q9843EE,https://oge.fipi.ru/bank/questions.php?proj=DE0E276E497AB3784C3FC4CC20248DC0&page=184#q9843EE,verified_local_archive
10,395CE9,186,https://oge.fipi.ru/bank/questions.php?proj=DE0E276E497AB3784C3FC4CC20248DC0&page=186&pagesize=10#q395CE9,https://oge.fipi.ru/bank/questions.php?proj=DE0E276E497AB3784C3FC4CC20248DC0&page=186#q395CE9,verified_local_archive
10,F63764,188,https://oge.fipi.ru/bank/questions.php?proj=DE0E276E497AB3784C3FC4CC20248DC0&page=188&pagesize=10#qF63764,https://oge.fipi.ru/bank/questions.php?proj=DE0E276E497AB3784C3FC4CC20248DC0&page=188#qF63764,verified_local_archive
10,F27069,189,https://oge.fipi.ru/bank/questions.php?proj=DE0E276E497AB3784C3FC4CC20248DC0&page=189&pagesize=10#qF27069,https://oge.fipi.ru/bank/questions.php?proj=DE0E276E497AB3784C3FC4CC20248DC0&page=189#qF27069,verified_local_archive
10,FC5569,189,https://oge.fipi.ru/bank/questions.php?proj=DE0E276E497AB3784C3FC4CC20248DC0&page=189&pagesize=10#qFC5569,https://oge.fipi.ru/bank/questions.php?proj=DE0E276E497AB3784C3FC4CC20248DC0&page=189#qFC5569,verified_local_archive
10,20BB62,193,https://oge.fipi.ru/bank/questions.php?proj=DE0E276E497AB3784C3FC4CC20248DC0&page=193&pagesize=10#q20BB62,https://oge.fipi.ru/bank/questions.php?proj=DE0E276E497AB3784C3FC4CC20248DC0&page=193#q20BB62,verified_local_archive
10,ABB466,197,https://oge.fipi.ru/bank/questions.php?proj=DE0E276E497AB3784C3FC4CC20248DC0&page=197&pagesize=10#qABB466,https://oge.fipi.ru/bank/questions.php?proj=DE0E276E497AB3784C3FC4CC20248DC0&page=197#qABB466,verified_local_archive
10,98F369,198,https://oge.fipi.ru/bank/questions.php?proj=DE0E276E497AB3784C3FC4CC20248DC0&page=198&pagesize=10#q98F369,https://oge.fipi.ru/bank/questions.php?proj=DE0E276E497AB3784C3FC4CC20248DC0&page=198#q98F369,verified_local_archive
10,4A823F,203,https://oge.fipi.ru/bank/questions.php?proj=DE0E276E497AB3784C3FC4CC20248DC0&page=203&pagesize=10#q4A823F,https://oge.fipi.ru/bank/questions.php?proj=DE0E276E497AB3784C3FC4CC20248DC0&page=203#q4A823F,verified_local_archive
10,F42D3E,204,https://oge.fipi.ru/bank/questions.php?proj=DE0E276E497AB3784C3FC4CC20248DC0&page=204&pagesize=10#qF42D3E,https://oge.fipi.ru/bank/questions.php?proj=DE0E276E497AB3784C3FC4CC20248DC0&page=204#qF42D3E,verified_local_archive
10,016532,205,https://oge.fipi.ru/bank/questions.php?proj=DE0E276E497AB3784C3FC4CC20248DC0&page=205&pagesize=10#q016532,https://oge.fipi.ru/bank/questions.php?proj=DE0E276E497AB3784C3FC4CC20248DC0&page=205#q016532,verified_local_archive
10,B46B39,206,https://oge.fipi.ru/bank/questions.php?proj=DE0E276E497AB3784C3FC4CC20248DC0&page=206&pagesize=10#qB46B39,https://oge.fipi.ru/bank/questions.php?proj=DE0E276E497AB3784C3FC4CC20248DC0&page=206#qB46B39,verified_local_archive
10,546631,210,https://oge.fipi.ru/bank/questions.php?proj=DE0E276E497AB3784C3FC4CC20248DC0&page=210&pagesize=10#q546631,https://oge.fipi.ru/bank/questions.php?proj=DE0E276E497AB3784C3FC4CC20248DC0&page=210#q546631,verified_local_archive
10,55A03C,210,https://oge.fipi.ru/bank/questions.php?proj=DE0E276E497AB3784C3FC4CC20248DC0&page=210&pagesize=10#q55A03C,https://oge.fipi.ru/bank/questions.php?proj=DE0E276E497AB3784C3FC4CC20248DC0&page=210#q55A03C,verified_local_archive
10,940130,212,https://oge.fipi.ru/bank/questions.php?proj=DE0E276E497AB3784C3FC4CC20248DC0&page=212&pagesize=10#q940130,https://oge.fipi.ru/bank/questions.php?proj=DE0E276E497AB3784C3FC4CC20248DC0&page=212#q940130,verified_local_archive
10,9D5D3B,212,https://oge.fipi.ru/bank/questions.php?proj=DE0E276E497AB3784C3FC4CC20248DC0&page=212&pagesize=10#q9D5D3B,https://oge.fipi.ru/bank/questions.php?proj=DE0E276E497AB3784C3FC4CC20248DC0&page=212#q9D5D3B,verified_local_archive
10,46908F,217,https://oge.fipi.ru/bank/questions.php?proj=DE0E276E497AB3784C3FC4CC20248DC0&page=217&pagesize=10#q46908F,https://oge.fipi.ru/bank/questions.php?proj=DE0E276E497AB3784C3FC4CC20248DC0&page=217#q46908F,verified_local_archive
10,777883,220,https://oge.fipi.ru/bank/questions.php?proj=DE0E276E497AB3784C3FC4CC20248DC0&page=220&pagesize=10#q777883,https://oge.fipi.ru/bank/questions.php?proj=DE0E276E497AB3784C3FC4CC20248DC0&page=220#q777883,verified_local_archive
10,531087,223,https://oge.fipi.ru/bank/questions.php?proj=DE0E276E497AB3784C3FC4CC20248DC0&page=223&pagesize=10#q531087,https://oge.fipi.ru/bank/questions.php?proj=DE0E276E497AB3784C3FC4CC20248DC0&page=223#q531087,verified_local_archive
10,A6EB8D,224,https://oge.fipi.ru/bank/questions.php?proj=DE0E276E497AB3784C3FC4CC20248DC0&page=224&pagesize=10#qA6EB8D,https://oge.fipi.ru/bank/questions.php?proj=DE0E276E497AB3784C3FC4CC20248DC0&page=224#qA6EB8D,verified_local_archive
10,C0A48A,225,https://oge.fipi.ru/bank/questions.php?proj=DE0E276E497AB3784C3FC4CC20248DC0&page=225&pagesize=10#qC0A48A,https://oge.fipi.ru/bank/questions.php?proj=DE0E276E497AB3784C3FC4CC20248DC0&page=225#qC0A48A,verified_local_archive
10,0C154A,232,https://oge.fipi.ru/bank/questions.php?proj=DE0E276E497AB3784C3FC4CC20248DC0&page=232&pagesize=10#q0C154A,https://oge.fipi.ru/bank/questions.php?proj=DE0E276E497AB3784C3FC4CC20248DC0&page=232#q0C154A,verified_local_archive
10,FFB4F8,237,https://oge.fipi.ru/bank/questions.php?proj=DE0E276E497AB3784C3FC4CC20248DC0&page=237&pagesize=10#qFFB4F8,https://oge.fipi.ru/bank/questions.php?proj=DE0E276E497AB3784C3FC4CC20248DC0&page=237#qFFB4F8,verified_local_archive
10,7407F8,238,https://oge.fipi.ru/bank/questions.php?proj=DE0E276E497AB3784C3FC4CC20248DC0&page=238&pagesize=10#q7407F8,https://oge.fipi.ru/bank/questions.php?proj=DE0E276E497AB3784C3FC4CC20248DC0&page=238#q7407F8,verified_local_archive
10,3E7FF9,242,https://oge.fipi.ru/bank/questions.php?proj=DE0E276E497AB3784C3FC4CC20248DC0&page=242&pagesize=10#q3E7FF9,https://oge.fipi.ru/bank/questions.php?proj=DE0E276E497AB3784C3FC4CC20248DC0&page=242#q3E7FF9,verified_local_archive
10,8A64F1,243,https://oge.fipi.ru/bank/questions.php?proj=DE0E276E497AB3784C3FC4CC20248DC0&page=243&pagesize=10#q8A64F1,https://oge.fipi.ru/bank/questions.php?proj=DE0E276E497AB3784C3FC4CC20248DC0&page=243#q8A64F1,verified_local_archive
10,FF3E70,248,https://oge.fipi.ru/bank/questions.php?proj=DE0E276E497AB3784C3FC4CC20248DC0&page=248&pagesize=10#qFF3E70,https://oge.fipi.ru/bank/questions.php?proj=DE0E276E497AB3784C3FC4CC20248DC0&page=248#qFF3E70,verified_local_archive
10,011F7A,249,https://oge.fipi.ru/bank/questions.php?proj=DE0E276E497AB3784C3FC4CC20248DC0&page=249&pagesize=10#q011F7A,https://oge.fipi.ru/bank/questions.php?proj=DE0E276E497AB3784C3FC4CC20248DC0&page=249#q011F7A,verified_local_archive
10,B41B7F,249,https://oge.fipi.ru/bank/questions.php?proj=DE0E276E497AB3784C3FC4CC20248DC0&page=249&pagesize=10#qB41B7F,https://oge.fipi.ru/bank/questions.php?proj=DE0E276E497AB3784C3FC4CC20248DC0&page=249#qB41B7F,verified_local_archive
10,BAE173,250,https://oge.fipi.ru/bank/questions.php?proj=DE0E276E497AB3784C3FC4CC20248DC0&page=250&pagesize=10#qBAE173,https://oge.fipi.ru/bank/questions.php?proj=DE0E276E497AB3784C3FC4CC20248DC0&page=250#qBAE173,verified_local_archive
10,DA5775,251,https://oge.fipi.ru/bank/questions.php?proj=DE0E276E497AB3784C3FC4CC20248DC0&page=251&pagesize=10#qDA5775,https://oge.fipi.ru/bank/questions.php?proj=DE0E276E497AB3784C3FC4CC20248DC0&page=251#qDA5775,verified_local_archive
10,57137D,251,https://oge.fipi.ru/bank/questions.php?proj=DE0E276E497AB3784C3FC4CC20248DC0&page=251&pagesize=10#q57137D,https://oge.fipi.ru/bank/questions.php?proj=DE0E276E497AB3784C3FC4CC20248DC0&page=251#q57137D,verified_local_archive
10,A61D76,252,https://oge.fipi.ru/bank/questions.php?proj=DE0E276E497AB3784C3FC4CC20248DC0&page=252&pagesize=10#qA61D76,https://oge.fipi.ru/bank/questions.php?proj=DE0E276E497AB3784C3FC4CC20248DC0&page=252#qA61D76,verified_local_archive
10,921C71,252,https://oge.fipi.ru/bank/questions.php?proj=DE0E276E497AB3784C3FC4CC20248DC0&page=252&pagesize=10#q921C71,https://oge.fipi.ru/bank/questions.php?proj=DE0E276E497AB3784C3FC4CC20248DC0&page=252#q921C71,verified_local_archive
10,3C5A72,253,https://oge.fipi.ru/bank/questions.php?proj=DE0E276E497AB3784C3FC4CC20248DC0&page=253&pagesize=10#q3C5A72,https://oge.fipi.ru/bank/questions.php?proj=DE0E276E497AB3784C3FC4CC20248DC0&page=253#q3C5A72,verified_local_archive
10,F58BBB,254,https://oge.fipi.ru/bank/questions.php?proj=DE0E276E497AB3784C3FC4CC20248DC0&page=254&pagesize=10#qF58BBB,https://oge.fipi.ru/bank/questions.php?proj=DE0E276E497AB3784C3FC4CC20248DC0&page=254#qF58BBB,verified_local_archive
10,BB80B2,255,https://oge.fipi.ru/bank/questions.php?proj=DE0E276E497AB3784C3FC4CC20248DC0&page=255&pagesize=10#qBB80B2,https://oge.fipi.ru/bank/questions.php?proj=DE0E276E497AB3784C3FC4CC20248DC0&page=255#qBB80B2,verified_local_archive
10,98F2BF,257,https://oge.fipi.ru/bank/questions.php?proj=DE0E276E497AB3784C3FC4CC20248DC0&page=257&pagesize=10#q98F2BF,https://oge.fipi.ru/bank/questions.php?proj=DE0E276E497AB3784C3FC4CC20248DC0&page=257#q98F2BF,verified_local_archive
10,8FE0B2,259,https://oge.fipi.ru/bank/questions.php?proj=DE0E276E497AB3784C3FC4CC20248DC0&page=259&pagesize=10#q8FE0B2,https://oge.fipi.ru/bank/questions.php?proj=DE0E276E497AB3784C3FC4CC20248DC0&page=259#q8FE0B2,verified_local_archive
10,7CAB18,261,https://oge.fipi.ru/bank/questions.php?proj=DE0E276E497AB3784C3FC4CC20248DC0&page=261&pagesize=10#q7CAB18,https://oge.fipi.ru/bank/questions.php?proj=DE0E276E497AB3784C3FC4CC20248DC0&page=261#q7CAB18,verified_local_archive
10,1FCB1A,262,https://oge.fipi.ru/bank/questions.php?proj=DE0E276E497AB3784C3FC4CC20248DC0&page=262&pagesize=10#q1FCB1A,https://oge.fipi.ru/bank/questions.php?proj=DE0E276E497AB3784C3FC4CC20248DC0&page=262#q1FCB1A,verified_local_archive
10,16E219,262,https://oge.fipi.ru/bank/questions.php?proj=DE0E276E497AB3784C3FC4CC20248DC0&page=262&pagesize=10#q16E219,https://oge.fipi.ru/bank/questions.php?proj=DE0E276E497AB3784C3FC4CC20248DC0&page=262#q16E219,verified_local_archive
10,145313,262,https://oge.fipi.ru/bank/questions.php?proj=DE0E276E497AB3784C3FC4CC20248DC0&page=262&pagesize=10#q145313,https://oge.fipi.ru/bank/questions.php?proj=DE0E276E497AB3784C3FC4CC20248DC0&page=262#q145313,verified_local_archive
10,A06618,263,https://oge.fipi.ru/bank/questions.php?proj=DE0E276E497AB3784C3FC4CC20248DC0&page=263&pagesize=10#qA06618,https://oge.fipi.ru/bank/questions.php?proj=DE0E276E497AB3784C3FC4CC20248DC0&page=263#qA06618,verified_local_archive
10,44D721,265,https://oge.fipi.ru/bank/questions.php?proj=DE0E276E497AB3784C3FC4CC20248DC0&page=265&pagesize=10#q44D721,https://oge.fipi.ru/bank/questions.php?proj=DE0E276E497AB3784C3FC4CC20248DC0&page=265#q44D721,verified_local_archive
10,F7752C,266,https://oge.fipi.ru/bank/questions.php?proj=DE0E276E497AB3784C3FC4CC20248DC0&page=266&pagesize=10#qF7752C,https://oge.fipi.ru/bank/questions.php?proj=DE0E276E497AB3784C3FC4CC20248DC0&page=266#qF7752C,verified_local_archive
10,00B922,266,https://oge.fipi.ru/bank/questions.php?proj=DE0E276E497AB3784C3FC4CC20248DC0&page=266&pagesize=10#q00B922,https://oge.fipi.ru/bank/questions.php?proj=DE0E276E497AB3784C3FC4CC20248DC0&page=266#q00B922,verified_local_archive
10,17012C,267,https://oge.fipi.ru/bank/questions.php?proj=DE0E276E497AB3784C3FC4CC20248DC0&page=267&pagesize=10#q17012C,https://oge.fipi.ru/bank/questions.php?proj=DE0E276E497AB3784C3FC4CC20248DC0&page=267#q17012C,verified_local_archive
10,D1E728,268,https://oge.fipi.ru/bank/questions.php?proj=DE0E276E497AB3784C3FC4CC20248DC0&page=268&pagesize=10#qD1E728,https://oge.fipi.ru/bank/questions.php?proj=DE0E276E497AB3784C3FC4CC20248DC0&page=268#qD1E728,verified_local_archive
10,A80923,269,https://oge.fipi.ru/bank/questions.php?proj=DE0E276E497AB3784C3FC4CC20248DC0&page=269&pagesize=10#qA80923,https://oge.fipi.ru/bank/questions.php?proj=DE0E276E497AB3784C3FC4CC20248DC0&page=269#qA80923,verified_local_archive
10,35BC23,272,https://oge.fipi.ru/bank/questions.php?proj=DE0E276E497AB3784C3FC4CC20248DC0&page=272&pagesize=10#q35BC23,https://oge.fipi.ru/bank/questions.php?proj=DE0E276E497AB3784C3FC4CC20248DC0&page=272#q35BC23,verified_local_archive
10,E8E5DD,276,https://oge.fipi.ru/bank/questions.php?proj=DE0E276E497AB3784C3FC4CC20248DC0&page=276&pagesize=10#qE8E5DD,https://oge.fipi.ru/bank/questions.php?proj=DE0E276E497AB3784C3FC4CC20248DC0&page=276#qE8E5DD,verified_local_archive
10,8D76DB,276,https://oge.fipi.ru/bank/questions.php?proj=DE0E276E497AB3784C3FC4CC20248DC0&page=276&pagesize=10#q8D76DB,https://oge.fipi.ru/bank/questions.php?proj=DE0E276E497AB3784C3FC4CC20248DC0&page=276#q8D76DB,verified_local_archive
10,027A54,277,https://oge.fipi.ru/bank/questions.php?proj=DE0E276E497AB3784C3FC4CC20248DC0&page=277&pagesize=10#q027A54,https://oge.fipi.ru/bank/questions.php?proj=DE0E276E497AB3784C3FC4CC20248DC0&page=277#q027A54,verified_local_archive
10,7C8050,278,https://oge.fipi.ru/bank/questions.php?proj=DE0E276E497AB3784C3FC4CC20248DC0&page=278&pagesize=10#q7C8050,https://oge.fipi.ru/bank/questions.php?proj=DE0E276E497AB3784C3FC4CC20248DC0&page=278#q7C8050,verified_local_archive
10,DF2D5B,280,https://oge.fipi.ru/bank/questions.php?proj=DE0E276E497AB3784C3FC4CC20248DC0&page=280&pagesize=10#qDF2D5B,https://oge.fipi.ru/bank/questions.php?proj=DE0E276E497AB3784C3FC4CC20248DC0&page=280#qDF2D5B,verified_local_archive
10,AC745D,280,https://oge.fipi.ru/bank/questions.php?proj=DE0E276E497AB3784C3FC4CC20248DC0&page=280&pagesize=10#qAC745D,https://oge.fipi.ru/bank/questions.php?proj=DE0E276E497AB3784C3FC4CC20248DC0&page=280#qAC745D,verified_local_archive
10,C7C75A,281,https://oge.fipi.ru/bank/questions.php?proj=DE0E276E497AB3784C3FC4CC20248DC0&page=281&pagesize=10#qC7C75A,https://oge.fipi.ru/bank/questions.php?proj=DE0E276E497AB3784C3FC4CC20248DC0&page=281#qC7C75A,verified_local_archive
10,9E1C50,281,https://oge.fipi.ru/bank/questions.php?proj=DE0E276E497AB3784C3FC4CC20248DC0&page=281&pagesize=10#q9E1C50,https://oge.fipi.ru/bank/questions.php?proj=DE0E276E497AB3784C3FC4CC20248DC0&page=281#q9E1C50,verified_local_archive
10,95D358,281,https://oge.fipi.ru/bank/questions.php?proj=DE0E276E497AB3784C3FC4CC20248DC0&page=281&pagesize=10#q95D358,https://oge.fipi.ru/bank/questions.php?proj=DE0E276E497AB3784C3FC4CC20248DC0&page=281#q95D358,verified_local_archive
10,E3BC57,281,https://oge.fipi.ru/bank/questions.php?proj=DE0E276E497AB3784C3FC4CC20248DC0&page=281&pagesize=10#qE3BC57,https://oge.fipi.ru/bank/questions.php?proj=DE0E276E497AB3784C3FC4CC20248DC0&page=281#qE3BC57,verified_local_archive
10,3D425B,283,https://oge.fipi.ru/bank/questions.php?proj=DE0E276E497AB3784C3FC4CC20248DC0&page=283&pagesize=10#q3D425B,https://oge.fipi.ru/bank/questions.php?proj=DE0E276E497AB3784C3FC4CC20248DC0&page=283#q3D425B,verified_local_archive
10,49A7AB,283,https://oge.fipi.ru/bank/questions.php?proj=DE0E276E497AB3784C3FC4CC20248DC0&page=283&pagesize=10#q49A7AB,https://oge.fipi.ru/bank/questions.php?proj=DE0E276E497AB3784C3FC4CC20248DC0&page=283#q49A7AB,verified_local_archive
10,4321AE,283,https://oge.fipi.ru/bank/questions.php?proj=DE0E276E497AB3784C3FC4CC20248DC0&page=283&pagesize=10#q4321AE,https://oge.fipi.ru/bank/questions.php?proj=DE0E276E497AB3784C3FC4CC20248DC0&page=283#q4321AE,verified_local_archive
10,AD6FA1,285,https://oge.fipi.ru/bank/questions.php?proj=DE0E276E497AB3784C3FC4CC20248DC0&page=285&pagesize=10#qAD6FA1,https://oge.fipi.ru/bank/questions.php?proj=DE0E276E497AB3784C3FC4CC20248DC0&page=285#qAD6FA1,verified_local_archive
10,C393AF,285,https://oge.fipi.ru/bank/questions.php?proj=DE0E276E497AB3784C3FC4CC20248DC0&page=285&pagesize=10#qC393AF,https://oge.fipi.ru/bank/questions.php?proj=DE0E276E497AB3784C3FC4CC20248DC0&page=285#qC393AF,verified_local_archive
10,9F34A2,286,https://oge.fipi.ru/bank/questions.php?proj=DE0E276E497AB3784C3FC4CC20248DC0&page=286&pagesize=10#q9F34A2,https://oge.fipi.ru/bank/questions.php?proj=DE0E276E497AB3784C3FC4CC20248DC0&page=286#q9F34A2,verified_local_archive
10,9140A5,286,https://oge.fipi.ru/bank/questions.php?proj=DE0E276E497AB3784C3FC4CC20248DC0&page=286&pagesize=10#q9140A5,https://oge.fipi.ru/bank/questions.php?proj=DE0E276E497AB3784C3FC4CC20248DC0&page=286#q9140A5,verified_local_archive
10,62C8AF,286,https://oge.fipi.ru/bank/questions.php?proj=DE0E276E497AB3784C3FC4CC20248DC0&page=286&pagesize=10#q62C8AF,https://oge.fipi.ru/bank/questions.php?proj=DE0E276E497AB3784C3FC4CC20248DC0&page=286#q62C8AF,verified_local_archive
10,6F64AD,287,https://oge.fipi.ru/bank/questions.php?proj=DE0E276E497AB3784C3FC4CC20248DC0&page=287&pagesize=10#q6F64AD,https://oge.fipi.ru/bank/questions.php?proj=DE0E276E497AB3784C3FC4CC20248DC0&page=287#q6F64AD,verified_local_archive
10,31A2A6,288,https://oge.fipi.ru/bank/questions.php?proj=DE0E276E497AB3784C3FC4CC20248DC0&page=288&pagesize=10#q31A2A6,https://oge.fipi.ru/bank/questions.php?proj=DE0E276E497AB3784C3FC4CC20248DC0&page=288#q31A2A6,verified_local_archive
10,B583CF,289,https://oge.fipi.ru/bank/questions.php?proj=DE0E276E497AB3784C3FC4CC20248DC0&page=289&pagesize=10#qB583CF,https://oge.fipi.ru/bank/questions.php?proj=DE0E276E497AB3784C3FC4CC20248DC0&page=289#qB583CF,verified_local_archive
10,5481C5,291,https://oge.fipi.ru/bank/questions.php?proj=DE0E276E497AB3784C3FC4CC20248DC0&page=291&pagesize=10#q5481C5,https://oge.fipi.ru/bank/questions.php?proj=DE0E276E497AB3784C3FC4CC20248DC0&page=291#q5481C5,verified_local_archive
10,A390CD,291,https://oge.fipi.ru/bank/questions.php?proj=DE0E276E497AB3784C3FC4CC20248DC0&page=291&pagesize=10#qA390CD,https://oge.fipi.ru/bank/questions.php?proj=DE0E276E497AB3784C3FC4CC20248DC0&page=291#qA390CD,verified_local_archive
10,92C9CB,292,https://oge.fipi.ru/bank/questions.php?proj=DE0E276E497AB3784C3FC4CC20248DC0&page=292&pagesize=10#q92C9CB,https://oge.fipi.ru/bank/questions.php?proj=DE0E276E497AB3784C3FC4CC20248DC0&page=292#q92C9CB,verified_local_archive
10,9443CA,293,https://oge.fipi.ru/bank/questions.php?proj=DE0E276E497AB3784C3FC4CC20248DC0&page=293&pagesize=10#q9443CA,https://oge.fipi.ru/bank/questions.php?proj=DE0E276E497AB3784C3FC4CC20248DC0&page=293#q9443CA,verified_local_archive
10,97F4C9,293,https://oge.fipi.ru/bank/questions.php?proj=DE0E276E497AB3784C3FC4CC20248DC0&page=293&pagesize=10#q97F4C9,https://oge.fipi.ru/bank/questions.php?proj=DE0E276E497AB3784C3FC4CC20248DC0&page=293#q97F4C9,verified_local_archive
10,5DB79C,298,https://oge.fipi.ru/bank/questions.php?proj=DE0E276E497AB3784C3FC4CC20248DC0&page=298&pagesize=10#q5DB79C,https://oge.fipi.ru/bank/questions.php?proj=DE0E276E497AB3784C3FC4CC20248DC0&page=298#q5DB79C,verified_local_archive
10,CD3B90,299,https://oge.fipi.ru/bank/questions.php?proj=DE0E276E497AB3784C3FC4CC20248DC0&page=299&pagesize=10#qCD3B90,https://oge.fipi.ru/bank/questions.php?proj=DE0E276E497AB3784C3FC4CC20248DC0&page=299#qCD3B90,verified_local_archive
10,C3FD9C,299,https://oge.fipi.ru/bank/questions.php?proj=DE0E276E497AB3784C3FC4CC20248DC0&page=299&pagesize=10#qC3FD9C,https://oge.fipi.ru/bank/questions.php?proj=DE0E276E497AB3784C3FC4CC20248DC0&page=299#qC3FD9C,verified_local_archive
10,352D90,301,https://oge.fipi.ru/bank/questions.php?proj=DE0E276E497AB3784C3FC4CC20248DC0&page=301&pagesize=10#q352D90,https://oge.fipi.ru/bank/questions.php?proj=DE0E276E497AB3784C3FC4CC20248DC0&page=301#q352D90,verified_local_archive
10,037FEF,302,https://oge.fipi.ru/bank/questions.php?proj=DE0E276E497AB3784C3FC4CC20248DC0&page=302&pagesize=10#q037FEF,https://oge.fipi.ru/bank/questions.php?proj=DE0E276E497AB3784C3FC4CC20248DC0&page=302#q037FEF,verified_local_archive
10,7369EE,302,https://oge.fipi.ru/bank/questions.php?proj=DE0E276E497AB3784C3FC4CC20248DC0&page=302&pagesize=10#q7369EE,https://oge.fipi.ru/bank/questions.php?proj=DE0E276E497AB3784C3FC4CC20248DC0&page=302#q7369EE,verified_local_archive
10,D316EA,303,https://oge.fipi.ru/bank/questions.php?proj=DE0E276E497AB3784C3FC4CC20248DC0&page=303&pagesize=10#qD316EA,https://oge.fipi.ru/bank/questions.php?proj=DE0E276E497AB3784C3FC4CC20248DC0&page=303#qD316EA,verified_local_archive
10,9AD0E5,305,https://oge.fipi.ru/bank/questions.php?proj=DE0E276E497AB3784C3FC4CC20248DC0&page=305&pagesize=10#q9AD0E5,https://oge.fipi.ru/bank/questions.php?proj=DE0E276E497AB3784C3FC4CC20248DC0&page=305#q9AD0E5,verified_local_archive
10,B7416C,309,https://oge.fipi.ru/bank/questions.php?proj=DE0E276E497AB3784C3FC4CC20248DC0&page=309&pagesize=10#qB7416C,https://oge.fipi.ru/bank/questions.php?proj=DE0E276E497AB3784C3FC4CC20248DC0&page=309#qB7416C,verified_local_archive
10,CAF864,311,https://oge.fipi.ru/bank/questions.php?proj=DE0E276E497AB3784C3FC4CC20248DC0&page=311&pagesize=10#qCAF864,https://oge.fipi.ru/bank/questions.php?proj=DE0E276E497AB3784C3FC4CC20248DC0&page=311#qCAF864,verified_local_archive
10,92256B,311,https://oge.fipi.ru/bank/questions.php?proj=DE0E276E497AB3784C3FC4CC20248DC0&page=311&pagesize=10#q92256B,https://oge.fipi.ru/bank/questions.php?proj=DE0E276E497AB3784C3FC4CC20248DC0&page=311#q92256B,verified_local_archive
10,403933,313,https://oge.fipi.ru/bank/questions.php?proj=DE0E276E497AB3784C3FC4CC20248DC0&page=313&pagesize=10#q403933,https://oge.fipi.ru/bank/questions.php?proj=DE0E276E497AB3784C3FC4CC20248DC0&page=313#q403933,verified_local_archive
10,06CF3C,314,https://oge.fipi.ru/bank/questions.php?proj=DE0E276E497AB3784C3FC4CC20248DC0&page=314&pagesize=10#q06CF3C,https://oge.fipi.ru/bank/questions.php?proj=DE0E276E497AB3784C3FC4CC20248DC0&page=314#q06CF3C,verified_local_archive
10,781B33,314,https://oge.fipi.ru/bank/questions.php?proj=DE0E276E497AB3784C3FC4CC20248DC0&page=314&pagesize=10#q781B33,https://oge.fipi.ru/bank/questions.php?proj=DE0E276E497AB3784C3FC4CC20248DC0&page=314#q781B33,verified_local_archive
10,55D234,316,https://oge.fipi.ru/bank/questions.php?proj=DE0E276E497AB3784C3FC4CC20248DC0&page=316&pagesize=10#q55D234,https://oge.fipi.ru/bank/questions.php?proj=DE0E276E497AB3784C3FC4CC20248DC0&page=316#q55D234,verified_local_archive
10,51743B,316,https://oge.fipi.ru/bank/questions.php?proj=DE0E276E497AB3784C3FC4CC20248DC0&page=316&pagesize=10#q51743B,https://oge.fipi.ru/bank/questions.php?proj=DE0E276E497AB3784C3FC4CC20248DC0&page=316#q51743B,verified_local_archive
10,AE9136,316,https://oge.fipi.ru/bank/questions.php?proj=DE0E276E497AB3784C3FC4CC20248DC0&page=316&pagesize=10#qAE9136,https://oge.fipi.ru/bank/questions.php?proj=DE0E276E497AB3784C3FC4CC20248DC0&page=316#qAE9136,verified_local_archive
10,EBDC3D,317,https://oge.fipi.ru/bank/questions.php?proj=DE0E276E497AB3784C3FC4CC20248DC0&page=317&pagesize=10#qEBDC3D,https://oge.fipi.ru/bank/questions.php?proj=DE0E276E497AB3784C3FC4CC20248DC0&page=317#qEBDC3D,verified_local_archive
10,18258D,321,https://oge.fipi.ru/bank/questions.php?proj=DE0E276E497AB3784C3FC4CC20248DC0&page=321&pagesize=10#q18258D,https://oge.fipi.ru/bank/questions.php?proj=DE0E276E497AB3784C3FC4CC20248DC0&page=321#q18258D,verified_local_archive
10,2EF387,321,https://oge.fipi.ru/bank/questions.php?proj=DE0E276E497AB3784C3FC4CC20248DC0&page=321&pagesize=10#q2EF387,https://oge.fipi.ru/bank/questions.php?proj=DE0E276E497AB3784C3FC4CC20248DC0&page=321#q2EF387,verified_local_archive
10,50B384,322,https://oge.fipi.ru/bank/questions.php?proj=DE0E276E497AB3784C3FC4CC20248DC0&page=322&pagesize=10#q50B384,https://oge.fipi.ru/bank/questions.php?proj=DE0E276E497AB3784C3FC4CC20248DC0&page=322#q50B384,verified_local_archive
10,E6748F,323,https://oge.fipi.ru/bank/questions.php?proj=DE0E276E497AB3784C3FC4CC20248DC0&page=323&pagesize=10#qE6748F,https://oge.fipi.ru/bank/questions.php?proj=DE0E276E497AB3784C3FC4CC20248DC0&page=323#qE6748F,verified_local_archive
10,EF2482,324,https://oge.fipi.ru/bank/questions.php?proj=DE0E276E497AB3784C3FC4CC20248DC0&page=324&pagesize=10#qEF2482,https://oge.fipi.ru/bank/questions.php?proj=DE0E276E497AB3784C3FC4CC20248DC0&page=324#qEF2482,verified_local_archive
10,EEF183,324,https://oge.fipi.ru/bank/questions.php?proj=DE0E276E497AB3784C3FC4CC20248DC0&page=324&pagesize=10#qEEF183,https://oge.fipi.ru/bank/questions.php?proj=DE0E276E497AB3784C3FC4CC20248DC0&page=324#qEEF183,verified_local_archive
10,FD6745,1,https://oge.fipi.ru/bank/questions.php?proj=DE0E276E497AB3784C3FC4CC20248DC0&page=1&pagesize=10#qFD6745,https://oge.fipi.ru/bank/questions.php?proj=DE0E276E497AB3784C3FC4CC20248DC0&page=1#qFD6745,verified_local_archive
10,2BD043,6,https://oge.fipi.ru/bank/questions.php?proj=DE0E276E497AB3784C3FC4CC20248DC0&page=6&pagesize=10#q2BD043,https://oge.fipi.ru/bank/questions.php?proj=DE0E276E497AB3784C3FC4CC20248DC0&page=6#q2BD043,verified_local_archive
10,725B1B,75,https://oge.fipi.ru/bank/questions.php?proj=DE0E276E497AB3784C3FC4CC20248DC0&page=75&pagesize=10#q725B1B,https://oge.fipi.ru/bank/questions.php?proj=DE0E276E497AB3784C3FC4CC20248DC0&page=75#q725B1B,verified_local_archive
10,3DF513,88,https://oge.fipi.ru/bank/questions.php?proj=DE0E276E497AB3784C3FC4CC20248DC0&page=88&pagesize=10#q3DF513,https://oge.fipi.ru/bank/questions.php?proj=DE0E276E497AB3784C3FC4CC20248DC0&page=88#q3DF513,verified_local_archive
10,38A413,88,https://oge.fipi.ru/bank/questions.php?proj=DE0E276E497AB3784C3FC4CC20248DC0&page=88&pagesize=10#q38A413,https://oge.fipi.ru/bank/questions.php?proj=DE0E276E497AB3784C3FC4CC20248DC0&page=88#q38A413,verified_local_archive
10,ACB5DF,113,https://oge.fipi.ru/bank/questions.php?proj=DE0E276E497AB3784C3FC4CC20248DC0&page=113&pagesize=10#qACB5DF,https://oge.fipi.ru/bank/questions.php?proj=DE0E276E497AB3784C3FC4CC20248DC0&page=113#qACB5DF,verified_local_archive
10,8E355E,133,https://oge.fipi.ru/bank/questions.php?proj=DE0E276E497AB3784C3FC4CC20248DC0&page=133&pagesize=10#q8E355E,https://oge.fipi.ru/bank/questions.php?proj=DE0E276E497AB3784C3FC4CC20248DC0&page=133#q8E355E,verified_local_archive
10,151DAD,137,https://oge.fipi.ru/bank/questions.php?proj=DE0E276E497AB3784C3FC4CC20248DC0&page=137&pagesize=10#q151DAD,https://oge.fipi.ru/bank/questions.php?proj=DE0E276E497AB3784C3FC4CC20248DC0&page=137#q151DAD,verified_local_archive
10,078690,161,https://oge.fipi.ru/bank/questions.php?proj=DE0E276E497AB3784C3FC4CC20248DC0&page=161&pagesize=10#q078690,https://oge.fipi.ru/bank/questions.php?proj=DE0E276E497AB3784C3FC4CC20248DC0&page=161#q078690,verified_local_archive
10,0A799D,162,https://oge.fipi.ru/bank/questions.php?proj=DE0E276E497AB3784C3FC4CC20248DC0&page=162&pagesize=10#q0A799D,https://oge.fipi.ru/bank/questions.php?proj=DE0E276E497AB3784C3FC4CC20248DC0&page=162#q0A799D,verified_local_archive
10,CF739A,168,https://oge.fipi.ru/bank/questions.php?proj=DE0E276E497AB3784C3FC4CC20248DC0&page=168&pagesize=10#qCF739A,https://oge.fipi.ru/bank/questions.php?proj=DE0E276E497AB3784C3FC4CC20248DC0&page=168#qCF739A,verified_local_archive
10,FABBE7,175,https://oge.fipi.ru/bank/questions.php?proj=DE0E276E497AB3784C3FC4CC20248DC0&page=175&pagesize=10#qFABBE7,https://oge.fipi.ru/bank/questions.php?proj=DE0E276E497AB3784C3FC4CC20248DC0&page=175#qFABBE7,verified_local_archive
10,29EFE2,179,https://oge.fipi.ru/bank/questions.php?proj=DE0E276E497AB3784C3FC4CC20248DC0&page=179&pagesize=10#q29EFE2,https://oge.fipi.ru/bank/questions.php?proj=DE0E276E497AB3784C3FC4CC20248DC0&page=179#q29EFE2,verified_local_archive
10,CE37E1,183,https://oge.fipi.ru/bank/questions.php?proj=DE0E276E497AB3784C3FC4CC20248DC0&page=183&pagesize=10#qCE37E1,https://oge.fipi.ru/bank/questions.php?proj=DE0E276E497AB3784C3FC4CC20248DC0&page=183#qCE37E1,verified_local_archive
10,B1D764,191,https://oge.fipi.ru/bank/questions.php?proj=DE0E276E497AB3784C3FC4CC20248DC0&page=191&pagesize=10#qB1D764,https://oge.fipi.ru/bank/questions.php?proj=DE0E276E497AB3784C3FC4CC20248DC0&page=191#qB1D764,verified_local_archive
10,050586,219,https://oge.fipi.ru/bank/questions.php?proj=DE0E276E497AB3784C3FC4CC20248DC0&page=219&pagesize=10#q050586,https://oge.fipi.ru/bank/questions.php?proj=DE0E276E497AB3784C3FC4CC20248DC0&page=219#q050586,verified_local_archive
10,27FFA4,138,https://oge.fipi.ru/bank/questions.php?proj=DE0E276E497AB3784C3FC4CC20248DC0&page=138&pagesize=10#q27FFA4,https://oge.fipi.ru/bank/questions.php?proj=DE0E276E497AB3784C3FC4CC20248DC0&page=138#q27FFA4,verified_local_archive
10,F02B46,231,https://oge.fipi.ru/bank/questions.php?proj=DE0E276E497AB3784C3FC4CC20248DC0&page=231&pagesize=10#qF02B46,https://oge.fipi.ru/bank/questions.php?proj=DE0E276E497AB3784C3FC4CC20248DC0&page=231#qF02B46,verified_local_archive
10,E029FE,241,https://oge.fipi.ru/bank/questions.php?proj=DE0E276E497AB3784C3FC4CC20248DC0&page=241&pagesize=10#qE029FE,https://oge.fipi.ru/bank/questions.php?proj=DE0E276E497AB3784C3FC4CC20248DC0&page=241#qE029FE,verified_local_archive
10,89D20C,248,https://oge.fipi.ru/bank/questions.php?proj=DE0E276E497AB3784C3FC4CC20248DC0&page=248&pagesize=10#q89D20C,https://oge.fipi.ru/bank/questions.php?proj=DE0E276E497AB3784C3FC4CC20248DC0&page=248#q89D20C,verified_local_archive
10,408873,248,https://oge.fipi.ru/bank/questions.php?proj=DE0E276E497AB3784C3FC4CC20248DC0&page=248&pagesize=10#q408873,https://oge.fipi.ru/bank/questions.php?proj=DE0E276E497AB3784C3FC4CC20248DC0&page=248#q408873,verified_local_archive
10,DC12B8,256,https://oge.fipi.ru/bank/questions.php?proj=DE0E276E497AB3784C3FC4CC20248DC0&page=256&pagesize=10#qDC12B8,https://oge.fipi.ru/bank/questions.php?proj=DE0E276E497AB3784C3FC4CC20248DC0&page=256#qDC12B8,verified_local_archive
10,741111,261,https://oge.fipi.ru/bank/questions.php?proj=DE0E276E497AB3784C3FC4CC20248DC0&page=261&pagesize=10#q741111,https://oge.fipi.ru/bank/questions.php?proj=DE0E276E497AB3784C3FC4CC20248DC0&page=261#q741111,verified_local_archive
10,DBCA56,280,https://oge.fipi.ru/bank/questions.php?proj=DE0E276E497AB3784C3FC4CC20248DC0&page=280&pagesize=10#qDBCA56,https://oge.fipi.ru/bank/questions.php?proj=DE0E276E497AB3784C3FC4CC20248DC0&page=280#qDBCA56,verified_local_archive
10,3BC695,301,https://oge.fipi.ru/bank/questions.php?proj=DE0E276E497AB3784C3FC4CC20248DC0&page=301&pagesize=10#q3BC695,https://oge.fipi.ru/bank/questions.php?proj=DE0E276E497AB3784C3FC4CC20248DC0&page=301#q3BC695,verified_local_archive
10,039E6A,308,https://oge.fipi.ru/bank/questions.php?proj=DE0E276E497AB3784C3FC4CC20248DC0&page=308&pagesize=10#q039E6A,https://oge.fipi.ru/bank/questions.php?proj=DE0E276E497AB3784C3FC4CC20248DC0&page=308#q039E6A,verified_local_archive
10,F1F889,319,https://oge.fipi.ru/bank/questions.php?proj=DE0E276E497AB3784C3FC4CC20248DC0&page=319&pagesize=10#qF1F889,https://oge.fipi.ru/bank/questions.php?proj=DE0E276E497AB3784C3FC4CC20248DC0&page=319#qF1F889,verified_local_archive
11,FADB4B,0,https://oge.fipi.ru/bank/questions.php?proj=DE0E276E497AB3784C3FC4CC20248DC0&page=0&pagesize=10#qFADB4B,https://oge.fipi.ru/bank/questions.php?proj=DE0E276E497AB3784C3FC4CC20248DC0&page=0#qFADB4B,verified_local_archive
11,F2AF4A,1,https://oge.fipi.ru/bank/questions.php?proj=DE0E276E497AB3784C3FC4CC20248DC0&page=1&pagesize=10#qF2AF4A,https://oge.fipi.ru/bank/questions.php?proj=DE0E276E497AB3784C3FC4CC20248DC0&page=1#qF2AF4A,verified_local_archive
11,0CB842,2,https://oge.fipi.ru/bank/questions.php?proj=DE0E276E497AB3784C3FC4CC20248DC0&page=2&pagesize=10#q0CB842,https://oge.fipi.ru/bank/questions.php?proj=DE0E276E497AB3784C3FC4CC20248DC0&page=2#q0CB842,verified_local_archive
11,C1EF4B,9,https://oge.fipi.ru/bank/questions.php?proj=DE0E276E497AB3784C3FC4CC20248DC0&page=9&pagesize=10#qC1EF4B,https://oge.fipi.ru/bank/questions.php?proj=DE0E276E497AB3784C3FC4CC20248DC0&page=9#qC1EF4B,verified_local_archive
11,634640,12,https://oge.fipi.ru/bank/questions.php?proj=DE0E276E497AB3784C3FC4CC20248DC0&page=12&pagesize=10#q634640,https://oge.fipi.ru/bank/questions.php?proj=DE0E276E497AB3784C3FC4CC20248DC0&page=12#q634640,verified_local_archive
11,4D9AF5,16,https://oge.fipi.ru/bank/questions.php?proj=DE0E276E497AB3784C3FC4CC20248DC0&page=16&pagesize=10#q4D9AF5,https://oge.fipi.ru/bank/questions.php?proj=DE0E276E497AB3784C3FC4CC20248DC0&page=16#q4D9AF5,verified_local_archive
11,B7EAFA,20,https://oge.fipi.ru/bank/questions.php?proj=DE0E276E497AB3784C3FC4CC20248DC0&page=20&pagesize=10#qB7EAFA,https://oge.fipi.ru/bank/questions.php?proj=DE0E276E497AB3784C3FC4CC20248DC0&page=20#qB7EAFA,verified_local_archive
11,D76AF4,22,https://oge.fipi.ru/bank/questions.php?proj=DE0E276E497AB3784C3FC4CC20248DC0&page=22&pagesize=10#qD76AF4,https://oge.fipi.ru/bank/questions.php?proj=DE0E276E497AB3784C3FC4CC20248DC0&page=22#qD76AF4,verified_local_archive
11,8657FA,30,https://oge.fipi.ru/bank/questions.php?proj=DE0E276E497AB3784C3FC4CC20248DC0&page=30&pagesize=10#q8657FA,https://oge.fipi.ru/bank/questions.php?proj=DE0E276E497AB3784C3FC4CC20248DC0&page=30#q8657FA,verified_local_archive
11,240003,35,https://oge.fipi.ru/bank/questions.php?proj=DE0E276E497AB3784C3FC4CC20248DC0&page=35&pagesize=10#q240003,https://oge.fipi.ru/bank/questions.php?proj=DE0E276E497AB3784C3FC4CC20248DC0&page=35#q240003,verified_local_archive
11,AE4000,37,https://oge.fipi.ru/bank/questions.php?proj=DE0E276E497AB3784C3FC4CC20248DC0&page=37&pagesize=10#qAE4000,https://oge.fipi.ru/bank/questions.php?proj=DE0E276E497AB3784C3FC4CC20248DC0&page=37#qAE4000,verified_local_archive
11,3C2809,42,https://oge.fipi.ru/bank/questions.php?proj=DE0E276E497AB3784C3FC4CC20248DC0&page=42&pagesize=10#q3C2809,https://oge.fipi.ru/bank/questions.php?proj=DE0E276E497AB3784C3FC4CC20248DC0&page=42#q3C2809,verified_local_archive
11,8F1404,43,https://oge.fipi.ru/bank/questions.php?proj=DE0E276E497AB3784C3FC4CC20248DC0&page=43&pagesize=10#q8F1404,https://oge.fipi.ru/bank/questions.php?proj=DE0E276E497AB3784C3FC4CC20248DC0&page=43#q8F1404,verified_local_archive
11,47E77C,44,https://oge.fipi.ru/bank/questions.php?proj=DE0E276E497AB3784C3FC4CC20248DC0&page=44&pagesize=10#q47E77C,https://oge.fipi.ru/bank/questions.php?proj=DE0E276E497AB3784C3FC4CC20248DC0&page=44#q47E77C,verified_local_archive
11,7D8D7D,47,https://oge.fipi.ru/bank/questions.php?proj=DE0E276E497AB3784C3FC4CC20248DC0&page=47&pagesize=10#q7D8D7D,https://oge.fipi.ru/bank/questions.php?proj=DE0E276E497AB3784C3FC4CC20248DC0&page=47#q7D8D7D,verified_local_archive
11,B33F72,48,https://oge.fipi.ru/bank/questions.php?proj=DE0E276E497AB3784C3FC4CC20248DC0&page=48&pagesize=10#qB33F72,https://oge.fipi.ru/bank/questions.php?proj=DE0E276E497AB3784C3FC4CC20248DC0&page=48#qB33F72,verified_local_archive
11,1C7D75,49,https://oge.fipi.ru/bank/questions.php?proj=DE0E276E497AB3784C3FC4CC20248DC0&page=49&pagesize=10#q1C7D75,https://oge.fipi.ru/bank/questions.php?proj=DE0E276E497AB3784C3FC4CC20248DC0&page=49#q1C7D75,verified_local_archive
11,5E5E79,52,https://oge.fipi.ru/bank/questions.php?proj=DE0E276E497AB3784C3FC4CC20248DC0&page=52&pagesize=10#q5E5E79,https://oge.fipi.ru/bank/questions.php?proj=DE0E276E497AB3784C3FC4CC20248DC0&page=52#q5E5E79,verified_local_archive
11,9A2274,54,https://oge.fipi.ru/bank/questions.php?proj=DE0E276E497AB3784C3FC4CC20248DC0&page=54&pagesize=10#q9A2274,https://oge.fipi.ru/bank/questions.php?proj=DE0E276E497AB3784C3FC4CC20248DC0&page=54#q9A2274,verified_local_archive
11,96C572,54,https://oge.fipi.ru/bank/questions.php?proj=DE0E276E497AB3784C3FC4CC20248DC0&page=54&pagesize=10#q96C572,https://oge.fipi.ru/bank/questions.php?proj=DE0E276E497AB3784C3FC4CC20248DC0&page=54#q96C572,verified_local_archive
11,1B27B2,64,https://oge.fipi.ru/bank/questions.php?proj=DE0E276E497AB3784C3FC4CC20248DC0&page=64&pagesize=10#q1B27B2,https://oge.fipi.ru/bank/questions.php?proj=DE0E276E497AB3784C3FC4CC20248DC0&page=64#q1B27B2,verified_local_archive
11,E707BB,70,https://oge.fipi.ru/bank/questions.php?proj=DE0E276E497AB3784C3FC4CC20248DC0&page=70&pagesize=10#qE707BB,https://oge.fipi.ru/bank/questions.php?proj=DE0E276E497AB3784C3FC4CC20248DC0&page=70#qE707BB,verified_local_archive
11,8414B9,72,https://oge.fipi.ru/bank/questions.php?proj=DE0E276E497AB3784C3FC4CC20248DC0&page=72&pagesize=10#q8414B9,https://oge.fipi.ru/bank/questions.php?proj=DE0E276E497AB3784C3FC4CC20248DC0&page=72#q8414B9,verified_local_archive
11,1C761E,79,https://oge.fipi.ru/bank/questions.php?proj=DE0E276E497AB3784C3FC4CC20248DC0&page=79&pagesize=10#q1C761E,https://oge.fipi.ru/bank/questions.php?proj=DE0E276E497AB3784C3FC4CC20248DC0&page=79#q1C761E,verified_local_archive
11,273818,80,https://oge.fipi.ru/bank/questions.php?proj=DE0E276E497AB3784C3FC4CC20248DC0&page=80&pagesize=10#q273818,https://oge.fipi.ru/bank/questions.php?proj=DE0E276E497AB3784C3FC4CC20248DC0&page=80#q273818,verified_local_archive
11,C33B1E,83,https://oge.fipi.ru/bank/questions.php?proj=DE0E276E497AB3784C3FC4CC20248DC0&page=83&pagesize=10#qC33B1E,https://oge.fipi.ru/bank/questions.php?proj=DE0E276E497AB3784C3FC4CC20248DC0&page=83#qC33B1E,verified_local_archive
11,95FA1B,84,https://oge.fipi.ru/bank/questions.php?proj=DE0E276E497AB3784C3FC4CC20248DC0&page=84&pagesize=10#q95FA1B,https://oge.fipi.ru/bank/questions.php?proj=DE0E276E497AB3784C3FC4CC20248DC0&page=84#q95FA1B,verified_local_archive
11,81A41C,89,https://oge.fipi.ru/bank/questions.php?proj=DE0E276E497AB3784C3FC4CC20248DC0&page=89&pagesize=10#q81A41C,https://oge.fipi.ru/bank/questions.php?proj=DE0E276E497AB3784C3FC4CC20248DC0&page=89#q81A41C,verified_local_archive
11,48D82A,90,https://oge.fipi.ru/bank/questions.php?proj=DE0E276E497AB3784C3FC4CC20248DC0&page=90&pagesize=10#q48D82A,https://oge.fipi.ru/bank/questions.php?proj=DE0E276E497AB3784C3FC4CC20248DC0&page=90#q48D82A,verified_local_archive
11,F4CC28,91,https://oge.fipi.ru/bank/questions.php?proj=DE0E276E497AB3784C3FC4CC20248DC0&page=91&pagesize=10#qF4CC28,https://oge.fipi.ru/bank/questions.php?proj=DE0E276E497AB3784C3FC4CC20248DC0&page=91#qF4CC28,verified_local_archive
11,199525,95,https://oge.fipi.ru/bank/questions.php?proj=DE0E276E497AB3784C3FC4CC20248DC0&page=95&pagesize=10#q199525,https://oge.fipi.ru/bank/questions.php?proj=DE0E276E497AB3784C3FC4CC20248DC0&page=95#q199525,verified_local_archive
11,51F124,98,https://oge.fipi.ru/bank/questions.php?proj=DE0E276E497AB3784C3FC4CC20248DC0&page=98&pagesize=10#q51F124,https://oge.fipi.ru/bank/questions.php?proj=DE0E276E497AB3784C3FC4CC20248DC0&page=98#q51F124,verified_local_archive
11,AB9727,99,https://oge.fipi.ru/bank/questions.php?proj=DE0E276E497AB3784C3FC4CC20248DC0&page=99&pagesize=10#qAB9727,https://oge.fipi.ru/bank/questions.php?proj=DE0E276E497AB3784C3FC4CC20248DC0&page=99#qAB9727,verified_local_archive
11,65A424,103,https://oge.fipi.ru/bank/questions.php?proj=DE0E276E497AB3784C3FC4CC20248DC0&page=103&pagesize=10#q65A424,https://oge.fipi.ru/bank/questions.php?proj=DE0E276E497AB3784C3FC4CC20248DC0&page=103#q65A424,verified_local_archive
11,4C3CDD,106,https://oge.fipi.ru/bank/questions.php?proj=DE0E276E497AB3784C3FC4CC20248DC0&page=106&pagesize=10#q4C3CDD,https://oge.fipi.ru/bank/questions.php?proj=DE0E276E497AB3784C3FC4CC20248DC0&page=106#q4C3CDD,verified_local_archive
11,94DBDE,115,https://oge.fipi.ru/bank/questions.php?proj=DE0E276E497AB3784C3FC4CC20248DC0&page=115&pagesize=10#q94DBDE,https://oge.fipi.ru/bank/questions.php?proj=DE0E276E497AB3784C3FC4CC20248DC0&page=115#q94DBDE,verified_local_archive
11,406A53,119,https://oge.fipi.ru/bank/questions.php?proj=DE0E276E497AB3784C3FC4CC20248DC0&page=119&pagesize=10#q406A53,https://oge.fipi.ru/bank/questions.php?proj=DE0E276E497AB3784C3FC4CC20248DC0&page=119#q406A53,verified_local_archive
11,BD255E,123,https://oge.fipi.ru/bank/questions.php?proj=DE0E276E497AB3784C3FC4CC20248DC0&page=123&pagesize=10#qBD255E,https://oge.fipi.ru/bank/questions.php?proj=DE0E276E497AB3784C3FC4CC20248DC0&page=123#qBD255E,verified_local_archive
11,283154,124,https://oge.fipi.ru/bank/questions.php?proj=DE0E276E497AB3784C3FC4CC20248DC0&page=124&pagesize=10#q283154,https://oge.fipi.ru/bank/questions.php?proj=DE0E276E497AB3784C3FC4CC20248DC0&page=124#q283154,verified_local_archive
11,8CCC57,132,https://oge.fipi.ru/bank/questions.php?proj=DE0E276E497AB3784C3FC4CC20248DC0&page=132&pagesize=10#q8CCC57,https://oge.fipi.ru/bank/questions.php?proj=DE0E276E497AB3784C3FC4CC20248DC0&page=132#q8CCC57,verified_local_archive
11,47FBAE,134,https://oge.fipi.ru/bank/questions.php?proj=DE0E276E497AB3784C3FC4CC20248DC0&page=134&pagesize=10#q47FBAE,https://oge.fipi.ru/bank/questions.php?proj=DE0E276E497AB3784C3FC4CC20248DC0&page=134#q47FBAE,verified_local_archive
11,1041AA,137,https://oge.fipi.ru/bank/questions.php?proj=DE0E276E497AB3784C3FC4CC20248DC0&page=137&pagesize=10#q1041AA,https://oge.fipi.ru/bank/questions.php?proj=DE0E276E497AB3784C3FC4CC20248DC0&page=137#q1041AA,verified_local_archive
11,5D5DA2,139,https://oge.fipi.ru/bank/questions.php?proj=DE0E276E497AB3784C3FC4CC20248DC0&page=139&pagesize=10#q5D5DA2,https://oge.fipi.ru/bank/questions.php?proj=DE0E276E497AB3784C3FC4CC20248DC0&page=139#q5D5DA2,verified_local_archive
11,98E6A3,142,https://oge.fipi.ru/bank/questions.php?proj=DE0E276E497AB3784C3FC4CC20248DC0&page=142&pagesize=10#q98E6A3,https://oge.fipi.ru/bank/questions.php?proj=DE0E276E497AB3784C3FC4CC20248DC0&page=142#q98E6A3,verified_local_archive
11,F2B0C5,147,https://oge.fipi.ru/bank/questions.php?proj=DE0E276E497AB3784C3FC4CC20248DC0&page=147&pagesize=10#qF2B0C5,https://oge.fipi.ru/bank/questions.php?proj=DE0E276E497AB3784C3FC4CC20248DC0&page=147#qF2B0C5,verified_local_archive
11,DE7AC9,153,https://oge.fipi.ru/bank/questions.php?proj=DE0E276E497AB3784C3FC4CC20248DC0&page=153&pagesize=10#qDE7AC9,https://oge.fipi.ru/bank/questions.php?proj=DE0E276E497AB3784C3FC4CC20248DC0&page=153#qDE7AC9,verified_local_archive
11,CDACCC,155,https://oge.fipi.ru/bank/questions.php?proj=DE0E276E497AB3784C3FC4CC20248DC0&page=155&pagesize=10#qCDACCC,https://oge.fipi.ru/bank/questions.php?proj=DE0E276E497AB3784C3FC4CC20248DC0&page=155#qCDACCC,verified_local_archive
11,A90491,167,https://oge.fipi.ru/bank/questions.php?proj=DE0E276E497AB3784C3FC4CC20248DC0&page=167&pagesize=10#qA90491,https://oge.fipi.ru/bank/questions.php?proj=DE0E276E497AB3784C3FC4CC20248DC0&page=167#qA90491,verified_local_archive
11,CC6397,168,https://oge.fipi.ru/bank/questions.php?proj=DE0E276E497AB3784C3FC4CC20248DC0&page=168&pagesize=10#qCC6397,https://oge.fipi.ru/bank/questions.php?proj=DE0E276E497AB3784C3FC4CC20248DC0&page=168#qCC6397,verified_local_archive
11,991C92,169,https://oge.fipi.ru/bank/questions.php?proj=DE0E276E497AB3784C3FC4CC20248DC0&page=169&pagesize=10#q991C92,https://oge.fipi.ru/bank/questions.php?proj=DE0E276E497AB3784C3FC4CC20248DC0&page=169#q991C92,verified_local_archive
11,41EDEB,174,https://oge.fipi.ru/bank/questions.php?proj=DE0E276E497AB3784C3FC4CC20248DC0&page=174&pagesize=10#q41EDEB,https://oge.fipi.ru/bank/questions.php?proj=DE0E276E497AB3784C3FC4CC20248DC0&page=174#q41EDEB,verified_local_archive
11,4386E2,174,https://oge.fipi.ru/bank/questions.php?proj=DE0E276E497AB3784C3FC4CC20248DC0&page=174&pagesize=10#q4386E2,https://oge.fipi.ru/bank/questions.php?proj=DE0E276E497AB3784C3FC4CC20248DC0&page=174#q4386E2,verified_local_archive
11,4141E5,174,https://oge.fipi.ru/bank/questions.php?proj=DE0E276E497AB3784C3FC4CC20248DC0&page=174&pagesize=10#q4141E5,https://oge.fipi.ru/bank/questions.php?proj=DE0E276E497AB3784C3FC4CC20248DC0&page=174#q4141E5,verified_local_archive
11,2189EA,179,https://oge.fipi.ru/bank/questions.php?proj=DE0E276E497AB3784C3FC4CC20248DC0&page=179&pagesize=10#q2189EA,https://oge.fipi.ru/bank/questions.php?proj=DE0E276E497AB3784C3FC4CC20248DC0&page=179#q2189EA,verified_local_archive
11,A51BE4,182,https://oge.fipi.ru/bank/questions.php?proj=DE0E276E497AB3784C3FC4CC20248DC0&page=182&pagesize=10#qA51BE4,https://oge.fipi.ru/bank/questions.php?proj=DE0E276E497AB3784C3FC4CC20248DC0&page=182#qA51BE4,verified_local_archive
11,9883EC,184,https://oge.fipi.ru/bank/questions.php?proj=DE0E276E497AB3784C3FC4CC20248DC0&page=184&pagesize=10#q9883EC,https://oge.fipi.ru/bank/questions.php?proj=DE0E276E497AB3784C3FC4CC20248DC0&page=184#q9883EC,verified_local_archive
11,310DE2,185,https://oge.fipi.ru/bank/questions.php?proj=DE0E276E497AB3784C3FC4CC20248DC0&page=185&pagesize=10#q310DE2,https://oge.fipi.ru/bank/questions.php?proj=DE0E276E497AB3784C3FC4CC20248DC0&page=185#q310DE2,verified_local_archive
11,646563,201,https://oge.fipi.ru/bank/questions.php?proj=DE0E276E497AB3784C3FC4CC20248DC0&page=201&pagesize=10#q646563,https://oge.fipi.ru/bank/questions.php?proj=DE0E276E497AB3784C3FC4CC20248DC0&page=201#q646563,verified_local_archive
11,89E064,202,https://oge.fipi.ru/bank/questions.php?proj=DE0E276E497AB3784C3FC4CC20248DC0&page=202&pagesize=10#q89E064,https://oge.fipi.ru/bank/questions.php?proj=DE0E276E497AB3784C3FC4CC20248DC0&page=202#q89E064,verified_local_archive
11,11B131,207,https://oge.fipi.ru/bank/questions.php?proj=DE0E276E497AB3784C3FC4CC20248DC0&page=207&pagesize=10#q11B131,https://oge.fipi.ru/bank/questions.php?proj=DE0E276E497AB3784C3FC4CC20248DC0&page=207#q11B131,verified_local_archive
11,1CFC32,207,https://oge.fipi.ru/bank/questions.php?proj=DE0E276E497AB3784C3FC4CC20248DC0&page=207&pagesize=10#q1CFC32,https://oge.fipi.ru/bank/questions.php?proj=DE0E276E497AB3784C3FC4CC20248DC0&page=207#q1CFC32,verified_local_archive
11,55E138,211,https://oge.fipi.ru/bank/questions.php?proj=DE0E276E497AB3784C3FC4CC20248DC0&page=211&pagesize=10#q55E138,https://oge.fipi.ru/bank/questions.php?proj=DE0E276E497AB3784C3FC4CC20248DC0&page=211#q55E138,verified_local_archive
11,A7A733,211,https://oge.fipi.ru/bank/questions.php?proj=DE0E276E497AB3784C3FC4CC20248DC0&page=211&pagesize=10#qA7A733,https://oge.fipi.ru/bank/questions.php?proj=DE0E276E497AB3784C3FC4CC20248DC0&page=211#qA7A733,verified_local_archive
11,CBCD34,211,https://oge.fipi.ru/bank/questions.php?proj=DE0E276E497AB3784C3FC4CC20248DC0&page=211&pagesize=10#qCBCD34,https://oge.fipi.ru/bank/questions.php?proj=DE0E276E497AB3784C3FC4CC20248DC0&page=211#qCBCD34,verified_local_archive
11,E1FC38,214,https://oge.fipi.ru/bank/questions.php?proj=DE0E276E497AB3784C3FC4CC20248DC0&page=214&pagesize=10#qE1FC38,https://oge.fipi.ru/bank/questions.php?proj=DE0E276E497AB3784C3FC4CC20248DC0&page=214#qE1FC38,verified_local_archive
11,63D731,215,https://oge.fipi.ru/bank/questions.php?proj=DE0E276E497AB3784C3FC4CC20248DC0&page=215&pagesize=10#q63D731,https://oge.fipi.ru/bank/questions.php?proj=DE0E276E497AB3784C3FC4CC20248DC0&page=215#q63D731,verified_local_archive
11,403D85,217,https://oge.fipi.ru/bank/questions.php?proj=DE0E276E497AB3784C3FC4CC20248DC0&page=217&pagesize=10#q403D85,https://oge.fipi.ru/bank/questions.php?proj=DE0E276E497AB3784C3FC4CC20248DC0&page=217#q403D85,verified_local_archive
11,023E8E,219,https://oge.fipi.ru/bank/questions.php?proj=DE0E276E497AB3784C3FC4CC20248DC0&page=219&pagesize=10#q023E8E,https://oge.fipi.ru/bank/questions.php?proj=DE0E276E497AB3784C3FC4CC20248DC0&page=219#q023E8E,verified_local_archive
11,757E85,220,https://oge.fipi.ru/bank/questions.php?proj=DE0E276E497AB3784C3FC4CC20248DC0&page=220&pagesize=10#q757E85,https://oge.fipi.ru/bank/questions.php?proj=DE0E276E497AB3784C3FC4CC20248DC0&page=220#q757E85,verified_local_archive
11,1AE583,221,https://oge.fipi.ru/bank/questions.php?proj=DE0E276E497AB3784C3FC4CC20248DC0&page=221&pagesize=10#q1AE583,https://oge.fipi.ru/bank/questions.php?proj=DE0E276E497AB3784C3FC4CC20248DC0&page=221#q1AE583,verified_local_archive
11,9E5481,225,https://oge.fipi.ru/bank/questions.php?proj=DE0E276E497AB3784C3FC4CC20248DC0&page=225&pagesize=10#q9E5481,https://oge.fipi.ru/bank/questions.php?proj=DE0E276E497AB3784C3FC4CC20248DC0&page=225#q9E5481,verified_local_archive
11,EBD148,12,https://oge.fipi.ru/bank/questions.php?proj=DE0E276E497AB3784C3FC4CC20248DC0&page=12&pagesize=10#qEBD148,https://oge.fipi.ru/bank/questions.php?proj=DE0E276E497AB3784C3FC4CC20248DC0&page=12#qEBD148,verified_local_archive
11,8C2242,15,https://oge.fipi.ru/bank/questions.php?proj=DE0E276E497AB3784C3FC4CC20248DC0&page=15&pagesize=10#q8C2242,https://oge.fipi.ru/bank/questions.php?proj=DE0E276E497AB3784C3FC4CC20248DC0&page=15#q8C2242,verified_local_archive
11,F7E600,31,https://oge.fipi.ru/bank/questions.php?proj=DE0E276E497AB3784C3FC4CC20248DC0&page=31&pagesize=10#qF7E600,https://oge.fipi.ru/bank/questions.php?proj=DE0E276E497AB3784C3FC4CC20248DC0&page=31#qF7E600,verified_local_archive
11,152506,34,https://oge.fipi.ru/bank/questions.php?proj=DE0E276E497AB3784C3FC4CC20248DC0&page=34&pagesize=10#q152506,https://oge.fipi.ru/bank/questions.php?proj=DE0E276E497AB3784C3FC4CC20248DC0&page=34#q152506,verified_local_archive
11,3A0009,42,https://oge.fipi.ru/bank/questions.php?proj=DE0E276E497AB3784C3FC4CC20248DC0&page=42&pagesize=10#q3A0009,https://oge.fipi.ru/bank/questions.php?proj=DE0E276E497AB3784C3FC4CC20248DC0&page=42#q3A0009,verified_local_archive
11,CF1C7A,53,https://oge.fipi.ru/bank/questions.php?proj=DE0E276E497AB3784C3FC4CC20248DC0&page=53&pagesize=10#qCF1C7A,https://oge.fipi.ru/bank/questions.php?proj=DE0E276E497AB3784C3FC4CC20248DC0&page=53#qCF1C7A,verified_local_archive
11,663C78,56,https://oge.fipi.ru/bank/questions.php?proj=DE0E276E497AB3784C3FC4CC20248DC0&page=56&pagesize=10#q663C78,https://oge.fipi.ru/bank/questions.php?proj=DE0E276E497AB3784C3FC4CC20248DC0&page=56#q663C78,verified_local_archive
11,4AD6B2,60,https://oge.fipi.ru/bank/questions.php?proj=DE0E276E497AB3784C3FC4CC20248DC0&page=60&pagesize=10#q4AD6B2,https://oge.fipi.ru/bank/questions.php?proj=DE0E276E497AB3784C3FC4CC20248DC0&page=60#q4AD6B2,verified_local_archive
11,E1C4BF,70,https://oge.fipi.ru/bank/questions.php?proj=DE0E276E497AB3784C3FC4CC20248DC0&page=70&pagesize=10#qE1C4BF,https://oge.fipi.ru/bank/questions.php?proj=DE0E276E497AB3784C3FC4CC20248DC0&page=70#qE1C4BF,verified_local_archive
11,2FC11A,80,https://oge.fipi.ru/bank/questions.php?proj=DE0E276E497AB3784C3FC4CC20248DC0&page=80&pagesize=10#q2FC11A,https://oge.fipi.ru/bank/questions.php?proj=DE0E276E497AB3784C3FC4CC20248DC0&page=80#q2FC11A,verified_local_archive
11,642C12,86,https://oge.fipi.ru/bank/questions.php?proj=DE0E276E497AB3784C3FC4CC20248DC0&page=86&pagesize=10#q642C12,https://oge.fipi.ru/bank/questions.php?proj=DE0E276E497AB3784C3FC4CC20248DC0&page=86#q642C12,verified_local_archive
11,AA42D3,114,https://oge.fipi.ru/bank/questions.php?proj=DE0E276E497AB3784C3FC4CC20248DC0&page=114&pagesize=10#qAA42D3,https://oge.fipi.ru/bank/questions.php?proj=DE0E276E497AB3784C3FC4CC20248DC0&page=114#qAA42D3,verified_local_archive
11,AC0A57,126,https://oge.fipi.ru/bank/questions.php?proj=DE0E276E497AB3784C3FC4CC20248DC0&page=126&pagesize=10#qAC0A57,https://oge.fipi.ru/bank/questions.php?proj=DE0E276E497AB3784C3FC4CC20248DC0&page=126#qAC0A57,verified_local_archive
11,4041A0,133,https://oge.fipi.ru/bank/questions.php?proj=DE0E276E497AB3784C3FC4CC20248DC0&page=133&pagesize=10#q4041A0,https://oge.fipi.ru/bank/questions.php?proj=DE0E276E497AB3784C3FC4CC20248DC0&page=133#q4041A0,verified_local_archive
11,B2EAA0,136,https://oge.fipi.ru/bank/questions.php?proj=DE0E276E497AB3784C3FC4CC20248DC0&page=136&pagesize=10#qB2EAA0,https://oge.fipi.ru/bank/questions.php?proj=DE0E276E497AB3784C3FC4CC20248DC0&page=136#qB2EAA0,verified_local_archive
11,C95BA6,141,https://oge.fipi.ru/bank/questions.php?proj=DE0E276E497AB3784C3FC4CC20248DC0&page=141&pagesize=10#qC95BA6,https://oge.fipi.ru/bank/questions.php?proj=DE0E276E497AB3784C3FC4CC20248DC0&page=141#qC95BA6,verified_local_archive
11,E537AB,142,https://oge.fipi.ru/bank/questions.php?proj=DE0E276E497AB3784C3FC4CC20248DC0&page=142&pagesize=10#qE537AB,https://oge.fipi.ru/bank/questions.php?proj=DE0E276E497AB3784C3FC4CC20248DC0&page=142#qE537AB,verified_local_archive
11,8C33A7,145,https://oge.fipi.ru/bank/questions.php?proj=DE0E276E497AB3784C3FC4CC20248DC0&page=145&pagesize=10#q8C33A7,https://oge.fipi.ru/bank/questions.php?proj=DE0E276E497AB3784C3FC4CC20248DC0&page=145#q8C33A7,verified_local_archive
11,7617C1,149,https://oge.fipi.ru/bank/questions.php?proj=DE0E276E497AB3784C3FC4CC20248DC0&page=149&pagesize=10#q7617C1,https://oge.fipi.ru/bank/questions.php?proj=DE0E276E497AB3784C3FC4CC20248DC0&page=149#q7617C1,verified_local_archive
11,1D6F9C,164,https://oge.fipi.ru/bank/questions.php?proj=DE0E276E497AB3784C3FC4CC20248DC0&page=164&pagesize=10#q1D6F9C,https://oge.fipi.ru/bank/questions.php?proj=DE0E276E497AB3784C3FC4CC20248DC0&page=164#q1D6F9C,verified_local_archive
11,D62996,166,https://oge.fipi.ru/bank/questions.php?proj=DE0E276E497AB3784C3FC4CC20248DC0&page=166&pagesize=10#qD62996,https://oge.fipi.ru/bank/questions.php?proj=DE0E276E497AB3784C3FC4CC20248DC0&page=166#qD62996,verified_local_archive
11,071A69,190,https://oge.fipi.ru/bank/questions.php?proj=DE0E276E497AB3784C3FC4CC20248DC0&page=190&pagesize=10#q071A69,https://oge.fipi.ru/bank/questions.php?proj=DE0E276E497AB3784C3FC4CC20248DC0&page=190#q071A69,verified_local_archive
11,B8C065,192,https://oge.fipi.ru/bank/questions.php?proj=DE0E276E497AB3784C3FC4CC20248DC0&page=192&pagesize=10#qB8C065,https://oge.fipi.ru/bank/questions.php?proj=DE0E276E497AB3784C3FC4CC20248DC0&page=192#qB8C065,verified_local_archive
11,A32768,197,https://oge.fipi.ru/bank/questions.php?proj=DE0E276E497AB3784C3FC4CC20248DC0&page=197&pagesize=10#qA32768,https://oge.fipi.ru/bank/questions.php?proj=DE0E276E497AB3784C3FC4CC20248DC0&page=197#qA32768,verified_local_archive
11,661D6B,200,https://oge.fipi.ru/bank/questions.php?proj=DE0E276E497AB3784C3FC4CC20248DC0&page=200&pagesize=10#q661D6B,https://oge.fipi.ru/bank/questions.php?proj=DE0E276E497AB3784C3FC4CC20248DC0&page=200#q661D6B,verified_local_archive
11,924380,225,https://oge.fipi.ru/bank/questions.php?proj=DE0E276E497AB3784C3FC4CC20248DC0&page=225&pagesize=10#q924380,https://oge.fipi.ru/bank/questions.php?proj=DE0E276E497AB3784C3FC4CC20248DC0&page=225#q924380,verified_local_archive
11,ECCC13,85,https://oge.fipi.ru/bank/questions.php?proj=DE0E276E497AB3784C3FC4CC20248DC0&page=85&pagesize=10#qECCC13,https://oge.fipi.ru/bank/questions.php?proj=DE0E276E497AB3784C3FC4CC20248DC0&page=85#qECCC13,verified_local_archive
11,438963,188,https://oge.fipi.ru/bank/questions.php?proj=DE0E276E497AB3784C3FC4CC20248DC0&page=188&pagesize=10#q438963,https://oge.fipi.ru/bank/questions.php?proj=DE0E276E497AB3784C3FC4CC20248DC0&page=188#q438963,verified_local_archive
11,CE7D3E,212,https://oge.fipi.ru/bank/questions.php?proj=DE0E276E497AB3784C3FC4CC20248DC0&page=212&pagesize=10#qCE7D3E,https://oge.fipi.ru/bank/questions.php?proj=DE0E276E497AB3784C3FC4CC20248DC0&page=212#qCE7D3E,verified_local_archive
11,89503D,216,https://oge.fipi.ru/bank/questions.php?proj=DE0E276E497AB3784C3FC4CC20248DC0&page=216&pagesize=10#q89503D,https://oge.fipi.ru/bank/questions.php?proj=DE0E276E497AB3784C3FC4CC20248DC0&page=216#q89503D,verified_local_archive
12,494C47,0,https://oge.fipi.ru/bank/questions.php?proj=DE0E276E497AB3784C3FC4CC20248DC0&page=0&pagesize=10#q494C47,https://oge.fipi.ru/bank/questions.php?proj=DE0E276E497AB3784C3FC4CC20248DC0&page=0#q494C47,verified_local_archive
12,0A4D44,2,https://oge.fipi.ru/bank/questions.php?proj=DE0E276E497AB3784C3FC4CC20248DC0&page=2&pagesize=10#q0A4D44,https://oge.fipi.ru/bank/questions.php?proj=DE0E276E497AB3784C3FC4CC20248DC0&page=2#q0A4D44,verified_local_archive
12,041048,2,https://oge.fipi.ru/bank/questions.php?proj=DE0E276E497AB3784C3FC4CC20248DC0&page=2&pagesize=10#q041048,https://oge.fipi.ru/bank/questions.php?proj=DE0E276E497AB3784C3FC4CC20248DC0&page=2#q041048,verified_local_archive
12,2FB845,5,https://oge.fipi.ru/bank/questions.php?proj=DE0E276E497AB3784C3FC4CC20248DC0&page=5&pagesize=10#q2FB845,https://oge.fipi.ru/bank/questions.php?proj=DE0E276E497AB3784C3FC4CC20248DC0&page=5#q2FB845,verified_local_archive
12,CA6040,9,https://oge.fipi.ru/bank/questions.php?proj=DE0E276E497AB3784C3FC4CC20248DC0&page=9&pagesize=10#qCA6040,https://oge.fipi.ru/bank/questions.php?proj=DE0E276E497AB3784C3FC4CC20248DC0&page=9#qCA6040,verified_local_archive
12,9D094B,10,https://oge.fipi.ru/bank/questions.php?proj=DE0E276E497AB3784C3FC4CC20248DC0&page=10&pagesize=10#q9D094B,https://oge.fipi.ru/bank/questions.php?proj=DE0E276E497AB3784C3FC4CC20248DC0&page=10#q9D094B,verified_local_archive
12,155EF3,21,https://oge.fipi.ru/bank/questions.php?proj=DE0E276E497AB3784C3FC4CC20248DC0&page=21&pagesize=10#q155EF3,https://oge.fipi.ru/bank/questions.php?proj=DE0E276E497AB3784C3FC4CC20248DC0&page=21#q155EF3,verified_local_archive
12,2AFEF1,22,https://oge.fipi.ru/bank/questions.php?proj=DE0E276E497AB3784C3FC4CC20248DC0&page=22&pagesize=10#q2AFEF1,https://oge.fipi.ru/bank/questions.php?proj=DE0E276E497AB3784C3FC4CC20248DC0&page=22#q2AFEF1,verified_local_archive
12,E98BF1,27,https://oge.fipi.ru/bank/questions.php?proj=DE0E276E497AB3784C3FC4CC20248DC0&page=27&pagesize=10#qE98BF1,https://oge.fipi.ru/bank/questions.php?proj=DE0E276E497AB3784C3FC4CC20248DC0&page=27#qE98BF1,verified_local_archive
12,86FCF3,31,https://oge.fipi.ru/bank/questions.php?proj=DE0E276E497AB3784C3FC4CC20248DC0&page=31&pagesize=10#q86FCF3,https://oge.fipi.ru/bank/questions.php?proj=DE0E276E497AB3784C3FC4CC20248DC0&page=31#q86FCF3,verified_local_archive
12,73ED0C,33,https://oge.fipi.ru/bank/questions.php?proj=DE0E276E497AB3784C3FC4CC20248DC0&page=33&pagesize=10#q73ED0C,https://oge.fipi.ru/bank/questions.php?proj=DE0E276E497AB3784C3FC4CC20248DC0&page=33#q73ED0C,verified_local_archive
12,23D305,35,https://oge.fipi.ru/bank/questions.php?proj=DE0E276E497AB3784C3FC4CC20248DC0&page=35&pagesize=10#q23D305,https://oge.fipi.ru/bank/questions.php?proj=DE0E276E497AB3784C3FC4CC20248DC0&page=35#q23D305,verified_local_archive
12,20B808,35,https://oge.fipi.ru/bank/questions.php?proj=DE0E276E497AB3784C3FC4CC20248DC0&page=35&pagesize=10#q20B808,https://oge.fipi.ru/bank/questions.php?proj=DE0E276E497AB3784C3FC4CC20248DC0&page=35#q20B808,verified_local_archive
12,DFF702,36,https://oge.fipi.ru/bank/questions.php?proj=DE0E276E497AB3784C3FC4CC20248DC0&page=36&pagesize=10#qDFF702,https://oge.fipi.ru/bank/questions.php?proj=DE0E276E497AB3784C3FC4CC20248DC0&page=36#qDFF702,verified_local_archive
12,A45F0C,38,https://oge.fipi.ru/bank/questions.php?proj=DE0E276E497AB3784C3FC4CC20248DC0&page=38&pagesize=10#qA45F0C,https://oge.fipi.ru/bank/questions.php?proj=DE0E276E497AB3784C3FC4CC20248DC0&page=38#qA45F0C,verified_local_archive
12,82720D,43,https://oge.fipi.ru/bank/questions.php?proj=DE0E276E497AB3784C3FC4CC20248DC0&page=43&pagesize=10#q82720D,https://oge.fipi.ru/bank/questions.php?proj=DE0E276E497AB3784C3FC4CC20248DC0&page=43#q82720D,verified_local_archive
12,F08F7C,45,https://oge.fipi.ru/bank/questions.php?proj=DE0E276E497AB3784C3FC4CC20248DC0&page=45&pagesize=10#qF08F7C,https://oge.fipi.ru/bank/questions.php?proj=DE0E276E497AB3784C3FC4CC20248DC0&page=45#qF08F7C,verified_local_archive
12,247573,50,https://oge.fipi.ru/bank/questions.php?proj=DE0E276E497AB3784C3FC4CC20248DC0&page=50&pagesize=10#q247573,https://oge.fipi.ru/bank/questions.php?proj=DE0E276E497AB3784C3FC4CC20248DC0&page=50#q247573,verified_local_archive
12,DE5571,50,https://oge.fipi.ru/bank/questions.php?proj=DE0E276E497AB3784C3FC4CC20248DC0&page=50&pagesize=10#qDE5571,https://oge.fipi.ru/bank/questions.php?proj=DE0E276E497AB3784C3FC4CC20248DC0&page=50#qDE5571,verified_local_archive
12,A80875,52,https://oge.fipi.ru/bank/questions.php?proj=DE0E276E497AB3784C3FC4CC20248DC0&page=52&pagesize=10#qA80875,https://oge.fipi.ru/bank/questions.php?proj=DE0E276E497AB3784C3FC4CC20248DC0&page=52#qA80875,verified_local_archive
12,C4F07D,53,https://oge.fipi.ru/bank/questions.php?proj=DE0E276E497AB3784C3FC4CC20248DC0&page=53&pagesize=10#qC4F07D,https://oge.fipi.ru/bank/questions.php?proj=DE0E276E497AB3784C3FC4CC20248DC0&page=53#qC4F07D,verified_local_archive
12,918B7F,54,https://oge.fipi.ru/bank/questions.php?proj=DE0E276E497AB3784C3FC4CC20248DC0&page=54&pagesize=10#q918B7F,https://oge.fipi.ru/bank/questions.php?proj=DE0E276E497AB3784C3FC4CC20248DC0&page=54#q918B7F,verified_local_archive
12,BF92B1,63,https://oge.fipi.ru/bank/questions.php?proj=DE0E276E497AB3784C3FC4CC20248DC0&page=63&pagesize=10#qBF92B1,https://oge.fipi.ru/bank/questions.php?proj=DE0E276E497AB3784C3FC4CC20248DC0&page=63#qBF92B1,verified_local_archive
12,2045B7,65,https://oge.fipi.ru/bank/questions.php?proj=DE0E276E497AB3784C3FC4CC20248DC0&page=65&pagesize=10#q2045B7,https://oge.fipi.ru/bank/questions.php?proj=DE0E276E497AB3784C3FC4CC20248DC0&page=65#q2045B7,verified_local_archive
12,2013B5,66,https://oge.fipi.ru/bank/questions.php?proj=DE0E276E497AB3784C3FC4CC20248DC0&page=66&pagesize=10#q2013B5,https://oge.fipi.ru/bank/questions.php?proj=DE0E276E497AB3784C3FC4CC20248DC0&page=66#q2013B5,verified_local_archive
12,5BD3BB,67,https://oge.fipi.ru/bank/questions.php?proj=DE0E276E497AB3784C3FC4CC20248DC0&page=67&pagesize=10#q5BD3BB,https://oge.fipi.ru/bank/questions.php?proj=DE0E276E497AB3784C3FC4CC20248DC0&page=67#q5BD3BB,verified_local_archive
12,C5C5BB,69,https://oge.fipi.ru/bank/questions.php?proj=DE0E276E497AB3784C3FC4CC20248DC0&page=69&pagesize=10#qC5C5BB,https://oge.fipi.ru/bank/questions.php?proj=DE0E276E497AB3784C3FC4CC20248DC0&page=69#qC5C5BB,verified_local_archive
12,6D06B0,71,https://oge.fipi.ru/bank/questions.php?proj=DE0E276E497AB3784C3FC4CC20248DC0&page=71&pagesize=10#q6D06B0,https://oge.fipi.ru/bank/questions.php?proj=DE0E276E497AB3784C3FC4CC20248DC0&page=71#q6D06B0,verified_local_archive
12,6DAEB5,71,https://oge.fipi.ru/bank/questions.php?proj=DE0E276E497AB3784C3FC4CC20248DC0&page=71&pagesize=10#q6DAEB5,https://oge.fipi.ru/bank/questions.php?proj=DE0E276E497AB3784C3FC4CC20248DC0&page=71#q6DAEB5,verified_local_archive
12,FD2A15,74,https://oge.fipi.ru/bank/questions.php?proj=DE0E276E497AB3784C3FC4CC20248DC0&page=74&pagesize=10#qFD2A15,https://oge.fipi.ru/bank/questions.php?proj=DE0E276E497AB3784C3FC4CC20248DC0&page=74#qFD2A15,verified_local_archive
12,FD331C,74,https://oge.fipi.ru/bank/questions.php?proj=DE0E276E497AB3784C3FC4CC20248DC0&page=74&pagesize=10#qFD331C,https://oge.fipi.ru/bank/questions.php?proj=DE0E276E497AB3784C3FC4CC20248DC0&page=74#qFD331C,verified_local_archive
12,011E16,75,https://oge.fipi.ru/bank/questions.php?proj=DE0E276E497AB3784C3FC4CC20248DC0&page=75&pagesize=10#q011E16,https://oge.fipi.ru/bank/questions.php?proj=DE0E276E497AB3784C3FC4CC20248DC0&page=75#q011E16,verified_local_archive
12,061A18,75,https://oge.fipi.ru/bank/questions.php?proj=DE0E276E497AB3784C3FC4CC20248DC0&page=75&pagesize=10#q061A18,https://oge.fipi.ru/bank/questions.php?proj=DE0E276E497AB3784C3FC4CC20248DC0&page=75#q061A18,verified_local_archive
12,25AE18,80,https://oge.fipi.ru/bank/questions.php?proj=DE0E276E497AB3784C3FC4CC20248DC0&page=80&pagesize=10#q25AE18,https://oge.fipi.ru/bank/questions.php?proj=DE0E276E497AB3784C3FC4CC20248DC0&page=80#q25AE18,verified_local_archive
12,3B3E1E,88,https://oge.fipi.ru/bank/questions.php?proj=DE0E276E497AB3784C3FC4CC20248DC0&page=88&pagesize=10#q3B3E1E,https://oge.fipi.ru/bank/questions.php?proj=DE0E276E497AB3784C3FC4CC20248DC0&page=88#q3B3E1E,verified_local_archive
12,7C8727,93,https://oge.fipi.ru/bank/questions.php?proj=DE0E276E497AB3784C3FC4CC20248DC0&page=93&pagesize=10#q7C8727,https://oge.fipi.ru/bank/questions.php?proj=DE0E276E497AB3784C3FC4CC20248DC0&page=93#q7C8727,verified_local_archive
12,6D0827,103,https://oge.fipi.ru/bank/questions.php?proj=DE0E276E497AB3784C3FC4CC20248DC0&page=103&pagesize=10#q6D0827,https://oge.fipi.ru/bank/questions.php?proj=DE0E276E497AB3784C3FC4CC20248DC0&page=103#q6D0827,verified_local_archive
12,FFD2DB,106,https://oge.fipi.ru/bank/questions.php?proj=DE0E276E497AB3784C3FC4CC20248DC0&page=106&pagesize=10#qFFD2DB,https://oge.fipi.ru/bank/questions.php?proj=DE0E276E497AB3784C3FC4CC20248DC0&page=106#qFFD2DB,verified_local_archive
12,D69DD7,111,https://oge.fipi.ru/bank/questions.php?proj=DE0E276E497AB3784C3FC4CC20248DC0&page=111&pagesize=10#qD69DD7,https://oge.fipi.ru/bank/questions.php?proj=DE0E276E497AB3784C3FC4CC20248DC0&page=111#qD69DD7,verified_local_archive
12,6CC2D0,116,https://oge.fipi.ru/bank/questions.php?proj=DE0E276E497AB3784C3FC4CC20248DC0&page=116&pagesize=10#q6CC2D0,https://oge.fipi.ru/bank/questions.php?proj=DE0E276E497AB3784C3FC4CC20248DC0&page=116#q6CC2D0,verified_local_archive
12,320BD9,117,https://oge.fipi.ru/bank/questions.php?proj=DE0E276E497AB3784C3FC4CC20248DC0&page=117&pagesize=10#q320BD9,https://oge.fipi.ru/bank/questions.php?proj=DE0E276E497AB3784C3FC4CC20248DC0&page=117#q320BD9,verified_local_archive
12,30E6D6,117,https://oge.fipi.ru/bank/questions.php?proj=DE0E276E497AB3784C3FC4CC20248DC0&page=117&pagesize=10#q30E6D6,https://oge.fipi.ru/bank/questions.php?proj=DE0E276E497AB3784C3FC4CC20248DC0&page=117#q30E6D6,verified_local_archive
12,43475D,119,https://oge.fipi.ru/bank/questions.php?proj=DE0E276E497AB3784C3FC4CC20248DC0&page=119&pagesize=10#q43475D,https://oge.fipi.ru/bank/questions.php?proj=DE0E276E497AB3784C3FC4CC20248DC0&page=119#q43475D,verified_local_archive
12,0DAE5F,120,https://oge.fipi.ru/bank/questions.php?proj=DE0E276E497AB3784C3FC4CC20248DC0&page=120&pagesize=10#q0DAE5F,https://oge.fipi.ru/bank/questions.php?proj=DE0E276E497AB3784C3FC4CC20248DC0&page=120#q0DAE5F,verified_local_archive
12,A2285A,127,https://oge.fipi.ru/bank/questions.php?proj=DE0E276E497AB3784C3FC4CC20248DC0&page=127&pagesize=10#qA2285A,https://oge.fipi.ru/bank/questions.php?proj=DE0E276E497AB3784C3FC4CC20248DC0&page=127#qA2285A,verified_local_archive
12,CDBC58,128,https://oge.fipi.ru/bank/questions.php?proj=DE0E276E497AB3784C3FC4CC20248DC0&page=128&pagesize=10#qCDBC58,https://oge.fipi.ru/bank/questions.php?proj=DE0E276E497AB3784C3FC4CC20248DC0&page=128#qCDBC58,verified_local_archive
12,6D275F,129,https://oge.fipi.ru/bank/questions.php?proj=DE0E276E497AB3784C3FC4CC20248DC0&page=129&pagesize=10#q6D275F,https://oge.fipi.ru/bank/questions.php?proj=DE0E276E497AB3784C3FC4CC20248DC0&page=129#q6D275F,verified_local_archive
12,696950,130,https://oge.fipi.ru/bank/questions.php?proj=DE0E276E497AB3784C3FC4CC20248DC0&page=130&pagesize=10#q696950,https://oge.fipi.ru/bank/questions.php?proj=DE0E276E497AB3784C3FC4CC20248DC0&page=130#q696950,verified_local_archive
12,B011A1,136,https://oge.fipi.ru/bank/questions.php?proj=DE0E276E497AB3784C3FC4CC20248DC0&page=136&pagesize=10#qB011A1,https://oge.fipi.ru/bank/questions.php?proj=DE0E276E497AB3784C3FC4CC20248DC0&page=136#qB011A1,verified_local_archive
12,E7FEA4,142,https://oge.fipi.ru/bank/questions.php?proj=DE0E276E497AB3784C3FC4CC20248DC0&page=142&pagesize=10#qE7FEA4,https://oge.fipi.ru/bank/questions.php?proj=DE0E276E497AB3784C3FC4CC20248DC0&page=142#qE7FEA4,verified_local_archive
12,351EAF,143,https://oge.fipi.ru/bank/questions.php?proj=DE0E276E497AB3784C3FC4CC20248DC0&page=143&pagesize=10#q351EAF,https://oge.fipi.ru/bank/questions.php?proj=DE0E276E497AB3784C3FC4CC20248DC0&page=143#q351EAF,verified_local_archive
12,338AAF,144,https://oge.fipi.ru/bank/questions.php?proj=DE0E276E497AB3784C3FC4CC20248DC0&page=144&pagesize=10#q338AAF,https://oge.fipi.ru/bank/questions.php?proj=DE0E276E497AB3784C3FC4CC20248DC0&page=144#q338AAF,verified_local_archive
12,4286C2,145,https://oge.fipi.ru/bank/questions.php?proj=DE0E276E497AB3784C3FC4CC20248DC0&page=145&pagesize=10#q4286C2,https://oge.fipi.ru/bank/questions.php?proj=DE0E276E497AB3784C3FC4CC20248DC0&page=145#q4286C2,verified_local_archive
12,2FE0C9,152,https://oge.fipi.ru/bank/questions.php?proj=DE0E276E497AB3784C3FC4CC20248DC0&page=152&pagesize=10#q2FE0C9,https://oge.fipi.ru/bank/questions.php?proj=DE0E276E497AB3784C3FC4CC20248DC0&page=152#q2FE0C9,verified_local_archive
12,9753C7,155,https://oge.fipi.ru/bank/questions.php?proj=DE0E276E497AB3784C3FC4CC20248DC0&page=155&pagesize=10#q9753C7,https://oge.fipi.ru/bank/questions.php?proj=DE0E276E497AB3784C3FC4CC20248DC0&page=155#q9753C7,verified_local_archive
12,E8D2CA,156,https://oge.fipi.ru/bank/questions.php?proj=DE0E276E497AB3784C3FC4CC20248DC0&page=156&pagesize=10#qE8D2CA,https://oge.fipi.ru/bank/questions.php?proj=DE0E276E497AB3784C3FC4CC20248DC0&page=156#qE8D2CA,verified_local_archive
12,6BF5C7,157,https://oge.fipi.ru/bank/questions.php?proj=DE0E276E497AB3784C3FC4CC20248DC0&page=157&pagesize=10#q6BF5C7,https://oge.fipi.ru/bank/questions.php?proj=DE0E276E497AB3784C3FC4CC20248DC0&page=157#q6BF5C7,verified_local_archive
12,896DC4,158,https://oge.fipi.ru/bank/questions.php?proj=DE0E276E497AB3784C3FC4CC20248DC0&page=158&pagesize=10#q896DC4,https://oge.fipi.ru/bank/questions.php?proj=DE0E276E497AB3784C3FC4CC20248DC0&page=158#q896DC4,verified_local_archive
12,43A391,159,https://oge.fipi.ru/bank/questions.php?proj=DE0E276E497AB3784C3FC4CC20248DC0&page=159&pagesize=10#q43A391,https://oge.fipi.ru/bank/questions.php?proj=DE0E276E497AB3784C3FC4CC20248DC0&page=159#q43A391,verified_local_archive
12,5EA593,167,https://oge.fipi.ru/bank/questions.php?proj=DE0E276E497AB3784C3FC4CC20248DC0&page=167&pagesize=10#q5EA593,https://oge.fipi.ru/bank/questions.php?proj=DE0E276E497AB3784C3FC4CC20248DC0&page=167#q5EA593,verified_local_archive
12,EA1790,170,https://oge.fipi.ru/bank/questions.php?proj=DE0E276E497AB3784C3FC4CC20248DC0&page=170&pagesize=10#qEA1790,https://oge.fipi.ru/bank/questions.php?proj=DE0E276E497AB3784C3FC4CC20248DC0&page=170#qEA1790,verified_local_archive
12,493DE3,175,https://oge.fipi.ru/bank/questions.php?proj=DE0E276E497AB3784C3FC4CC20248DC0&page=175&pagesize=10#q493DE3,https://oge.fipi.ru/bank/questions.php?proj=DE0E276E497AB3784C3FC4CC20248DC0&page=175#q493DE3,verified_local_archive
12,518EE9,181,https://oge.fipi.ru/bank/questions.php?proj=DE0E276E497AB3784C3FC4CC20248DC0&page=181&pagesize=10#q518EE9,https://oge.fipi.ru/bank/questions.php?proj=DE0E276E497AB3784C3FC4CC20248DC0&page=181#q518EE9,verified_local_archive
12,393BE8,187,https://oge.fipi.ru/bank/questions.php?proj=DE0E276E497AB3784C3FC4CC20248DC0&page=187&pagesize=10#q393BE8,https://oge.fipi.ru/bank/questions.php?proj=DE0E276E497AB3784C3FC4CC20248DC0&page=187#q393BE8,verified_local_archive
12,087E6E,190,https://oge.fipi.ru/bank/questions.php?proj=DE0E276E497AB3784C3FC4CC20248DC0&page=190&pagesize=10#q087E6E,https://oge.fipi.ru/bank/questions.php?proj=DE0E276E497AB3784C3FC4CC20248DC0&page=190#q087E6E,verified_local_archive
12,D45061,194,https://oge.fipi.ru/bank/questions.php?proj=DE0E276E497AB3784C3FC4CC20248DC0&page=194&pagesize=10#qD45061,https://oge.fipi.ru/bank/questions.php?proj=DE0E276E497AB3784C3FC4CC20248DC0&page=194#qD45061,verified_local_archive
12,C46561,197,https://oge.fipi.ru/bank/questions.php?proj=DE0E276E497AB3784C3FC4CC20248DC0&page=197&pagesize=10#qC46561,https://oge.fipi.ru/bank/questions.php?proj=DE0E276E497AB3784C3FC4CC20248DC0&page=197#qC46561,verified_local_archive
12,940661,198,https://oge.fipi.ru/bank/questions.php?proj=DE0E276E497AB3784C3FC4CC20248DC0&page=198&pagesize=10#q940661,https://oge.fipi.ru/bank/questions.php?proj=DE0E276E497AB3784C3FC4CC20248DC0&page=198#q940661,verified_local_archive
12,375E63,202,https://oge.fipi.ru/bank/questions.php?proj=DE0E276E497AB3784C3FC4CC20248DC0&page=202&pagesize=10#q375E63,https://oge.fipi.ru/bank/questions.php?proj=DE0E276E497AB3784C3FC4CC20248DC0&page=202#q375E63,verified_local_archive
12,F54232,204,https://oge.fipi.ru/bank/questions.php?proj=DE0E276E497AB3784C3FC4CC20248DC0&page=204&pagesize=10#qF54232,https://oge.fipi.ru/bank/questions.php?proj=DE0E276E497AB3784C3FC4CC20248DC0&page=204#qF54232,verified_local_archive
12,099D3E,205,https://oge.fipi.ru/bank/questions.php?proj=DE0E276E497AB3784C3FC4CC20248DC0&page=205&pagesize=10#q099D3E,https://oge.fipi.ru/bank/questions.php?proj=DE0E276E497AB3784C3FC4CC20248DC0&page=205#q099D3E,verified_local_archive
12,791C3A,206,https://oge.fipi.ru/bank/questions.php?proj=DE0E276E497AB3784C3FC4CC20248DC0&page=206&pagesize=10#q791C3A,https://oge.fipi.ru/bank/questions.php?proj=DE0E276E497AB3784C3FC4CC20248DC0&page=206#q791C3A,verified_local_archive
12,652B37,214,https://oge.fipi.ru/bank/questions.php?proj=DE0E276E497AB3784C3FC4CC20248DC0&page=214&pagesize=10#q652B37,https://oge.fipi.ru/bank/questions.php?proj=DE0E276E497AB3784C3FC4CC20248DC0&page=214#q652B37,verified_local_archive
12,FCB38D,218,https://oge.fipi.ru/bank/questions.php?proj=DE0E276E497AB3784C3FC4CC20248DC0&page=218&pagesize=10#qFCB38D,https://oge.fipi.ru/bank/questions.php?proj=DE0E276E497AB3784C3FC4CC20248DC0&page=218#qFCB38D,verified_local_archive
12,27C480,221,https://oge.fipi.ru/bank/questions.php?proj=DE0E276E497AB3784C3FC4CC20248DC0&page=221&pagesize=10#q27C480,https://oge.fipi.ru/bank/questions.php?proj=DE0E276E497AB3784C3FC4CC20248DC0&page=221#q27C480,verified_local_archive
12,D8F884,222,https://oge.fipi.ru/bank/questions.php?proj=DE0E276E497AB3784C3FC4CC20248DC0&page=222&pagesize=10#qD8F884,https://oge.fipi.ru/bank/questions.php?proj=DE0E276E497AB3784C3FC4CC20248DC0&page=222#qD8F884,verified_local_archive
12,A8F48F,224,https://oge.fipi.ru/bank/questions.php?proj=DE0E276E497AB3784C3FC4CC20248DC0&page=224&pagesize=10#qA8F48F,https://oge.fipi.ru/bank/questions.php?proj=DE0E276E497AB3784C3FC4CC20248DC0&page=224#qA8F48F,verified_local_archive
12,44D347,231,https://oge.fipi.ru/bank/questions.php?proj=DE0E276E497AB3784C3FC4CC20248DC0&page=231&pagesize=10#q44D347,https://oge.fipi.ru/bank/questions.php?proj=DE0E276E497AB3784C3FC4CC20248DC0&page=231#q44D347,verified_local_archive
12,BD3745,232,https://oge.fipi.ru/bank/questions.php?proj=DE0E276E497AB3784C3FC4CC20248DC0&page=232&pagesize=10#qBD3745,https://oge.fipi.ru/bank/questions.php?proj=DE0E276E497AB3784C3FC4CC20248DC0&page=232#qBD3745,verified_local_archive
12,533D41,234,https://oge.fipi.ru/bank/questions.php?proj=DE0E276E497AB3784C3FC4CC20248DC0&page=234&pagesize=10#q533D41,https://oge.fipi.ru/bank/questions.php?proj=DE0E276E497AB3784C3FC4CC20248DC0&page=234#q533D41,verified_local_archive
12,44E1FE,237,https://oge.fipi.ru/bank/questions.php?proj=DE0E276E497AB3784C3FC4CC20248DC0&page=237&pagesize=10#q44E1FE,https://oge.fipi.ru/bank/questions.php?proj=DE0E276E497AB3784C3FC4CC20248DC0&page=237#q44E1FE,verified_local_archive
12,46C803,243,https://oge.fipi.ru/bank/questions.php?proj=DE0E276E497AB3784C3FC4CC20248DC0&page=243&pagesize=10#q46C803,https://oge.fipi.ru/bank/questions.php?proj=DE0E276E497AB3784C3FC4CC20248DC0&page=243#q46C803,verified_local_archive
12,B57800,243,https://oge.fipi.ru/bank/questions.php?proj=DE0E276E497AB3784C3FC4CC20248DC0&page=243&pagesize=10#qB57800,https://oge.fipi.ru/bank/questions.php?proj=DE0E276E497AB3784C3FC4CC20248DC0&page=243#qB57800,verified_local_archive
12,6FE209,247,https://oge.fipi.ru/bank/questions.php?proj=DE0E276E497AB3784C3FC4CC20248DC0&page=247&pagesize=10#q6FE209,https://oge.fipi.ru/bank/questions.php?proj=DE0E276E497AB3784C3FC4CC20248DC0&page=247#q6FE209,verified_local_archive
12,4EE076,248,https://oge.fipi.ru/bank/questions.php?proj=DE0E276E497AB3784C3FC4CC20248DC0&page=248&pagesize=10#q4EE076,https://oge.fipi.ru/bank/questions.php?proj=DE0E276E497AB3784C3FC4CC20248DC0&page=248#q4EE076,verified_local_archive
12,25B378,250,https://oge.fipi.ru/bank/questions.php?proj=DE0E276E497AB3784C3FC4CC20248DC0&page=250&pagesize=10#q25B378,https://oge.fipi.ru/bank/questions.php?proj=DE0E276E497AB3784C3FC4CC20248DC0&page=250#q25B378,verified_local_archive
12,D37E70,251,https://oge.fipi.ru/bank/questions.php?proj=DE0E276E497AB3784C3FC4CC20248DC0&page=251&pagesize=10#qD37E70,https://oge.fipi.ru/bank/questions.php?proj=DE0E276E497AB3784C3FC4CC20248DC0&page=251#qD37E70,verified_local_archive
12,DE8471,251,https://oge.fipi.ru/bank/questions.php?proj=DE0E276E497AB3784C3FC4CC20248DC0&page=251&pagesize=10#qDE8471,https://oge.fipi.ru/bank/questions.php?proj=DE0E276E497AB3784C3FC4CC20248DC0&page=251#qDE8471,verified_local_archive
12,B3D9B6,255,https://oge.fipi.ru/bank/questions.php?proj=DE0E276E497AB3784C3FC4CC20248DC0&page=255&pagesize=10#qB3D9B6,https://oge.fipi.ru/bank/questions.php?proj=DE0E276E497AB3784C3FC4CC20248DC0&page=255#qB3D9B6,verified_local_archive
12,16BABF,256,https://oge.fipi.ru/bank/questions.php?proj=DE0E276E497AB3784C3FC4CC20248DC0&page=256&pagesize=10#q16BABF,https://oge.fipi.ru/bank/questions.php?proj=DE0E276E497AB3784C3FC4CC20248DC0&page=256#q16BABF,verified_local_archive
12,D1CCBC,256,https://oge.fipi.ru/bank/questions.php?proj=DE0E276E497AB3784C3FC4CC20248DC0&page=256&pagesize=10#qD1CCBC,https://oge.fipi.ru/bank/questions.php?proj=DE0E276E497AB3784C3FC4CC20248DC0&page=256#qD1CCBC,verified_local_archive
12,AAECB6,257,https://oge.fipi.ru/bank/questions.php?proj=DE0E276E497AB3784C3FC4CC20248DC0&page=257&pagesize=10#qAAECB6,https://oge.fipi.ru/bank/questions.php?proj=DE0E276E497AB3784C3FC4CC20248DC0&page=257#qAAECB6,verified_local_archive
12,8BE5BA,259,https://oge.fipi.ru/bank/questions.php?proj=DE0E276E497AB3784C3FC4CC20248DC0&page=259&pagesize=10#q8BE5BA,https://oge.fipi.ru/bank/questions.php?proj=DE0E276E497AB3784C3FC4CC20248DC0&page=259#q8BE5BA,verified_local_archive
12,F5AE15,260,https://oge.fipi.ru/bank/questions.php?proj=DE0E276E497AB3784C3FC4CC20248DC0&page=260&pagesize=10#qF5AE15,https://oge.fipi.ru/bank/questions.php?proj=DE0E276E497AB3784C3FC4CC20248DC0&page=260#qF5AE15,verified_local_archive
12,0CE515,260,https://oge.fipi.ru/bank/questions.php?proj=DE0E276E497AB3784C3FC4CC20248DC0&page=260&pagesize=10#q0CE515,https://oge.fipi.ru/bank/questions.php?proj=DE0E276E497AB3784C3FC4CC20248DC0&page=260#q0CE515,verified_local_archive
12,0F0A19,260,https://oge.fipi.ru/bank/questions.php?proj=DE0E276E497AB3784C3FC4CC20248DC0&page=260&pagesize=10#q0F0A19,https://oge.fipi.ru/bank/questions.php?proj=DE0E276E497AB3784C3FC4CC20248DC0&page=260#q0F0A19,verified_local_archive
12,19C912,262,https://oge.fipi.ru/bank/questions.php?proj=DE0E276E497AB3784C3FC4CC20248DC0&page=262&pagesize=10#q19C912,https://oge.fipi.ru/bank/questions.php?proj=DE0E276E497AB3784C3FC4CC20248DC0&page=262#q19C912,verified_local_archive
12,254A16,263,https://oge.fipi.ru/bank/questions.php?proj=DE0E276E497AB3784C3FC4CC20248DC0&page=263&pagesize=10#q254A16,https://oge.fipi.ru/bank/questions.php?proj=DE0E276E497AB3784C3FC4CC20248DC0&page=263#q254A16,verified_local_archive
12,B16429,267,https://oge.fipi.ru/bank/questions.php?proj=DE0E276E497AB3784C3FC4CC20248DC0&page=267&pagesize=10#qB16429,https://oge.fipi.ru/bank/questions.php?proj=DE0E276E497AB3784C3FC4CC20248DC0&page=267#qB16429,verified_local_archive
12,9F1821,270,https://oge.fipi.ru/bank/questions.php?proj=DE0E276E497AB3784C3FC4CC20248DC0&page=270&pagesize=10#q9F1821,https://oge.fipi.ru/bank/questions.php?proj=DE0E276E497AB3784C3FC4CC20248DC0&page=270#q9F1821,verified_local_archive
12,377C2C,271,https://oge.fipi.ru/bank/questions.php?proj=DE0E276E497AB3784C3FC4CC20248DC0&page=271&pagesize=10#q377C2C,https://oge.fipi.ru/bank/questions.php?proj=DE0E276E497AB3784C3FC4CC20248DC0&page=271#q377C2C,verified_local_archive
12,5397DB,275,https://oge.fipi.ru/bank/questions.php?proj=DE0E276E497AB3784C3FC4CC20248DC0&page=275&pagesize=10#q5397DB,https://oge.fipi.ru/bank/questions.php?proj=DE0E276E497AB3784C3FC4CC20248DC0&page=275#q5397DB,verified_local_archive
12,40C850,277,https://oge.fipi.ru/bank/questions.php?proj=DE0E276E497AB3784C3FC4CC20248DC0&page=277&pagesize=10#q40C850,https://oge.fipi.ru/bank/questions.php?proj=DE0E276E497AB3784C3FC4CC20248DC0&page=277#q40C850,verified_local_archive
12,B23A54,278,https://oge.fipi.ru/bank/questions.php?proj=DE0E276E497AB3784C3FC4CC20248DC0&page=278&pagesize=10#qB23A54,https://oge.fipi.ru/bank/questions.php?proj=DE0E276E497AB3784C3FC4CC20248DC0&page=278#qB23A54,verified_local_archive
12,0BCDA6,284,https://oge.fipi.ru/bank/questions.php?proj=DE0E276E497AB3784C3FC4CC20248DC0&page=284&pagesize=10#q0BCDA6,https://oge.fipi.ru/bank/questions.php?proj=DE0E276E497AB3784C3FC4CC20248DC0&page=284#q0BCDA6,verified_local_archive
12,35ECA9,287,https://oge.fipi.ru/bank/questions.php?proj=DE0E276E497AB3784C3FC4CC20248DC0&page=287&pagesize=10#q35ECA9,https://oge.fipi.ru/bank/questions.php?proj=DE0E276E497AB3784C3FC4CC20248DC0&page=287#q35ECA9,verified_local_archive
12,845EC2,294,https://oge.fipi.ru/bank/questions.php?proj=DE0E276E497AB3784C3FC4CC20248DC0&page=294&pagesize=10#q845EC2,https://oge.fipi.ru/bank/questions.php?proj=DE0E276E497AB3784C3FC4CC20248DC0&page=294#q845EC2,verified_local_archive
12,470F9C,294,https://oge.fipi.ru/bank/questions.php?proj=DE0E276E497AB3784C3FC4CC20248DC0&page=294&pagesize=10#q470F9C,https://oge.fipi.ru/bank/questions.php?proj=DE0E276E497AB3784C3FC4CC20248DC0&page=294#q470F9C,verified_local_archive
12,18FE90,296,https://oge.fipi.ru/bank/questions.php?proj=DE0E276E497AB3784C3FC4CC20248DC0&page=296&pagesize=10#q18FE90,https://oge.fipi.ru/bank/questions.php?proj=DE0E276E497AB3784C3FC4CC20248DC0&page=296#q18FE90,verified_local_archive
12,C73499,299,https://oge.fipi.ru/bank/questions.php?proj=DE0E276E497AB3784C3FC4CC20248DC0&page=299&pagesize=10#qC73499,https://oge.fipi.ru/bank/questions.php?proj=DE0E276E497AB3784C3FC4CC20248DC0&page=299#qC73499,verified_local_archive
12,043FE5,302,https://oge.fipi.ru/bank/questions.php?proj=DE0E276E497AB3784C3FC4CC20248DC0&page=302&pagesize=10#q043FE5,https://oge.fipi.ru/bank/questions.php?proj=DE0E276E497AB3784C3FC4CC20248DC0&page=302#q043FE5,verified_local_archive
12,9C01E9,305,https://oge.fipi.ru/bank/questions.php?proj=DE0E276E497AB3784C3FC4CC20248DC0&page=305&pagesize=10#q9C01E9,https://oge.fipi.ru/bank/questions.php?proj=DE0E276E497AB3784C3FC4CC20248DC0&page=305#q9C01E9,verified_local_archive
12,3625ED,306,https://oge.fipi.ru/bank/questions.php?proj=DE0E276E497AB3784C3FC4CC20248DC0&page=306&pagesize=10#q3625ED,https://oge.fipi.ru/bank/questions.php?proj=DE0E276E497AB3784C3FC4CC20248DC0&page=306#q3625ED,verified_local_archive
12,78A568,308,https://oge.fipi.ru/bank/questions.php?proj=DE0E276E497AB3784C3FC4CC20248DC0&page=308&pagesize=10#q78A568,https://oge.fipi.ru/bank/questions.php?proj=DE0E276E497AB3784C3FC4CC20248DC0&page=308#q78A568,verified_local_archive
12,97E683,323,https://oge.fipi.ru/bank/questions.php?proj=DE0E276E497AB3784C3FC4CC20248DC0&page=323&pagesize=10#q97E683,https://oge.fipi.ru/bank/questions.php?proj=DE0E276E497AB3784C3FC4CC20248DC0&page=323#q97E683,verified_local_archive
13,2FAC43,6,https://oge.fipi.ru/bank/questions.php?proj=DE0E276E497AB3784C3FC4CC20248DC0&page=6&pagesize=10#q2FAC43,https://oge.fipi.ru/bank/questions.php?proj=DE0E276E497AB3784C3FC4CC20248DC0&page=6#q2FAC43,verified_local_archive
13,37EB4D,14,https://oge.fipi.ru/bank/questions.php?proj=DE0E276E497AB3784C3FC4CC20248DC0&page=14&pagesize=10#q37EB4D,https://oge.fipi.ru/bank/questions.php?proj=DE0E276E497AB3784C3FC4CC20248DC0&page=14#q37EB4D,verified_local_archive
13,4F79F5,16,https://oge.fipi.ru/bank/questions.php?proj=DE0E276E497AB3784C3FC4CC20248DC0&page=16&pagesize=10#q4F79F5,https://oge.fipi.ru/bank/questions.php?proj=DE0E276E497AB3784C3FC4CC20248DC0&page=16#q4F79F5,verified_local_archive
13,7F05FC,19,https://oge.fipi.ru/bank/questions.php?proj=DE0E276E497AB3784C3FC4CC20248DC0&page=19&pagesize=10#q7F05FC,https://oge.fipi.ru/bank/questions.php?proj=DE0E276E497AB3784C3FC4CC20248DC0&page=19#q7F05FC,verified_local_archive
13,B9AFF7,20,https://oge.fipi.ru/bank/questions.php?proj=DE0E276E497AB3784C3FC4CC20248DC0&page=20&pagesize=10#qB9AFF7,https://oge.fipi.ru/bank/questions.php?proj=DE0E276E497AB3784C3FC4CC20248DC0&page=20#qB9AFF7,verified_local_archive
13,8C1FFA,30,https://oge.fipi.ru/bank/questions.php?proj=DE0E276E497AB3784C3FC4CC20248DC0&page=30&pagesize=10#q8C1FFA,https://oge.fipi.ru/bank/questions.php?proj=DE0E276E497AB3784C3FC4CC20248DC0&page=30#q8C1FFA,verified_local_archive
13,E34C05,40,https://oge.fipi.ru/bank/questions.php?proj=DE0E276E497AB3784C3FC4CC20248DC0&page=40&pagesize=10#qE34C05,https://oge.fipi.ru/bank/questions.php?proj=DE0E276E497AB3784C3FC4CC20248DC0&page=40#qE34C05,verified_local_archive
13,3ADF0E,42,https://oge.fipi.ru/bank/questions.php?proj=DE0E276E497AB3784C3FC4CC20248DC0&page=42&pagesize=10#q3ADF0E,https://oge.fipi.ru/bank/questions.php?proj=DE0E276E497AB3784C3FC4CC20248DC0&page=42#q3ADF0E,verified_local_archive
13,076578,46,https://oge.fipi.ru/bank/questions.php?proj=DE0E276E497AB3784C3FC4CC20248DC0&page=46&pagesize=10#q076578,https://oge.fipi.ru/bank/questions.php?proj=DE0E276E497AB3784C3FC4CC20248DC0&page=46#q076578,verified_local_archive
13,1C9177,49,https://oge.fipi.ru/bank/questions.php?proj=DE0E276E497AB3784C3FC4CC20248DC0&page=49&pagesize=10#q1C9177,https://oge.fipi.ru/bank/questions.php?proj=DE0E276E497AB3784C3FC4CC20248DC0&page=49#q1C9177,verified_local_archive
13,512B74,51,https://oge.fipi.ru/bank/questions.php?proj=DE0E276E497AB3784C3FC4CC20248DC0&page=51&pagesize=10#q512B74,https://oge.fipi.ru/bank/questions.php?proj=DE0E276E497AB3784C3FC4CC20248DC0&page=51#q512B74,verified_local_archive
13,5FF975,52,https://oge.fipi.ru/bank/questions.php?proj=DE0E276E497AB3784C3FC4CC20248DC0&page=52&pagesize=10#q5FF975,https://oge.fipi.ru/bank/questions.php?proj=DE0E276E497AB3784C3FC4CC20248DC0&page=52#q5FF975,verified_local_archive
13,6F9C7B,56,https://oge.fipi.ru/bank/questions.php?proj=DE0E276E497AB3784C3FC4CC20248DC0&page=56&pagesize=10#q6F9C7B,https://oge.fipi.ru/bank/questions.php?proj=DE0E276E497AB3784C3FC4CC20248DC0&page=56#q6F9C7B,verified_local_archive
13,6C04BC,71,https://oge.fipi.ru/bank/questions.php?proj=DE0E276E497AB3784C3FC4CC20248DC0&page=71&pagesize=10#q6C04BC,https://oge.fipi.ru/bank/questions.php?proj=DE0E276E497AB3784C3FC4CC20248DC0&page=71#q6C04BC,verified_local_archive
13,BB6210,76,https://oge.fipi.ru/bank/questions.php?proj=DE0E276E497AB3784C3FC4CC20248DC0&page=76&pagesize=10#qBB6210,https://oge.fipi.ru/bank/questions.php?proj=DE0E276E497AB3784C3FC4CC20248DC0&page=76#qBB6210,verified_local_archive
13,150B1F,78,https://oge.fipi.ru/bank/questions.php?proj=DE0E276E497AB3784C3FC4CC20248DC0&page=78&pagesize=10#q150B1F,https://oge.fipi.ru/bank/questions.php?proj=DE0E276E497AB3784C3FC4CC20248DC0&page=78#q150B1F,verified_local_archive
13,21F913,80,https://oge.fipi.ru/bank/questions.php?proj=DE0E276E497AB3784C3FC4CC20248DC0&page=80&pagesize=10#q21F913,https://oge.fipi.ru/bank/questions.php?proj=DE0E276E497AB3784C3FC4CC20248DC0&page=80#q21F913,verified_local_archive
13,A4B517,82,https://oge.fipi.ru/bank/questions.php?proj=DE0E276E497AB3784C3FC4CC20248DC0&page=82&pagesize=10#qA4B517,https://oge.fipi.ru/bank/questions.php?proj=DE0E276E497AB3784C3FC4CC20248DC0&page=82#qA4B517,verified_local_archive
13,981215,84,https://oge.fipi.ru/bank/questions.php?proj=DE0E276E497AB3784C3FC4CC20248DC0&page=84&pagesize=10#q981215,https://oge.fipi.ru/bank/questions.php?proj=DE0E276E497AB3784C3FC4CC20248DC0&page=84#q981215,verified_local_archive
13,6D8017,86,https://oge.fipi.ru/bank/questions.php?proj=DE0E276E497AB3784C3FC4CC20248DC0&page=86&pagesize=10#q6D8017,https://oge.fipi.ru/bank/questions.php?proj=DE0E276E497AB3784C3FC4CC20248DC0&page=86#q6D8017,verified_local_archive
13,F9A32A,91,https://oge.fipi.ru/bank/questions.php?proj=DE0E276E497AB3784C3FC4CC20248DC0&page=91&pagesize=10#qF9A32A,https://oge.fipi.ru/bank/questions.php?proj=DE0E276E497AB3784C3FC4CC20248DC0&page=91#qF9A32A,verified_local_archive
13,2C832A,96,https://oge.fipi.ru/bank/questions.php?proj=DE0E276E497AB3784C3FC4CC20248DC0&page=96&pagesize=10#q2C832A,https://oge.fipi.ru/bank/questions.php?proj=DE0E276E497AB3784C3FC4CC20248DC0&page=96#q2C832A,verified_local_archive
13,6EB023,103,https://oge.fipi.ru/bank/questions.php?proj=DE0E276E497AB3784C3FC4CC20248DC0&page=103&pagesize=10#q6EB023,https://oge.fipi.ru/bank/questions.php?proj=DE0E276E497AB3784C3FC4CC20248DC0&page=103#q6EB023,verified_local_archive
13,3CD425,104,https://oge.fipi.ru/bank/questions.php?proj=DE0E276E497AB3784C3FC4CC20248DC0&page=104&pagesize=10#q3CD425,https://oge.fipi.ru/bank/questions.php?proj=DE0E276E497AB3784C3FC4CC20248DC0&page=104#q3CD425,verified_local_archive
13,8FF426,105,https://oge.fipi.ru/bank/questions.php?proj=DE0E276E497AB3784C3FC4CC20248DC0&page=105&pagesize=10#q8FF426,https://oge.fipi.ru/bank/questions.php?proj=DE0E276E497AB3784C3FC4CC20248DC0&page=105#q8FF426,verified_local_archive
13,07B4DD,107,https://oge.fipi.ru/bank/questions.php?proj=DE0E276E497AB3784C3FC4CC20248DC0&page=107&pagesize=10#q07B4DD,https://oge.fipi.ru/bank/questions.php?proj=DE0E276E497AB3784C3FC4CC20248DC0&page=107#q07B4DD,verified_local_archive
13,0831D6,108,https://oge.fipi.ru/bank/questions.php?proj=DE0E276E497AB3784C3FC4CC20248DC0&page=108&pagesize=10#q0831D6,https://oge.fipi.ru/bank/questions.php?proj=DE0E276E497AB3784C3FC4CC20248DC0&page=108#q0831D6,verified_local_archive
13,999FDF,115,https://oge.fipi.ru/bank/questions.php?proj=DE0E276E497AB3784C3FC4CC20248DC0&page=115&pagesize=10#q999FDF,https://oge.fipi.ru/bank/questions.php?proj=DE0E276E497AB3784C3FC4CC20248DC0&page=115#q999FDF,verified_local_archive
13,7EE15B,121,https://oge.fipi.ru/bank/questions.php?proj=DE0E276E497AB3784C3FC4CC20248DC0&page=121&pagesize=10#q7EE15B,https://oge.fipi.ru/bank/questions.php?proj=DE0E276E497AB3784C3FC4CC20248DC0&page=121#q7EE15B,verified_local_archive
13,1BA058,124,https://oge.fipi.ru/bank/questions.php?proj=DE0E276E497AB3784C3FC4CC20248DC0&page=124&pagesize=10#q1BA058,https://oge.fipi.ru/bank/questions.php?proj=DE0E276E497AB3784C3FC4CC20248DC0&page=124#q1BA058,verified_local_archive
13,DF7B5C,125,https://oge.fipi.ru/bank/questions.php?proj=DE0E276E497AB3784C3FC4CC20248DC0&page=125&pagesize=10#qDF7B5C,https://oge.fipi.ru/bank/questions.php?proj=DE0E276E497AB3784C3FC4CC20248DC0&page=125#qDF7B5C,verified_local_archive
13,CE4555,127,https://oge.fipi.ru/bank/questions.php?proj=DE0E276E497AB3784C3FC4CC20248DC0&page=127&pagesize=10#qCE4555,https://oge.fipi.ru/bank/questions.php?proj=DE0E276E497AB3784C3FC4CC20248DC0&page=127#qCE4555,verified_local_archive
13,961B5B,128,https://oge.fipi.ru/bank/questions.php?proj=DE0E276E497AB3784C3FC4CC20248DC0&page=128&pagesize=10#q961B5B,https://oge.fipi.ru/bank/questions.php?proj=DE0E276E497AB3784C3FC4CC20248DC0&page=128#q961B5B,verified_local_archive
13,92855C,128,https://oge.fipi.ru/bank/questions.php?proj=DE0E276E497AB3784C3FC4CC20248DC0&page=128&pagesize=10#q92855C,https://oge.fipi.ru/bank/questions.php?proj=DE0E276E497AB3784C3FC4CC20248DC0&page=128#q92855C,verified_local_archive
13,47DAC6,146,https://oge.fipi.ru/bank/questions.php?proj=DE0E276E497AB3784C3FC4CC20248DC0&page=146&pagesize=10#q47DAC6,https://oge.fipi.ru/bank/questions.php?proj=DE0E276E497AB3784C3FC4CC20248DC0&page=146#q47DAC6,verified_local_archive
13,A855C9,154,https://oge.fipi.ru/bank/questions.php?proj=DE0E276E497AB3784C3FC4CC20248DC0&page=154&pagesize=10#qA855C9,https://oge.fipi.ru/bank/questions.php?proj=DE0E276E497AB3784C3FC4CC20248DC0&page=154#qA855C9,verified_local_archive
13,ED24CE,156,https://oge.fipi.ru/bank/questions.php?proj=DE0E276E497AB3784C3FC4CC20248DC0&page=156&pagesize=10#qED24CE,https://oge.fipi.ru/bank/questions.php?proj=DE0E276E497AB3784C3FC4CC20248DC0&page=156#qED24CE,verified_local_archive
13,FA8C9C,160,https://oge.fipi.ru/bank/questions.php?proj=DE0E276E497AB3784C3FC4CC20248DC0&page=160&pagesize=10#qFA8C9C,https://oge.fipi.ru/bank/questions.php?proj=DE0E276E497AB3784C3FC4CC20248DC0&page=160#qFA8C9C,verified_local_archive
13,1A3492,164,https://oge.fipi.ru/bank/questions.php?proj=DE0E276E497AB3784C3FC4CC20248DC0&page=164&pagesize=10#q1A3492,https://oge.fipi.ru/bank/questions.php?proj=DE0E276E497AB3784C3FC4CC20248DC0&page=164#q1A3492,verified_local_archive
13,23A098,165,https://oge.fipi.ru/bank/questions.php?proj=DE0E276E497AB3784C3FC4CC20248DC0&page=165&pagesize=10#q23A098,https://oge.fipi.ru/bank/questions.php?proj=DE0E276E497AB3784C3FC4CC20248DC0&page=165#q23A098,verified_local_archive
13,DD889D,166,https://oge.fipi.ru/bank/questions.php?proj=DE0E276E497AB3784C3FC4CC20248DC0&page=166&pagesize=10#qDD889D,https://oge.fipi.ru/bank/questions.php?proj=DE0E276E497AB3784C3FC4CC20248DC0&page=166#qDD889D,verified_local_archive
13,C9079E,168,https://oge.fipi.ru/bank/questions.php?proj=DE0E276E497AB3784C3FC4CC20248DC0&page=168&pagesize=10#qC9079E,https://oge.fipi.ru/bank/questions.php?proj=DE0E276E497AB3784C3FC4CC20248DC0&page=168#qC9079E,verified_local_archive
13,33E190,172,https://oge.fipi.ru/bank/questions.php?proj=DE0E276E497AB3784C3FC4CC20248DC0&page=172&pagesize=10#q33E190,https://oge.fipi.ru/bank/questions.php?proj=DE0E276E497AB3784C3FC4CC20248DC0&page=172#q33E190,verified_local_archive
13,5C94E5,181,https://oge.fipi.ru/bank/questions.php?proj=DE0E276E497AB3784C3FC4CC20248DC0&page=181&pagesize=10#q5C94E5,https://oge.fipi.ru/bank/questions.php?proj=DE0E276E497AB3784C3FC4CC20248DC0&page=181#q5C94E5,verified_local_archive
13,56CFE9,181,https://oge.fipi.ru/bank/questions.php?proj=DE0E276E497AB3784C3FC4CC20248DC0&page=181&pagesize=10#q56CFE9,https://oge.fipi.ru/bank/questions.php?proj=DE0E276E497AB3784C3FC4CC20248DC0&page=181#q56CFE9,verified_local_archive
13,DA0268,194,https://oge.fipi.ru/bank/questions.php?proj=DE0E276E497AB3784C3FC4CC20248DC0&page=194&pagesize=10#qDA0268,https://oge.fipi.ru/bank/questions.php?proj=DE0E276E497AB3784C3FC4CC20248DC0&page=194#qDA0268,verified_local_archive
13,44BA3C,203,https://oge.fipi.ru/bank/questions.php?proj=DE0E276E497AB3784C3FC4CC20248DC0&page=203&pagesize=10#q44BA3C,https://oge.fipi.ru/bank/questions.php?proj=DE0E276E497AB3784C3FC4CC20248DC0&page=203#q44BA3C,verified_local_archive
13,50BC38,211,https://oge.fipi.ru/bank/questions.php?proj=DE0E276E497AB3784C3FC4CC20248DC0&page=211&pagesize=10#q50BC38,https://oge.fipi.ru/bank/questions.php?proj=DE0E276E497AB3784C3FC4CC20248DC0&page=211#q50BC38,verified_local_archive
13,3CF03D,215,https://oge.fipi.ru/bank/questions.php?proj=DE0E276E497AB3784C3FC4CC20248DC0&page=215&pagesize=10#q3CF03D,https://oge.fipi.ru/bank/questions.php?proj=DE0E276E497AB3784C3FC4CC20248DC0&page=215#q3CF03D,verified_local_archive
13,0A7B8E,219,https://oge.fipi.ru/bank/questions.php?proj=DE0E276E497AB3784C3FC4CC20248DC0&page=219&pagesize=10#q0A7B8E,https://oge.fipi.ru/bank/questions.php?proj=DE0E276E497AB3784C3FC4CC20248DC0&page=219#q0A7B8E,verified_local_archive
13,F4404E,1,https://oge.fipi.ru/bank/questions.php?proj=DE0E276E497AB3784C3FC4CC20248DC0&page=1&pagesize=10#qF4404E,https://oge.fipi.ru/bank/questions.php?proj=DE0E276E497AB3784C3FC4CC20248DC0&page=1#qF4404E,verified_local_archive
13,289E4B,5,https://oge.fipi.ru/bank/questions.php?proj=DE0E276E497AB3784C3FC4CC20248DC0&page=5&pagesize=10#q289E4B,https://oge.fipi.ru/bank/questions.php?proj=DE0E276E497AB3784C3FC4CC20248DC0&page=5#q289E4B,verified_local_archive
13,8FB94A,15,https://oge.fipi.ru/bank/questions.php?proj=DE0E276E497AB3784C3FC4CC20248DC0&page=15&pagesize=10#q8FB94A,https://oge.fipi.ru/bank/questions.php?proj=DE0E276E497AB3784C3FC4CC20248DC0&page=15#q8FB94A,verified_local_archive
13,72B7F0,19,https://oge.fipi.ru/bank/questions.php?proj=DE0E276E497AB3784C3FC4CC20248DC0&page=19&pagesize=10#q72B7F0,https://oge.fipi.ru/bank/questions.php?proj=DE0E276E497AB3784C3FC4CC20248DC0&page=19#q72B7F0,verified_local_archive
13,5265FD,23,https://oge.fipi.ru/bank/questions.php?proj=DE0E276E497AB3784C3FC4CC20248DC0&page=23&pagesize=10#q5265FD,https://oge.fipi.ru/bank/questions.php?proj=DE0E276E497AB3784C3FC4CC20248DC0&page=23#q5265FD,verified_local_archive
13,5B9FF3,24,https://oge.fipi.ru/bank/questions.php?proj=DE0E276E497AB3784C3FC4CC20248DC0&page=24&pagesize=10#q5B9FF3,https://oge.fipi.ru/bank/questions.php?proj=DE0E276E497AB3784C3FC4CC20248DC0&page=24#q5B9FF3,verified_local_archive
13,A4CBFE,25,https://oge.fipi.ru/bank/questions.php?proj=DE0E276E497AB3784C3FC4CC20248DC0&page=25&pagesize=10#qA4CBFE,https://oge.fipi.ru/bank/questions.php?proj=DE0E276E497AB3784C3FC4CC20248DC0&page=25#qA4CBFE,verified_local_archive
13,54EC0A,37,https://oge.fipi.ru/bank/questions.php?proj=DE0E276E497AB3784C3FC4CC20248DC0&page=37&pagesize=10#q54EC0A,https://oge.fipi.ru/bank/questions.php?proj=DE0E276E497AB3784C3FC4CC20248DC0&page=37#q54EC0A,verified_local_archive
13,59917D,52,https://oge.fipi.ru/bank/questions.php?proj=DE0E276E497AB3784C3FC4CC20248DC0&page=52&pagesize=10#q59917D,https://oge.fipi.ru/bank/questions.php?proj=DE0E276E497AB3784C3FC4CC20248DC0&page=52#q59917D,verified_local_archive
13,676971,56,https://oge.fipi.ru/bank/questions.php?proj=DE0E276E497AB3784C3FC4CC20248DC0&page=56&pagesize=10#q676971,https://oge.fipi.ru/bank/questions.php?proj=DE0E276E497AB3784C3FC4CC20248DC0&page=56#q676971,verified_local_archive
13,35567C,58,https://oge.fipi.ru/bank/questions.php?proj=DE0E276E497AB3784C3FC4CC20248DC0&page=58&pagesize=10#q35567C,https://oge.fipi.ru/bank/questions.php?proj=DE0E276E497AB3784C3FC4CC20248DC0&page=58#q35567C,verified_local_archive
13,4E1FB9,60,https://oge.fipi.ru/bank/questions.php?proj=DE0E276E497AB3784C3FC4CC20248DC0&page=60&pagesize=10#q4E1FB9,https://oge.fipi.ru/bank/questions.php?proj=DE0E276E497AB3784C3FC4CC20248DC0&page=60#q4E1FB9,verified_local_archive
13,7DE6BF,63,https://oge.fipi.ru/bank/questions.php?proj=DE0E276E497AB3784C3FC4CC20248DC0&page=63&pagesize=10#q7DE6BF,https://oge.fipi.ru/bank/questions.php?proj=DE0E276E497AB3784C3FC4CC20248DC0&page=63#q7DE6BF,verified_local_archive
13,E7C3B5,71,https://oge.fipi.ru/bank/questions.php?proj=DE0E276E497AB3784C3FC4CC20248DC0&page=71&pagesize=10#qE7C3B5,https://oge.fipi.ru/bank/questions.php?proj=DE0E276E497AB3784C3FC4CC20248DC0&page=71#qE7C3B5,verified_local_archive
13,4B9815,73,https://oge.fipi.ru/bank/questions.php?proj=DE0E276E497AB3784C3FC4CC20248DC0&page=73&pagesize=10#q4B9815,https://oge.fipi.ru/bank/questions.php?proj=DE0E276E497AB3784C3FC4CC20248DC0&page=73#q4B9815,verified_local_archive
13,420818,73,https://oge.fipi.ru/bank/questions.php?proj=DE0E276E497AB3784C3FC4CC20248DC0&page=73&pagesize=10#q420818,https://oge.fipi.ru/bank/questions.php?proj=DE0E276E497AB3784C3FC4CC20248DC0&page=73#q420818,verified_local_archive
13,7FAC18,76,https://oge.fipi.ru/bank/questions.php?proj=DE0E276E497AB3784C3FC4CC20248DC0&page=76&pagesize=10#q7FAC18,https://oge.fipi.ru/bank/questions.php?proj=DE0E276E497AB3784C3FC4CC20248DC0&page=76#q7FAC18,verified_local_archive
13,B4D411,76,https://oge.fipi.ru/bank/questions.php?proj=DE0E276E497AB3784C3FC4CC20248DC0&page=76&pagesize=10#qB4D411,https://oge.fipi.ru/bank/questions.php?proj=DE0E276E497AB3784C3FC4CC20248DC0&page=76#qB4D411,verified_local_archive
13,84371B,88,https://oge.fipi.ru/bank/questions.php?proj=DE0E276E497AB3784C3FC4CC20248DC0&page=88&pagesize=10#q84371B,https://oge.fipi.ru/bank/questions.php?proj=DE0E276E497AB3784C3FC4CC20248DC0&page=88#q84371B,verified_local_archive
13,DABF22,97,https://oge.fipi.ru/bank/questions.php?proj=DE0E276E497AB3784C3FC4CC20248DC0&page=97&pagesize=10#qDABF22,https://oge.fipi.ru/bank/questions.php?proj=DE0E276E497AB3784C3FC4CC20248DC0&page=97#qDABF22,verified_local_archive
13,E225DC,116,https://oge.fipi.ru/bank/questions.php?proj=DE0E276E497AB3784C3FC4CC20248DC0&page=116&pagesize=10#qE225DC,https://oge.fipi.ru/bank/questions.php?proj=DE0E276E497AB3784C3FC4CC20248DC0&page=116#qE225DC,verified_local_archive
13,FC6D5A,120,https://oge.fipi.ru/bank/questions.php?proj=DE0E276E497AB3784C3FC4CC20248DC0&page=120&pagesize=10#qFC6D5A,https://oge.fipi.ru/bank/questions.php?proj=DE0E276E497AB3784C3FC4CC20248DC0&page=120#qFC6D5A,verified_local_archive
13,195351,123,https://oge.fipi.ru/bank/questions.php?proj=DE0E276E497AB3784C3FC4CC20248DC0&page=123&pagesize=10#q195351,https://oge.fipi.ru/bank/questions.php?proj=DE0E276E497AB3784C3FC4CC20248DC0&page=123#q195351,verified_local_archive
13,98745C,128,https://oge.fipi.ru/bank/questions.php?proj=DE0E276E497AB3784C3FC4CC20248DC0&page=128&pagesize=10#q98745C,https://oge.fipi.ru/bank/questions.php?proj=DE0E276E497AB3784C3FC4CC20248DC0&page=128#q98745C,verified_local_archive
13,1F76A4,137,https://oge.fipi.ru/bank/questions.php?proj=DE0E276E497AB3784C3FC4CC20248DC0&page=137&pagesize=10#q1F76A4,https://oge.fipi.ru/bank/questions.php?proj=DE0E276E497AB3784C3FC4CC20248DC0&page=137#q1F76A4,verified_local_archive
13,78DAE9,176,https://oge.fipi.ru/bank/questions.php?proj=DE0E276E497AB3784C3FC4CC20248DC0&page=176&pagesize=10#q78DAE9,https://oge.fipi.ru/bank/questions.php?proj=DE0E276E497AB3784C3FC4CC20248DC0&page=176#q78DAE9,verified_local_archive
13,A482E3,182,https://oge.fipi.ru/bank/questions.php?proj=DE0E276E497AB3784C3FC4CC20248DC0&page=182&pagesize=10#qA482E3,https://oge.fipi.ru/bank/questions.php?proj=DE0E276E497AB3784C3FC4CC20248DC0&page=182#qA482E3,verified_local_archive
13,4D8D6A,188,https://oge.fipi.ru/bank/questions.php?proj=DE0E276E497AB3784C3FC4CC20248DC0&page=188&pagesize=10#q4D8D6A,https://oge.fipi.ru/bank/questions.php?proj=DE0E276E497AB3784C3FC4CC20248DC0&page=188#q4D8D6A,verified_local_archive
13,4EF368,188,https://oge.fipi.ru/bank/questions.php?proj=DE0E276E497AB3784C3FC4CC20248DC0&page=188&pagesize=10#q4EF368,https://oge.fipi.ru/bank/questions.php?proj=DE0E276E497AB3784C3FC4CC20248DC0&page=188#q4EF368,verified_local_archive
13,F0F16C,189,https://oge.fipi.ru/bank/questions.php?proj=DE0E276E497AB3784C3FC4CC20248DC0&page=189&pagesize=10#qF0F16C,https://oge.fipi.ru/bank/questions.php?proj=DE0E276E497AB3784C3FC4CC20248DC0&page=189#qF0F16C,verified_local_archive
13,7EB067,191,https://oge.fipi.ru/bank/questions.php?proj=DE0E276E497AB3784C3FC4CC20248DC0&page=191&pagesize=10#q7EB067,https://oge.fipi.ru/bank/questions.php?proj=DE0E276E497AB3784C3FC4CC20248DC0&page=191#q7EB067,verified_local_archive
13,B5976E,192,https://oge.fipi.ru/bank/questions.php?proj=DE0E276E497AB3784C3FC4CC20248DC0&page=192&pagesize=10#qB5976E,https://oge.fipi.ru/bank/questions.php?proj=DE0E276E497AB3784C3FC4CC20248DC0&page=192#qB5976E,verified_local_archive
13,51E76F,195,https://oge.fipi.ru/bank/questions.php?proj=DE0E276E497AB3784C3FC4CC20248DC0&page=195&pagesize=10#q51E76F,https://oge.fipi.ru/bank/questions.php?proj=DE0E276E497AB3784C3FC4CC20248DC0&page=195#q51E76F,verified_local_archive
13,9B2464,198,https://oge.fipi.ru/bank/questions.php?proj=DE0E276E497AB3784C3FC4CC20248DC0&page=198&pagesize=10#q9B2464,https://oge.fipi.ru/bank/questions.php?proj=DE0E276E497AB3784C3FC4CC20248DC0&page=198#q9B2464,verified_local_archive
13,3A9361,201,https://oge.fipi.ru/bank/questions.php?proj=DE0E276E497AB3784C3FC4CC20248DC0&page=201&pagesize=10#q3A9361,https://oge.fipi.ru/bank/questions.php?proj=DE0E276E497AB3784C3FC4CC20248DC0&page=201#q3A9361,verified_local_archive
13,EDF53A,214,https://oge.fipi.ru/bank/questions.php?proj=DE0E276E497AB3784C3FC4CC20248DC0&page=214&pagesize=10#qEDF53A,https://oge.fipi.ru/bank/questions.php?proj=DE0E276E497AB3784C3FC4CC20248DC0&page=214#qEDF53A,verified_local_archive
13,44B682,217,https://oge.fipi.ru/bank/questions.php?proj=DE0E276E497AB3784C3FC4CC20248DC0&page=217&pagesize=10#q44B682,https://oge.fipi.ru/bank/questions.php?proj=DE0E276E497AB3784C3FC4CC20248DC0&page=217#q44B682,verified_local_archive
13,A98B8E,224,https://oge.fipi.ru/bank/questions.php?proj=DE0E276E497AB3784C3FC4CC20248DC0&page=224&pagesize=10#qA98B8E,https://oge.fipi.ru/bank/questions.php?proj=DE0E276E497AB3784C3FC4CC20248DC0&page=224#qA98B8E,verified_local_archive
13,946282,226,https://oge.fipi.ru/bank/questions.php?proj=DE0E276E497AB3784C3FC4CC20248DC0&page=226&pagesize=10#q946282,https://oge.fipi.ru/bank/questions.php?proj=DE0E276E497AB3784C3FC4CC20248DC0&page=226#q946282,verified_local_archive
13,E66E87,227,https://oge.fipi.ru/bank/questions.php?proj=DE0E276E497AB3784C3FC4CC20248DC0&page=227&pagesize=10#qE66E87,https://oge.fipi.ru/bank/questions.php?proj=DE0E276E497AB3784C3FC4CC20248DC0&page=227#qE66E87,verified_local_archive
13,244745,5,https://oge.fipi.ru/bank/questions.php?proj=DE0E276E497AB3784C3FC4CC20248DC0&page=5&pagesize=10#q244745,https://oge.fipi.ru/bank/questions.php?proj=DE0E276E497AB3784C3FC4CC20248DC0&page=5#q244745,verified_local_archive
13,D2DF4D,6,https://oge.fipi.ru/bank/questions.php?proj=DE0E276E497AB3784C3FC4CC20248DC0&page=6&pagesize=10#qD2DF4D,https://oge.fipi.ru/bank/questions.php?proj=DE0E276E497AB3784C3FC4CC20248DC0&page=6#qD2DF4D,verified_local_archive
13,5A6749,7,https://oge.fipi.ru/bank/questions.php?proj=DE0E276E497AB3784C3FC4CC20248DC0&page=7&pagesize=10#q5A6749,https://oge.fipi.ru/bank/questions.php?proj=DE0E276E497AB3784C3FC4CC20248DC0&page=7#q5A6749,verified_local_archive
13,AA0F48,8,https://oge.fipi.ru/bank/questions.php?proj=DE0E276E497AB3784C3FC4CC20248DC0&page=8&pagesize=10#qAA0F48,https://oge.fipi.ru/bank/questions.php?proj=DE0E276E497AB3784C3FC4CC20248DC0&page=8#qAA0F48,verified_local_archive
13,C7D64D,9,https://oge.fipi.ru/bank/questions.php?proj=DE0E276E497AB3784C3FC4CC20248DC0&page=9&pagesize=10#qC7D64D,https://oge.fipi.ru/bank/questions.php?proj=DE0E276E497AB3784C3FC4CC20248DC0&page=9#qC7D64D,verified_local_archive
13,C29246,9,https://oge.fipi.ru/bank/questions.php?proj=DE0E276E497AB3784C3FC4CC20248DC0&page=9&pagesize=10#qC29246,https://oge.fipi.ru/bank/questions.php?proj=DE0E276E497AB3784C3FC4CC20248DC0&page=9#qC29246,verified_local_archive
13,F763FF,17,https://oge.fipi.ru/bank/questions.php?proj=DE0E276E497AB3784C3FC4CC20248DC0&page=17&pagesize=10#qF763FF,https://oge.fipi.ru/bank/questions.php?proj=DE0E276E497AB3784C3FC4CC20248DC0&page=17#qF763FF,verified_local_archive
13,787FF8,20,https://oge.fipi.ru/bank/questions.php?proj=DE0E276E497AB3784C3FC4CC20248DC0&page=20&pagesize=10#q787FF8,https://oge.fipi.ru/bank/questions.php?proj=DE0E276E497AB3784C3FC4CC20248DC0&page=20#q787FF8,verified_local_archive
13,B542FA,20,https://oge.fipi.ru/bank/questions.php?proj=DE0E276E497AB3784C3FC4CC20248DC0&page=20&pagesize=10#qB542FA,https://oge.fipi.ru/bank/questions.php?proj=DE0E276E497AB3784C3FC4CC20248DC0&page=20#qB542FA,verified_local_archive
13,F09B7D,45,https://oge.fipi.ru/bank/questions.php?proj=DE0E276E497AB3784C3FC4CC20248DC0&page=45&pagesize=10#qF09B7D,https://oge.fipi.ru/bank/questions.php?proj=DE0E276E497AB3784C3FC4CC20248DC0&page=45#qF09B7D,verified_local_archive
13,19EB75,49,https://oge.fipi.ru/bank/questions.php?proj=DE0E276E497AB3784C3FC4CC20248DC0&page=49&pagesize=10#q19EB75,https://oge.fipi.ru/bank/questions.php?proj=DE0E276E497AB3784C3FC4CC20248DC0&page=49#q19EB75,verified_local_archive
13,95AE70,54,https://oge.fipi.ru/bank/questions.php?proj=DE0E276E497AB3784C3FC4CC20248DC0&page=54&pagesize=10#q95AE70,https://oge.fipi.ru/bank/questions.php?proj=DE0E276E497AB3784C3FC4CC20248DC0&page=54#q95AE70,verified_local_archive
13,8B4A78,59,https://oge.fipi.ru/bank/questions.php?proj=DE0E276E497AB3784C3FC4CC20248DC0&page=59&pagesize=10#q8B4A78,https://oge.fipi.ru/bank/questions.php?proj=DE0E276E497AB3784C3FC4CC20248DC0&page=59#q8B4A78,verified_local_archive
13,FB7DB1,61,https://oge.fipi.ru/bank/questions.php?proj=DE0E276E497AB3784C3FC4CC20248DC0&page=61&pagesize=10#qFB7DB1,https://oge.fipi.ru/bank/questions.php?proj=DE0E276E497AB3784C3FC4CC20248DC0&page=61#qFB7DB1,verified_local_archive
13,EA6518,85,https://oge.fipi.ru/bank/questions.php?proj=DE0E276E497AB3784C3FC4CC20248DC0&page=85&pagesize=10#qEA6518,https://oge.fipi.ru/bank/questions.php?proj=DE0E276E497AB3784C3FC4CC20248DC0&page=85#qEA6518,verified_local_archive
13,C6602C,100,https://oge.fipi.ru/bank/questions.php?proj=DE0E276E497AB3784C3FC4CC20248DC0&page=100&pagesize=10#qC6602C,https://oge.fipi.ru/bank/questions.php?proj=DE0E276E497AB3784C3FC4CC20248DC0&page=100#qC6602C,verified_local_archive
13,31C520,104,https://oge.fipi.ru/bank/questions.php?proj=DE0E276E497AB3784C3FC4CC20248DC0&page=104&pagesize=10#q31C520,https://oge.fipi.ru/bank/questions.php?proj=DE0E276E497AB3784C3FC4CC20248DC0&page=104#q31C520,verified_local_archive
13,B5ECDC,109,https://oge.fipi.ru/bank/questions.php?proj=DE0E276E497AB3784C3FC4CC20248DC0&page=109&pagesize=10#qB5ECDC,https://oge.fipi.ru/bank/questions.php?proj=DE0E276E497AB3784C3FC4CC20248DC0&page=109#qB5ECDC,verified_local_archive
13,081E50,120,https://oge.fipi.ru/bank/questions.php?proj=DE0E276E497AB3784C3FC4CC20248DC0&page=120&pagesize=10#q081E50,https://oge.fipi.ru/bank/questions.php?proj=DE0E276E497AB3784C3FC4CC20248DC0&page=120#q081E50,verified_local_archive
13,5F475F,125,https://oge.fipi.ru/bank/questions.php?proj=DE0E276E497AB3784C3FC4CC20248DC0&page=125&pagesize=10#q5F475F,https://oge.fipi.ru/bank/questions.php?proj=DE0E276E497AB3784C3FC4CC20248DC0&page=125#q5F475F,verified_local_archive
13,64ED50,130,https://oge.fipi.ru/bank/questions.php?proj=DE0E276E497AB3784C3FC4CC20248DC0&page=130&pagesize=10#q64ED50,https://oge.fipi.ru/bank/questions.php?proj=DE0E276E497AB3784C3FC4CC20248DC0&page=130#q64ED50,verified_local_archive
13,FC79CF,146,https://oge.fipi.ru/bank/questions.php?proj=DE0E276E497AB3784C3FC4CC20248DC0&page=146&pagesize=10#qFC79CF,https://oge.fipi.ru/bank/questions.php?proj=DE0E276E497AB3784C3FC4CC20248DC0&page=146#qFC79CF,verified_local_archive
13,F9F7C8,148,https://oge.fipi.ru/bank/questions.php?proj=DE0E276E497AB3784C3FC4CC20248DC0&page=148&pagesize=10#qF9F7C8,https://oge.fipi.ru/bank/questions.php?proj=DE0E276E497AB3784C3FC4CC20248DC0&page=148#qF9F7C8,verified_local_archive
13,96B4C4,155,https://oge.fipi.ru/bank/questions.php?proj=DE0E276E497AB3784C3FC4CC20248DC0&page=155&pagesize=10#q96B4C4,https://oge.fipi.ru/bank/questions.php?proj=DE0E276E497AB3784C3FC4CC20248DC0&page=155#q96B4C4,verified_local_archive
13,E366CA,156,https://oge.fipi.ru/bank/questions.php?proj=DE0E276E497AB3784C3FC4CC20248DC0&page=156&pagesize=10#qE366CA,https://oge.fipi.ru/bank/questions.php?proj=DE0E276E497AB3784C3FC4CC20248DC0&page=156#qE366CA,verified_local_archive
13,B5D795,163,https://oge.fipi.ru/bank/questions.php?proj=DE0E276E497AB3784C3FC4CC20248DC0&page=163&pagesize=10#qB5D795,https://oge.fipi.ru/bank/questions.php?proj=DE0E276E497AB3784C3FC4CC20248DC0&page=163#qB5D795,verified_local_archive
13,8B2598,173,https://oge.fipi.ru/bank/questions.php?proj=DE0E276E497AB3784C3FC4CC20248DC0&page=173&pagesize=10#q8B2598,https://oge.fipi.ru/bank/questions.php?proj=DE0E276E497AB3784C3FC4CC20248DC0&page=173#q8B2598,verified_local_archive
13,2A8DE7,178,https://oge.fipi.ru/bank/questions.php?proj=DE0E276E497AB3784C3FC4CC20248DC0&page=178&pagesize=10#q2A8DE7,https://oge.fipi.ru/bank/questions.php?proj=DE0E276E497AB3784C3FC4CC20248DC0&page=178#q2A8DE7,verified_local_archive
13,50C4EF,181,https://oge.fipi.ru/bank/questions.php?proj=DE0E276E497AB3784C3FC4CC20248DC0&page=181&pagesize=10#q50C4EF,https://oge.fipi.ru/bank/questions.php?proj=DE0E276E497AB3784C3FC4CC20248DC0&page=181#q50C4EF,verified_local_archive
13,CBD4E1,183,https://oge.fipi.ru/bank/questions.php?proj=DE0E276E497AB3784C3FC4CC20248DC0&page=183&pagesize=10#qCBD4E1,https://oge.fipi.ru/bank/questions.php?proj=DE0E276E497AB3784C3FC4CC20248DC0&page=183#qCBD4E1,verified_local_archive
13,8EC8E1,187,https://oge.fipi.ru/bank/questions.php?proj=DE0E276E497AB3784C3FC4CC20248DC0&page=187&pagesize=10#q8EC8E1,https://oge.fipi.ru/bank/questions.php?proj=DE0E276E497AB3784C3FC4CC20248DC0&page=187#q8EC8E1,verified_local_archive
13,6A5667,200,https://oge.fipi.ru/bank/questions.php?proj=DE0E276E497AB3784C3FC4CC20248DC0&page=200&pagesize=10#q6A5667,https://oge.fipi.ru/bank/questions.php?proj=DE0E276E497AB3784C3FC4CC20248DC0&page=200#q6A5667,verified_local_archive
13,DF8C33,210,https://oge.fipi.ru/bank/questions.php?proj=DE0E276E497AB3784C3FC4CC20248DC0&page=210&pagesize=10#qDF8C33,https://oge.fipi.ru/bank/questions.php?proj=DE0E276E497AB3784C3FC4CC20248DC0&page=210#qDF8C33,verified_local_archive
13,61BD36,215,https://oge.fipi.ru/bank/questions.php?proj=DE0E276E497AB3784C3FC4CC20248DC0&page=215&pagesize=10#q61BD36,https://oge.fipi.ru/bank/questions.php?proj=DE0E276E497AB3784C3FC4CC20248DC0&page=215#q61BD36,verified_local_archive
13,73DC89,220,https://oge.fipi.ru/bank/questions.php?proj=DE0E276E497AB3784C3FC4CC20248DC0&page=220&pagesize=10#q73DC89,https://oge.fipi.ru/bank/questions.php?proj=DE0E276E497AB3784C3FC4CC20248DC0&page=220#q73DC89,verified_local_archive
13,BAE28B,220,https://oge.fipi.ru/bank/questions.php?proj=DE0E276E497AB3784C3FC4CC20248DC0&page=220&pagesize=10#qBAE28B,https://oge.fipi.ru/bank/questions.php?proj=DE0E276E497AB3784C3FC4CC20248DC0&page=220#qBAE28B,verified_local_archive
13,1AF788,221,https://oge.fipi.ru/bank/questions.php?proj=DE0E276E497AB3784C3FC4CC20248DC0&page=221&pagesize=10#q1AF788,https://oge.fipi.ru/bank/questions.php?proj=DE0E276E497AB3784C3FC4CC20248DC0&page=221#q1AF788,verified_local_archive
13,A7E982,224,https://oge.fipi.ru/bank/questions.php?proj=DE0E276E497AB3784C3FC4CC20248DC0&page=224&pagesize=10#qA7E982,https://oge.fipi.ru/bank/questions.php?proj=DE0E276E497AB3784C3FC4CC20248DC0&page=224#qA7E982,verified_local_archive
13,EC6683,228,https://oge.fipi.ru/bank/questions.php?proj=DE0E276E497AB3784C3FC4CC20248DC0&page=228&pagesize=10#qEC6683,https://oge.fipi.ru/bank/questions.php?proj=DE0E276E497AB3784C3FC4CC20248DC0&page=228#qEC6683,verified_local_archive
13,649985,228,https://oge.fipi.ru/bank/questions.php?proj=DE0E276E497AB3784C3FC4CC20248DC0&page=228&pagesize=10#q649985,https://oge.fipi.ru/bank/questions.php?proj=DE0E276E497AB3784C3FC4CC20248DC0&page=228#q649985,verified_local_archive
14,1F7343,5,https://oge.fipi.ru/bank/questions.php?proj=DE0E276E497AB3784C3FC4CC20248DC0&page=5&pagesize=10#q1F7343,https://oge.fipi.ru/bank/questions.php?proj=DE0E276E497AB3784C3FC4CC20248DC0&page=5#q1F7343,verified_local_archive
14,5F1149,7,https://oge.fipi.ru/bank/questions.php?proj=DE0E276E497AB3784C3FC4CC20248DC0&page=7&pagesize=10#q5F1149,https://oge.fipi.ru/bank/questions.php?proj=DE0E276E497AB3784C3FC4CC20248DC0&page=7#q5F1149,verified_local_archive
14,656145,13,https://oge.fipi.ru/bank/questions.php?proj=DE0E276E497AB3784C3FC4CC20248DC0&page=13&pagesize=10#q656145,https://oge.fipi.ru/bank/questions.php?proj=DE0E276E497AB3784C3FC4CC20248DC0&page=13#q656145,verified_local_archive
14,28DDF4,21,https://oge.fipi.ru/bank/questions.php?proj=DE0E276E497AB3784C3FC4CC20248DC0&page=21&pagesize=10#q28DDF4,https://oge.fipi.ru/bank/questions.php?proj=DE0E276E497AB3784C3FC4CC20248DC0&page=21#q28DDF4,verified_local_archive
14,AC63F5,25,https://oge.fipi.ru/bank/questions.php?proj=DE0E276E497AB3784C3FC4CC20248DC0&page=25&pagesize=10#qAC63F5,https://oge.fipi.ru/bank/questions.php?proj=DE0E276E497AB3784C3FC4CC20248DC0&page=25#qAC63F5,verified_local_archive
14,6EAFF6,29,https://oge.fipi.ru/bank/questions.php?proj=DE0E276E497AB3784C3FC4CC20248DC0&page=29&pagesize=10#q6EAFF6,https://oge.fipi.ru/bank/questions.php?proj=DE0E276E497AB3784C3FC4CC20248DC0&page=29#q6EAFF6,verified_local_archive
14,4C0E02,31,https://oge.fipi.ru/bank/questions.php?proj=DE0E276E497AB3784C3FC4CC20248DC0&page=31&pagesize=10#q4C0E02,https://oge.fipi.ru/bank/questions.php?proj=DE0E276E497AB3784C3FC4CC20248DC0&page=31#q4C0E02,verified_local_archive
14,DDFA05,36,https://oge.fipi.ru/bank/questions.php?proj=DE0E276E497AB3784C3FC4CC20248DC0&page=36&pagesize=10#qDDFA05,https://oge.fipi.ru/bank/questions.php?proj=DE0E276E497AB3784C3FC4CC20248DC0&page=36#qDDFA05,verified_local_archive
14,A55400,37,https://oge.fipi.ru/bank/questions.php?proj=DE0E276E497AB3784C3FC4CC20248DC0&page=37&pagesize=10#qA55400,https://oge.fipi.ru/bank/questions.php?proj=DE0E276E497AB3784C3FC4CC20248DC0&page=37#qA55400,verified_local_archive
14,6FB00A,41,https://oge.fipi.ru/bank/questions.php?proj=DE0E276E497AB3784C3FC4CC20248DC0&page=41&pagesize=10#q6FB00A,https://oge.fipi.ru/bank/questions.php?proj=DE0E276E497AB3784C3FC4CC20248DC0&page=41#q6FB00A,verified_local_archive
14,682F09,41,https://oge.fipi.ru/bank/questions.php?proj=DE0E276E497AB3784C3FC4CC20248DC0&page=41&pagesize=10#q682F09,https://oge.fipi.ru/bank/questions.php?proj=DE0E276E497AB3784C3FC4CC20248DC0&page=41#q682F09,verified_local_archive
14,DA517E,51,https://oge.fipi.ru/bank/questions.php?proj=DE0E276E497AB3784C3FC4CC20248DC0&page=51&pagesize=10#qDA517E,https://oge.fipi.ru/bank/questions.php?proj=DE0E276E497AB3784C3FC4CC20248DC0&page=51#qDA517E,verified_local_archive
14,5F9E7C,52,https://oge.fipi.ru/bank/questions.php?proj=DE0E276E497AB3784C3FC4CC20248DC0&page=52&pagesize=10#q5F9E7C,https://oge.fipi.ru/bank/questions.php?proj=DE0E276E497AB3784C3FC4CC20248DC0&page=52#q5F9E7C,verified_local_archive
14,C7F273,54,https://oge.fipi.ru/bank/questions.php?proj=DE0E276E497AB3784C3FC4CC20248DC0&page=54&pagesize=10#qC7F273,https://oge.fipi.ru/bank/questions.php?proj=DE0E276E497AB3784C3FC4CC20248DC0&page=54#qC7F273,verified_local_archive
14,3FE074,56,https://oge.fipi.ru/bank/questions.php?proj=DE0E276E497AB3784C3FC4CC20248DC0&page=56&pagesize=10#q3FE074,https://oge.fipi.ru/bank/questions.php?proj=DE0E276E497AB3784C3FC4CC20248DC0&page=56#q3FE074,verified_local_archive
14,308876,58,https://oge.fipi.ru/bank/questions.php?proj=DE0E276E497AB3784C3FC4CC20248DC0&page=58&pagesize=10#q308876,https://oge.fipi.ru/bank/questions.php?proj=DE0E276E497AB3784C3FC4CC20248DC0&page=58#q308876,verified_local_archive
14,4C08B1,60,https://oge.fipi.ru/bank/questions.php?proj=DE0E276E497AB3784C3FC4CC20248DC0&page=60&pagesize=10#q4C08B1,https://oge.fipi.ru/bank/questions.php?proj=DE0E276E497AB3784C3FC4CC20248DC0&page=60#q4C08B1,verified_local_archive
14,94AFB9,70,https://oge.fipi.ru/bank/questions.php?proj=DE0E276E497AB3784C3FC4CC20248DC0&page=70&pagesize=10#q94AFB9,https://oge.fipi.ru/bank/questions.php?proj=DE0E276E497AB3784C3FC4CC20248DC0&page=70#q94AFB9,verified_local_archive
14,6E4FB2,71,https://oge.fipi.ru/bank/questions.php?proj=DE0E276E497AB3784C3FC4CC20248DC0&page=71&pagesize=10#q6E4FB2,https://oge.fipi.ru/bank/questions.php?proj=DE0E276E497AB3784C3FC4CC20248DC0&page=71#q6E4FB2,verified_local_archive
14,B1E01A,77,https://oge.fipi.ru/bank/questions.php?proj=DE0E276E497AB3784C3FC4CC20248DC0&page=77&pagesize=10#qB1E01A,https://oge.fipi.ru/bank/questions.php?proj=DE0E276E497AB3784C3FC4CC20248DC0&page=77#qB1E01A,verified_local_archive
14,171C1C,79,https://oge.fipi.ru/bank/questions.php?proj=DE0E276E497AB3784C3FC4CC20248DC0&page=79&pagesize=10#q171C1C,https://oge.fipi.ru/bank/questions.php?proj=DE0E276E497AB3784C3FC4CC20248DC0&page=79#q171C1C,verified_local_archive
14,219613,80,https://oge.fipi.ru/bank/questions.php?proj=DE0E276E497AB3784C3FC4CC20248DC0&page=80&pagesize=10#q219613,https://oge.fipi.ru/bank/questions.php?proj=DE0E276E497AB3784C3FC4CC20248DC0&page=80#q219613,verified_local_archive
14,A2B716,82,https://oge.fipi.ru/bank/questions.php?proj=DE0E276E497AB3784C3FC4CC20248DC0&page=82&pagesize=10#qA2B716,https://oge.fipi.ru/bank/questions.php?proj=DE0E276E497AB3784C3FC4CC20248DC0&page=82#qA2B716,verified_local_archive
14,C4D018,83,https://oge.fipi.ru/bank/questions.php?proj=DE0E276E497AB3784C3FC4CC20248DC0&page=83&pagesize=10#qC4D018,https://oge.fipi.ru/bank/questions.php?proj=DE0E276E497AB3784C3FC4CC20248DC0&page=83#qC4D018,verified_local_archive
14,58DB2C,98,https://oge.fipi.ru/bank/questions.php?proj=DE0E276E497AB3784C3FC4CC20248DC0&page=98&pagesize=10#q58DB2C,https://oge.fipi.ru/bank/questions.php?proj=DE0E276E497AB3784C3FC4CC20248DC0&page=98#q58DB2C,verified_local_archive
14,912224,101,https://oge.fipi.ru/bank/questions.php?proj=DE0E276E497AB3784C3FC4CC20248DC0&page=101&pagesize=10#q912224,https://oge.fipi.ru/bank/questions.php?proj=DE0E276E497AB3784C3FC4CC20248DC0&page=101#q912224,verified_local_archive
14,02ABD8,108,https://oge.fipi.ru/bank/questions.php?proj=DE0E276E497AB3784C3FC4CC20248DC0&page=108&pagesize=10#q02ABD8,https://oge.fipi.ru/bank/questions.php?proj=DE0E276E497AB3784C3FC4CC20248DC0&page=108#q02ABD8,verified_local_archive
14,B2E2D7,108,https://oge.fipi.ru/bank/questions.php?proj=DE0E276E497AB3784C3FC4CC20248DC0&page=108&pagesize=10#qB2E2D7,https://oge.fipi.ru/bank/questions.php?proj=DE0E276E497AB3784C3FC4CC20248DC0&page=108#qB2E2D7,verified_local_archive
14,54B8DF,113,https://oge.fipi.ru/bank/questions.php?proj=DE0E276E497AB3784C3FC4CC20248DC0&page=113&pagesize=10#q54B8DF,https://oge.fipi.ru/bank/questions.php?proj=DE0E276E497AB3784C3FC4CC20248DC0&page=113#q54B8DF,verified_local_archive
14,5F5DDD,113,https://oge.fipi.ru/bank/questions.php?proj=DE0E276E497AB3784C3FC4CC20248DC0&page=113&pagesize=10#q5F5DDD,https://oge.fipi.ru/bank/questions.php?proj=DE0E276E497AB3784C3FC4CC20248DC0&page=113#q5F5DDD,verified_local_archive
14,4A0C5D,119,https://oge.fipi.ru/bank/questions.php?proj=DE0E276E497AB3784C3FC4CC20248DC0&page=119&pagesize=10#q4A0C5D,https://oge.fipi.ru/bank/questions.php?proj=DE0E276E497AB3784C3FC4CC20248DC0&page=119#q4A0C5D,verified_local_archive
14,799955,122,https://oge.fipi.ru/bank/questions.php?proj=DE0E276E497AB3784C3FC4CC20248DC0&page=122&pagesize=10#q799955,https://oge.fipi.ru/bank/questions.php?proj=DE0E276E497AB3784C3FC4CC20248DC0&page=122#q799955,verified_local_archive
14,BF8E53,123,https://oge.fipi.ru/bank/questions.php?proj=DE0E276E497AB3784C3FC4CC20248DC0&page=123&pagesize=10#qBF8E53,https://oge.fipi.ru/bank/questions.php?proj=DE0E276E497AB3784C3FC4CC20248DC0&page=123#qBF8E53,verified_local_archive
14,EDC956,129,https://oge.fipi.ru/bank/questions.php?proj=DE0E276E497AB3784C3FC4CC20248DC0&page=129&pagesize=10#qEDC956,https://oge.fipi.ru/bank/questions.php?proj=DE0E276E497AB3784C3FC4CC20248DC0&page=129#qEDC956,verified_local_archive
14,689DAF,143,https://oge.fipi.ru/bank/questions.php?proj=DE0E276E497AB3784C3FC4CC20248DC0&page=143&pagesize=10#q689DAF,https://oge.fipi.ru/bank/questions.php?proj=DE0E276E497AB3784C3FC4CC20248DC0&page=143#q689DAF,verified_local_archive
14,4093C4,145,https://oge.fipi.ru/bank/questions.php?proj=DE0E276E497AB3784C3FC4CC20248DC0&page=145&pagesize=10#q4093C4,https://oge.fipi.ru/bank/questions.php?proj=DE0E276E497AB3784C3FC4CC20248DC0&page=145#q4093C4,verified_local_archive
14,0BBBCB,148,https://oge.fipi.ru/bank/questions.php?proj=DE0E276E497AB3784C3FC4CC20248DC0&page=148&pagesize=10#q0BBBCB,https://oge.fipi.ru/bank/questions.php?proj=DE0E276E497AB3784C3FC4CC20248DC0&page=148#q0BBBCB,verified_local_archive
14,7E8F96,162,https://oge.fipi.ru/bank/questions.php?proj=DE0E276E497AB3784C3FC4CC20248DC0&page=162&pagesize=10#q7E8F96,https://oge.fipi.ru/bank/questions.php?proj=DE0E276E497AB3784C3FC4CC20248DC0&page=162#q7E8F96,verified_local_archive
14,E1CD90,170,https://oge.fipi.ru/bank/questions.php?proj=DE0E276E497AB3784C3FC4CC20248DC0&page=170&pagesize=10#qE1CD90,https://oge.fipi.ru/bank/questions.php?proj=DE0E276E497AB3784C3FC4CC20248DC0&page=170#qE1CD90,verified_local_archive
14,ECE598,171,https://oge.fipi.ru/bank/questions.php?proj=DE0E276E497AB3784C3FC4CC20248DC0&page=171&pagesize=10#qECE598,https://oge.fipi.ru/bank/questions.php?proj=DE0E276E497AB3784C3FC4CC20248DC0&page=171#qECE598,verified_local_archive
14,28E6E3,179,https://oge.fipi.ru/bank/questions.php?proj=DE0E276E497AB3784C3FC4CC20248DC0&page=179&pagesize=10#q28E6E3,https://oge.fipi.ru/bank/questions.php?proj=DE0E276E497AB3784C3FC4CC20248DC0&page=179#q28E6E3,verified_local_archive
14,60D7EA,185,https://oge.fipi.ru/bank/questions.php?proj=DE0E276E497AB3784C3FC4CC20248DC0&page=185&pagesize=10#q60D7EA,https://oge.fipi.ru/bank/questions.php?proj=DE0E276E497AB3784C3FC4CC20248DC0&page=185#q60D7EA,verified_local_archive
14,4BCB6B,188,https://oge.fipi.ru/bank/questions.php?proj=DE0E276E497AB3784C3FC4CC20248DC0&page=188&pagesize=10#q4BCB6B,https://oge.fipi.ru/bank/questions.php?proj=DE0E276E497AB3784C3FC4CC20248DC0&page=188#q4BCB6B,verified_local_archive
14,B3AB64,191,https://oge.fipi.ru/bank/questions.php?proj=DE0E276E497AB3784C3FC4CC20248DC0&page=191&pagesize=10#qB3AB64,https://oge.fipi.ru/bank/questions.php?proj=DE0E276E497AB3784C3FC4CC20248DC0&page=191#qB3AB64,verified_local_archive
14,D1616D,194,https://oge.fipi.ru/bank/questions.php?proj=DE0E276E497AB3784C3FC4CC20248DC0&page=194&pagesize=10#qD1616D,https://oge.fipi.ru/bank/questions.php?proj=DE0E276E497AB3784C3FC4CC20248DC0&page=194#qD1616D,verified_local_archive
14,901C60,198,https://oge.fipi.ru/bank/questions.php?proj=DE0E276E497AB3784C3FC4CC20248DC0&page=198&pagesize=10#q901C60,https://oge.fipi.ru/bank/questions.php?proj=DE0E276E497AB3784C3FC4CC20248DC0&page=198#q901C60,verified_local_archive
14,8B9D31,216,https://oge.fipi.ru/bank/questions.php?proj=DE0E276E497AB3784C3FC4CC20248DC0&page=216&pagesize=10#q8B9D31,https://oge.fipi.ru/bank/questions.php?proj=DE0E276E497AB3784C3FC4CC20248DC0&page=216#q8B9D31,verified_local_archive
14,F62180,218,https://oge.fipi.ru/bank/questions.php?proj=DE0E276E497AB3784C3FC4CC20248DC0&page=218&pagesize=10#qF62180,https://oge.fipi.ru/bank/questions.php?proj=DE0E276E497AB3784C3FC4CC20248DC0&page=218#qF62180,verified_local_archive
14,EF268C,227,https://oge.fipi.ru/bank/questions.php?proj=DE0E276E497AB3784C3FC4CC20248DC0&page=227&pagesize=10#qEF268C,https://oge.fipi.ru/bank/questions.php?proj=DE0E276E497AB3784C3FC4CC20248DC0&page=227#qEF268C,verified_local_archive
14,8EFD83,230,https://oge.fipi.ru/bank/questions.php?proj=DE0E276E497AB3784C3FC4CC20248DC0&page=230&pagesize=10#q8EFD83,https://oge.fipi.ru/bank/questions.php?proj=DE0E276E497AB3784C3FC4CC20248DC0&page=230#q8EFD83,verified_local_archive
14,22B640,233,https://oge.fipi.ru/bank/questions.php?proj=DE0E276E497AB3784C3FC4CC20248DC0&page=233&pagesize=10#q22B640,https://oge.fipi.ru/bank/questions.php?proj=DE0E276E497AB3784C3FC4CC20248DC0&page=233#q22B640,verified_local_archive
14,74EAF8,238,https://oge.fipi.ru/bank/questions.php?proj=DE0E276E497AB3784C3FC4CC20248DC0&page=238&pagesize=10#q74EAF8,https://oge.fipi.ru/bank/questions.php?proj=DE0E276E497AB3784C3FC4CC20248DC0&page=238#q74EAF8,verified_local_archive
14,170FFF,238,https://oge.fipi.ru/bank/questions.php?proj=DE0E276E497AB3784C3FC4CC20248DC0&page=238&pagesize=10#q170FFF,https://oge.fipi.ru/bank/questions.php?proj=DE0E276E497AB3784C3FC4CC20248DC0&page=238#q170FFF,verified_local_archive
14,65C2F1,242,https://oge.fipi.ru/bank/questions.php?proj=DE0E276E497AB3784C3FC4CC20248DC0&page=242&pagesize=10#q65C2F1,https://oge.fipi.ru/bank/questions.php?proj=DE0E276E497AB3784C3FC4CC20248DC0&page=242#q65C2F1,verified_local_archive
14,C6757C,252,https://oge.fipi.ru/bank/questions.php?proj=DE0E276E497AB3784C3FC4CC20248DC0&page=252&pagesize=10#qC6757C,https://oge.fipi.ru/bank/questions.php?proj=DE0E276E497AB3784C3FC4CC20248DC0&page=252#qC6757C,verified_local_archive
14,EB7879,253,https://oge.fipi.ru/bank/questions.php?proj=DE0E276E497AB3784C3FC4CC20248DC0&page=253&pagesize=10#qEB7879,https://oge.fipi.ru/bank/questions.php?proj=DE0E276E497AB3784C3FC4CC20248DC0&page=253#qEB7879,verified_local_archive
14,797ABD,255,https://oge.fipi.ru/bank/questions.php?proj=DE0E276E497AB3784C3FC4CC20248DC0&page=255&pagesize=10#q797ABD,https://oge.fipi.ru/bank/questions.php?proj=DE0E276E497AB3784C3FC4CC20248DC0&page=255#q797ABD,verified_local_archive
14,D576B0,256,https://oge.fipi.ru/bank/questions.php?proj=DE0E276E497AB3784C3FC4CC20248DC0&page=256&pagesize=10#qD576B0,https://oge.fipi.ru/bank/questions.php?proj=DE0E276E497AB3784C3FC4CC20248DC0&page=256#qD576B0,verified_local_archive
14,323DB3,259,https://oge.fipi.ru/bank/questions.php?proj=DE0E276E497AB3784C3FC4CC20248DC0&page=259&pagesize=10#q323DB3,https://oge.fipi.ru/bank/questions.php?proj=DE0E276E497AB3784C3FC4CC20248DC0&page=259#q323DB3,verified_local_archive
14,424B18,259,https://oge.fipi.ru/bank/questions.php?proj=DE0E276E497AB3784C3FC4CC20248DC0&page=259&pagesize=10#q424B18,https://oge.fipi.ru/bank/questions.php?proj=DE0E276E497AB3784C3FC4CC20248DC0&page=259#q424B18,verified_local_archive
14,F52E17,260,https://oge.fipi.ru/bank/questions.php?proj=DE0E276E497AB3784C3FC4CC20248DC0&page=260&pagesize=10#qF52E17,https://oge.fipi.ru/bank/questions.php?proj=DE0E276E497AB3784C3FC4CC20248DC0&page=260#qF52E17,verified_local_archive
14,E43114,264,https://oge.fipi.ru/bank/questions.php?proj=DE0E276E497AB3784C3FC4CC20248DC0&page=264&pagesize=10#qE43114,https://oge.fipi.ru/bank/questions.php?proj=DE0E276E497AB3784C3FC4CC20248DC0&page=264#qE43114,verified_local_archive
14,F5E322,266,https://oge.fipi.ru/bank/questions.php?proj=DE0E276E497AB3784C3FC4CC20248DC0&page=266&pagesize=10#qF5E322,https://oge.fipi.ru/bank/questions.php?proj=DE0E276E497AB3784C3FC4CC20248DC0&page=266#qF5E322,verified_local_archive
14,231CD6,274,https://oge.fipi.ru/bank/questions.php?proj=DE0E276E497AB3784C3FC4CC20248DC0&page=274&pagesize=10#q231CD6,https://oge.fipi.ru/bank/questions.php?proj=DE0E276E497AB3784C3FC4CC20248DC0&page=274#q231CD6,verified_local_archive
14,053053,278,https://oge.fipi.ru/bank/questions.php?proj=DE0E276E497AB3784C3FC4CC20248DC0&page=278&pagesize=10#q053053,https://oge.fipi.ru/bank/questions.php?proj=DE0E276E497AB3784C3FC4CC20248DC0&page=278#q053053,verified_local_archive
14,793155,278,https://oge.fipi.ru/bank/questions.php?proj=DE0E276E497AB3784C3FC4CC20248DC0&page=278&pagesize=10#q793155,https://oge.fipi.ru/bank/questions.php?proj=DE0E276E497AB3784C3FC4CC20248DC0&page=278#q793155,verified_local_archive
14,E8F259,282,https://oge.fipi.ru/bank/questions.php?proj=DE0E276E497AB3784C3FC4CC20248DC0&page=282&pagesize=10#qE8F259,https://oge.fipi.ru/bank/questions.php?proj=DE0E276E497AB3784C3FC4CC20248DC0&page=282#qE8F259,verified_local_archive
14,264BAC,284,https://oge.fipi.ru/bank/questions.php?proj=DE0E276E497AB3784C3FC4CC20248DC0&page=284&pagesize=10#q264BAC,https://oge.fipi.ru/bank/questions.php?proj=DE0E276E497AB3784C3FC4CC20248DC0&page=284#q264BAC,verified_local_archive
14,7125C8,289,https://oge.fipi.ru/bank/questions.php?proj=DE0E276E497AB3784C3FC4CC20248DC0&page=289&pagesize=10#q7125C8,https://oge.fipi.ru/bank/questions.php?proj=DE0E276E497AB3784C3FC4CC20248DC0&page=289#q7125C8,verified_local_archive
14,A7CEC4,291,https://oge.fipi.ru/bank/questions.php?proj=DE0E276E497AB3784C3FC4CC20248DC0&page=291&pagesize=10#qA7CEC4,https://oge.fipi.ru/bank/questions.php?proj=DE0E276E497AB3784C3FC4CC20248DC0&page=291#qA7CEC4,verified_local_archive
14,3F7DC9,294,https://oge.fipi.ru/bank/questions.php?proj=DE0E276E497AB3784C3FC4CC20248DC0&page=294&pagesize=10#q3F7DC9,https://oge.fipi.ru/bank/questions.php?proj=DE0E276E497AB3784C3FC4CC20248DC0&page=294#q3F7DC9,verified_local_archive
14,138D94,296,https://oge.fipi.ru/bank/questions.php?proj=DE0E276E497AB3784C3FC4CC20248DC0&page=296&pagesize=10#q138D94,https://oge.fipi.ru/bank/questions.php?proj=DE0E276E497AB3784C3FC4CC20248DC0&page=296#q138D94,verified_local_archive
14,1C2391,297,https://oge.fipi.ru/bank/questions.php?proj=DE0E276E497AB3784C3FC4CC20248DC0&page=297&pagesize=10#q1C2391,https://oge.fipi.ru/bank/questions.php?proj=DE0E276E497AB3784C3FC4CC20248DC0&page=297#q1C2391,verified_local_archive
14,2C5B9C,297,https://oge.fipi.ru/bank/questions.php?proj=DE0E276E497AB3784C3FC4CC20248DC0&page=297&pagesize=10#q2C5B9C,https://oge.fipi.ru/bank/questions.php?proj=DE0E276E497AB3784C3FC4CC20248DC0&page=297#q2C5B9C,verified_local_archive
14,98D797,299,https://oge.fipi.ru/bank/questions.php?proj=DE0E276E497AB3784C3FC4CC20248DC0&page=299&pagesize=10#q98D797,https://oge.fipi.ru/bank/questions.php?proj=DE0E276E497AB3784C3FC4CC20248DC0&page=299#q98D797,verified_local_archive
14,2DCCE6,303,https://oge.fipi.ru/bank/questions.php?proj=DE0E276E497AB3784C3FC4CC20248DC0&page=303&pagesize=10#q2DCCE6,https://oge.fipi.ru/bank/questions.php?proj=DE0E276E497AB3784C3FC4CC20248DC0&page=303#q2DCCE6,verified_local_archive
14,D8BEE4,303,https://oge.fipi.ru/bank/questions.php?proj=DE0E276E497AB3784C3FC4CC20248DC0&page=303&pagesize=10#qD8BEE4,https://oge.fipi.ru/bank/questions.php?proj=DE0E276E497AB3784C3FC4CC20248DC0&page=303#qD8BEE4,verified_local_archive
14,C10FED,304,https://oge.fipi.ru/bank/questions.php?proj=DE0E276E497AB3784C3FC4CC20248DC0&page=304&pagesize=10#qC10FED,https://oge.fipi.ru/bank/questions.php?proj=DE0E276E497AB3784C3FC4CC20248DC0&page=304#qC10FED,verified_local_archive
14,E336E0,305,https://oge.fipi.ru/bank/questions.php?proj=DE0E276E497AB3784C3FC4CC20248DC0&page=305&pagesize=10#qE336E0,https://oge.fipi.ru/bank/questions.php?proj=DE0E276E497AB3784C3FC4CC20248DC0&page=305#qE336E0,verified_local_archive
14,E91EED,305,https://oge.fipi.ru/bank/questions.php?proj=DE0E276E497AB3784C3FC4CC20248DC0&page=305&pagesize=10#qE91EED,https://oge.fipi.ru/bank/questions.php?proj=DE0E276E497AB3784C3FC4CC20248DC0&page=305#qE91EED,verified_local_archive
14,6333E5,305,https://oge.fipi.ru/bank/questions.php?proj=DE0E276E497AB3784C3FC4CC20248DC0&page=305&pagesize=10#q6333E5,https://oge.fipi.ru/bank/questions.php?proj=DE0E276E497AB3784C3FC4CC20248DC0&page=305#q6333E5,verified_local_archive
14,62FCE3,306,https://oge.fipi.ru/bank/questions.php?proj=DE0E276E497AB3784C3FC4CC20248DC0&page=306&pagesize=10#q62FCE3,https://oge.fipi.ru/bank/questions.php?proj=DE0E276E497AB3784C3FC4CC20248DC0&page=306#q62FCE3,verified_local_archive
14,06CA65,308,https://oge.fipi.ru/bank/questions.php?proj=DE0E276E497AB3784C3FC4CC20248DC0&page=308&pagesize=10#q06CA65,https://oge.fipi.ru/bank/questions.php?proj=DE0E276E497AB3784C3FC4CC20248DC0&page=308#q06CA65,verified_local_archive
14,2F8B6E,309,https://oge.fipi.ru/bank/questions.php?proj=DE0E276E497AB3784C3FC4CC20248DC0&page=309&pagesize=10#q2F8B6E,https://oge.fipi.ru/bank/questions.php?proj=DE0E276E497AB3784C3FC4CC20248DC0&page=309#q2F8B6E,verified_local_archive
14,DE136C,310,https://oge.fipi.ru/bank/questions.php?proj=DE0E276E497AB3784C3FC4CC20248DC0&page=310&pagesize=10#qDE136C,https://oge.fipi.ru/bank/questions.php?proj=DE0E276E497AB3784C3FC4CC20248DC0&page=310#qDE136C,verified_local_archive
14,EBCC67,312,https://oge.fipi.ru/bank/questions.php?proj=DE0E276E497AB3784C3FC4CC20248DC0&page=312&pagesize=10#qEBCC67,https://oge.fipi.ru/bank/questions.php?proj=DE0E276E497AB3784C3FC4CC20248DC0&page=312#qEBCC67,verified_local_archive
14,A6E03B,316,https://oge.fipi.ru/bank/questions.php?proj=DE0E276E497AB3784C3FC4CC20248DC0&page=316&pagesize=10#qA6E03B,https://oge.fipi.ru/bank/questions.php?proj=DE0E276E497AB3784C3FC4CC20248DC0&page=316#qA6E03B,verified_local_archive
14,C27632,316,https://oge.fipi.ru/bank/questions.php?proj=DE0E276E497AB3784C3FC4CC20248DC0&page=316&pagesize=10#qC27632,https://oge.fipi.ru/bank/questions.php?proj=DE0E276E497AB3784C3FC4CC20248DC0&page=316#qC27632,verified_local_archive
14,27068B,321,https://oge.fipi.ru/bank/questions.php?proj=DE0E276E497AB3784C3FC4CC20248DC0&page=321&pagesize=10#q27068B,https://oge.fipi.ru/bank/questions.php?proj=DE0E276E497AB3784C3FC4CC20248DC0&page=321#q27068B,verified_local_archive
14,D0FF80,321,https://oge.fipi.ru/bank/questions.php?proj=DE0E276E497AB3784C3FC4CC20248DC0&page=321&pagesize=10#qD0FF80,https://oge.fipi.ru/bank/questions.php?proj=DE0E276E497AB3784C3FC4CC20248DC0&page=321#qD0FF80,verified_local_archive
14,ACC044,7,https://oge.fipi.ru/bank/questions.php?proj=DE0E276E497AB3784C3FC4CC20248DC0&page=7&pagesize=10#qACC044,https://oge.fipi.ru/bank/questions.php?proj=DE0E276E497AB3784C3FC4CC20248DC0&page=7#qACC044,verified_local_archive
14,A3E245,8,https://oge.fipi.ru/bank/questions.php?proj=DE0E276E497AB3784C3FC4CC20248DC0&page=8&pagesize=10#qA3E245,https://oge.fipi.ru/bank/questions.php?proj=DE0E276E497AB3784C3FC4CC20248DC0&page=8#qA3E245,verified_local_archive
14,310245,14,https://oge.fipi.ru/bank/questions.php?proj=DE0E276E497AB3784C3FC4CC20248DC0&page=14&pagesize=10#q310245,https://oge.fipi.ru/bank/questions.php?proj=DE0E276E497AB3784C3FC4CC20248DC0&page=14#q310245,verified_local_archive
14,8EC646,15,https://oge.fipi.ru/bank/questions.php?proj=DE0E276E497AB3784C3FC4CC20248DC0&page=15&pagesize=10#q8EC646,https://oge.fipi.ru/bank/questions.php?proj=DE0E276E497AB3784C3FC4CC20248DC0&page=15#q8EC646,verified_local_archive
14,F2E006,31,https://oge.fipi.ru/bank/questions.php?proj=DE0E276E497AB3784C3FC4CC20248DC0&page=31&pagesize=10#qF2E006,https://oge.fipi.ru/bank/questions.php?proj=DE0E276E497AB3784C3FC4CC20248DC0&page=31#qF2E006,verified_local_archive
14,319371,57,https://oge.fipi.ru/bank/questions.php?proj=DE0E276E497AB3784C3FC4CC20248DC0&page=57&pagesize=10#q319371,https://oge.fipi.ru/bank/questions.php?proj=DE0E276E497AB3784C3FC4CC20248DC0&page=57#q319371,verified_local_archive
14,8F4FB6,72,https://oge.fipi.ru/bank/questions.php?proj=DE0E276E497AB3784C3FC4CC20248DC0&page=72&pagesize=10#q8F4FB6,https://oge.fipi.ru/bank/questions.php?proj=DE0E276E497AB3784C3FC4CC20248DC0&page=72#q8F4FB6,verified_local_archive
14,B0E713,78,https://oge.fipi.ru/bank/questions.php?proj=DE0E276E497AB3784C3FC4CC20248DC0&page=78&pagesize=10#qB0E713,https://oge.fipi.ru/bank/questions.php?proj=DE0E276E497AB3784C3FC4CC20248DC0&page=78#qB0E713,verified_local_archive
14,1AB01B,78,https://oge.fipi.ru/bank/questions.php?proj=DE0E276E497AB3784C3FC4CC20248DC0&page=78&pagesize=10#q1AB01B,https://oge.fipi.ru/bank/questions.php?proj=DE0E276E497AB3784C3FC4CC20248DC0&page=78#q1AB01B,verified_local_archive
14,53BBD2,113,https://oge.fipi.ru/bank/questions.php?proj=DE0E276E497AB3784C3FC4CC20248DC0&page=113&pagesize=10#q53BBD2,https://oge.fipi.ru/bank/questions.php?proj=DE0E276E497AB3784C3FC4CC20248DC0&page=113#q53BBD2,verified_local_archive
14,81F6DE,118,https://oge.fipi.ru/bank/questions.php?proj=DE0E276E497AB3784C3FC4CC20248DC0&page=118&pagesize=10#q81F6DE,https://oge.fipi.ru/bank/questions.php?proj=DE0E276E497AB3784C3FC4CC20248DC0&page=118#q81F6DE,verified_local_archive
14,F1E75D,120,https://oge.fipi.ru/bank/questions.php?proj=DE0E276E497AB3784C3FC4CC20248DC0&page=120&pagesize=10#qF1E75D,https://oge.fipi.ru/bank/questions.php?proj=DE0E276E497AB3784C3FC4CC20248DC0&page=120#qF1E75D,verified_local_archive
14,EEB25C,129,https://oge.fipi.ru/bank/questions.php?proj=DE0E276E497AB3784C3FC4CC20248DC0&page=129&pagesize=10#qEEB25C,https://oge.fipi.ru/bank/questions.php?proj=DE0E276E497AB3784C3FC4CC20248DC0&page=129#qEEB25C,verified_local_archive
14,61D051,130,https://oge.fipi.ru/bank/questions.php?proj=DE0E276E497AB3784C3FC4CC20248DC0&page=130&pagesize=10#q61D051,https://oge.fipi.ru/bank/questions.php?proj=DE0E276E497AB3784C3FC4CC20248DC0&page=130#q61D051,verified_local_archive
14,1A17AF,137,https://oge.fipi.ru/bank/questions.php?proj=DE0E276E497AB3784C3FC4CC20248DC0&page=137&pagesize=10#q1A17AF,https://oge.fipi.ru/bank/questions.php?proj=DE0E276E497AB3784C3FC4CC20248DC0&page=137#q1A17AF,verified_local_archive
14,1862E5,178,https://oge.fipi.ru/bank/questions.php?proj=DE0E276E497AB3784C3FC4CC20248DC0&page=178&pagesize=10#q1862E5,https://oge.fipi.ru/bank/questions.php?proj=DE0E276E497AB3784C3FC4CC20248DC0&page=178#q1862E5,verified_local_archive
14,5C8260,195,https://oge.fipi.ru/bank/questions.php?proj=DE0E276E497AB3784C3FC4CC20248DC0&page=195&pagesize=10#q5C8260,https://oge.fipi.ru/bank/questions.php?proj=DE0E276E497AB3784C3FC4CC20248DC0&page=195#q5C8260,verified_local_archive
14,85A862,202,https://oge.fipi.ru/bank/questions.php?proj=DE0E276E497AB3784C3FC4CC20248DC0&page=202&pagesize=10#q85A862,https://oge.fipi.ru/bank/questions.php?proj=DE0E276E497AB3784C3FC4CC20248DC0&page=202#q85A862,verified_local_archive
14,F4E63B,204,https://oge.fipi.ru/bank/questions.php?proj=DE0E276E497AB3784C3FC4CC20248DC0&page=204&pagesize=10#qF4E63B,https://oge.fipi.ru/bank/questions.php?proj=DE0E276E497AB3784C3FC4CC20248DC0&page=204#qF4E63B,verified_local_archive
14,8D0831,216,https://oge.fipi.ru/bank/questions.php?proj=DE0E276E497AB3784C3FC4CC20248DC0&page=216&pagesize=10#q8D0831,https://oge.fipi.ru/bank/questions.php?proj=DE0E276E497AB3784C3FC4CC20248DC0&page=216#q8D0831,verified_local_archive
15,02E441,2,https://oge.fipi.ru/bank/questions.php?proj=DE0E276E497AB3784C3FC4CC20248DC0&page=2&pagesize=10#q02E441,https://oge.fipi.ru/bank/questions.php?proj=DE0E276E497AB3784C3FC4CC20248DC0&page=2#q02E441,verified_local_archive
15,760E4B,3,https://oge.fipi.ru/bank/questions.php?proj=DE0E276E497AB3784C3FC4CC20248DC0&page=3&pagesize=10#q760E4B,https://oge.fipi.ru/bank/questions.php?proj=DE0E276E497AB3784C3FC4CC20248DC0&page=3#q760E4B,verified_local_archive
15,760845,3,https://oge.fipi.ru/bank/questions.php?proj=DE0E276E497AB3784C3FC4CC20248DC0&page=3&pagesize=10#q760845,https://oge.fipi.ru/bank/questions.php?proj=DE0E276E497AB3784C3FC4CC20248DC0&page=3#q760845,verified_local_archive
15,BB7A45,3,https://oge.fipi.ru/bank/questions.php?proj=DE0E276E497AB3784C3FC4CC20248DC0&page=3&pagesize=10#qBB7A45,https://oge.fipi.ru/bank/questions.php?proj=DE0E276E497AB3784C3FC4CC20248DC0&page=3#qBB7A45,verified_local_archive
15,BD0443,4,https://oge.fipi.ru/bank/questions.php?proj=DE0E276E497AB3784C3FC4CC20248DC0&page=4&pagesize=10#qBD0443,https://oge.fipi.ru/bank/questions.php?proj=DE0E276E497AB3784C3FC4CC20248DC0&page=4#qBD0443,verified_local_archive
15,20BC46,6,https://oge.fipi.ru/bank/questions.php?proj=DE0E276E497AB3784C3FC4CC20248DC0&page=6&pagesize=10#q20BC46,https://oge.fipi.ru/bank/questions.php?proj=DE0E276E497AB3784C3FC4CC20248DC0&page=6#q20BC46,verified_local_archive
15,A67245,8,https://oge.fipi.ru/bank/questions.php?proj=DE0E276E497AB3784C3FC4CC20248DC0&page=8&pagesize=10#qA67245,https://oge.fipi.ru/bank/questions.php?proj=DE0E276E497AB3784C3FC4CC20248DC0&page=8#qA67245,verified_local_archive
15,916443,11,https://oge.fipi.ru/bank/questions.php?proj=DE0E276E497AB3784C3FC4CC20248DC0&page=11&pagesize=10#q916443,https://oge.fipi.ru/bank/questions.php?proj=DE0E276E497AB3784C3FC4CC20248DC0&page=11#q916443,verified_local_archive
15,ED2D47,11,https://oge.fipi.ru/bank/questions.php?proj=DE0E276E497AB3784C3FC4CC20248DC0&page=11&pagesize=10#qED2D47,https://oge.fipi.ru/bank/questions.php?proj=DE0E276E497AB3784C3FC4CC20248DC0&page=11#qED2D47,verified_local_archive
15,EAE145,12,https://oge.fipi.ru/bank/questions.php?proj=DE0E276E497AB3784C3FC4CC20248DC0&page=12&pagesize=10#qEAE145,https://oge.fipi.ru/bank/questions.php?proj=DE0E276E497AB3784C3FC4CC20248DC0&page=12#qEAE145,verified_local_archive
15,64AC4E,13,https://oge.fipi.ru/bank/questions.php?proj=DE0E276E497AB3784C3FC4CC20248DC0&page=13&pagesize=10#q64AC4E,https://oge.fipi.ru/bank/questions.php?proj=DE0E276E497AB3784C3FC4CC20248DC0&page=13#q64AC4E,verified_local_archive
15,39A249,14,https://oge.fipi.ru/bank/questions.php?proj=DE0E276E497AB3784C3FC4CC20248DC0&page=14&pagesize=10#q39A249,https://oge.fipi.ru/bank/questions.php?proj=DE0E276E497AB3784C3FC4CC20248DC0&page=14#q39A249,verified_local_archive
15,4E59F7,16,https://oge.fipi.ru/bank/questions.php?proj=DE0E276E497AB3784C3FC4CC20248DC0&page=16&pagesize=10#q4E59F7,https://oge.fipi.ru/bank/questions.php?proj=DE0E276E497AB3784C3FC4CC20248DC0&page=16#q4E59F7,verified_local_archive
15,F1D3F8,18,https://oge.fipi.ru/bank/questions.php?proj=DE0E276E497AB3784C3FC4CC20248DC0&page=18&pagesize=10#qF1D3F8,https://oge.fipi.ru/bank/questions.php?proj=DE0E276E497AB3784C3FC4CC20248DC0&page=18#qF1D3F8,verified_local_archive
15,0B25FB,18,https://oge.fipi.ru/bank/questions.php?proj=DE0E276E497AB3784C3FC4CC20248DC0&page=18&pagesize=10#q0B25FB,https://oge.fipi.ru/bank/questions.php?proj=DE0E276E497AB3784C3FC4CC20248DC0&page=18#q0B25FB,verified_local_archive
15,B972FB,20,https://oge.fipi.ru/bank/questions.php?proj=DE0E276E497AB3784C3FC4CC20248DC0&page=20&pagesize=10#qB972FB,https://oge.fipi.ru/bank/questions.php?proj=DE0E276E497AB3784C3FC4CC20248DC0&page=20#qB972FB,verified_local_archive
15,D4F4F0,22,https://oge.fipi.ru/bank/questions.php?proj=DE0E276E497AB3784C3FC4CC20248DC0&page=22&pagesize=10#qD4F4F0,https://oge.fipi.ru/bank/questions.php?proj=DE0E276E497AB3784C3FC4CC20248DC0&page=22#qD4F4F0,verified_local_archive
15,D893F0,23,https://oge.fipi.ru/bank/questions.php?proj=DE0E276E497AB3784C3FC4CC20248DC0&page=23&pagesize=10#qD893F0,https://oge.fipi.ru/bank/questions.php?proj=DE0E276E497AB3784C3FC4CC20248DC0&page=23#qD893F0,verified_local_archive
15,DB94FB,23,https://oge.fipi.ru/bank/questions.php?proj=DE0E276E497AB3784C3FC4CC20248DC0&page=23&pagesize=10#qDB94FB,https://oge.fipi.ru/bank/questions.php?proj=DE0E276E497AB3784C3FC4CC20248DC0&page=23#qDB94FB,verified_local_archive
15,5F05FB,23,https://oge.fipi.ru/bank/questions.php?proj=DE0E276E497AB3784C3FC4CC20248DC0&page=23&pagesize=10#q5F05FB,https://oge.fipi.ru/bank/questions.php?proj=DE0E276E497AB3784C3FC4CC20248DC0&page=23#q5F05FB,verified_local_archive
15,5256FC,24,https://oge.fipi.ru/bank/questions.php?proj=DE0E276E497AB3784C3FC4CC20248DC0&page=24&pagesize=10#q5256FC,https://oge.fipi.ru/bank/questions.php?proj=DE0E276E497AB3784C3FC4CC20248DC0&page=24#q5256FC,verified_local_archive
15,AA90F7,24,https://oge.fipi.ru/bank/questions.php?proj=DE0E276E497AB3784C3FC4CC20248DC0&page=24&pagesize=10#qAA90F7,https://oge.fipi.ru/bank/questions.php?proj=DE0E276E497AB3784C3FC4CC20248DC0&page=24#qAA90F7,verified_local_archive
15,A05CF1,25,https://oge.fipi.ru/bank/questions.php?proj=DE0E276E497AB3784C3FC4CC20248DC0&page=25&pagesize=10#qA05CF1,https://oge.fipi.ru/bank/questions.php?proj=DE0E276E497AB3784C3FC4CC20248DC0&page=25#qA05CF1,verified_local_archive
15,C3A5F2,25,https://oge.fipi.ru/bank/questions.php?proj=DE0E276E497AB3784C3FC4CC20248DC0&page=25&pagesize=10#qC3A5F2,https://oge.fipi.ru/bank/questions.php?proj=DE0E276E497AB3784C3FC4CC20248DC0&page=25#qC3A5F2,verified_local_archive
15,C404FC,26,https://oge.fipi.ru/bank/questions.php?proj=DE0E276E497AB3784C3FC4CC20248DC0&page=26&pagesize=10#qC404FC,https://oge.fipi.ru/bank/questions.php?proj=DE0E276E497AB3784C3FC4CC20248DC0&page=26#qC404FC,verified_local_archive
15,6AB9FA,28,https://oge.fipi.ru/bank/questions.php?proj=DE0E276E497AB3784C3FC4CC20248DC0&page=28&pagesize=10#q6AB9FA,https://oge.fipi.ru/bank/questions.php?proj=DE0E276E497AB3784C3FC4CC20248DC0&page=28#q6AB9FA,verified_local_archive
15,6544F6,29,https://oge.fipi.ru/bank/questions.php?proj=DE0E276E497AB3784C3FC4CC20248DC0&page=29&pagesize=10#q6544F6,https://oge.fipi.ru/bank/questions.php?proj=DE0E276E497AB3784C3FC4CC20248DC0&page=29#q6544F6,verified_local_archive
15,32B7F7,29,https://oge.fipi.ru/bank/questions.php?proj=DE0E276E497AB3784C3FC4CC20248DC0&page=29&pagesize=10#q32B7F7,https://oge.fipi.ru/bank/questions.php?proj=DE0E276E497AB3784C3FC4CC20248DC0&page=29#q32B7F7,verified_local_archive
15,86F9F5,30,https://oge.fipi.ru/bank/questions.php?proj=DE0E276E497AB3784C3FC4CC20248DC0&page=30&pagesize=10#q86F9F5,https://oge.fipi.ru/bank/questions.php?proj=DE0E276E497AB3784C3FC4CC20248DC0&page=30#q86F9F5,verified_local_archive
15,845EFC,30,https://oge.fipi.ru/bank/questions.php?proj=DE0E276E497AB3784C3FC4CC20248DC0&page=30&pagesize=10#q845EFC,https://oge.fipi.ru/bank/questions.php?proj=DE0E276E497AB3784C3FC4CC20248DC0&page=30#q845EFC,verified_local_archive
15,F6B402,31,https://oge.fipi.ru/bank/questions.php?proj=DE0E276E497AB3784C3FC4CC20248DC0&page=31&pagesize=10#qF6B402,https://oge.fipi.ru/bank/questions.php?proj=DE0E276E497AB3784C3FC4CC20248DC0&page=31#qF6B402,verified_local_archive
15,08FD08,32,https://oge.fipi.ru/bank/questions.php?proj=DE0E276E497AB3784C3FC4CC20248DC0&page=32&pagesize=10#q08FD08,https://oge.fipi.ru/bank/questions.php?proj=DE0E276E497AB3784C3FC4CC20248DC0&page=32#q08FD08,verified_local_archive
15,1DB806,34,https://oge.fipi.ru/bank/questions.php?proj=DE0E276E497AB3784C3FC4CC20248DC0&page=34&pagesize=10#q1DB806,https://oge.fipi.ru/bank/questions.php?proj=DE0E276E497AB3784C3FC4CC20248DC0&page=34#q1DB806,verified_local_archive
15,21430B,35,https://oge.fipi.ru/bank/questions.php?proj=DE0E276E497AB3784C3FC4CC20248DC0&page=35&pagesize=10#q21430B,https://oge.fipi.ru/bank/questions.php?proj=DE0E276E497AB3784C3FC4CC20248DC0&page=35#q21430B,verified_local_archive
15,22FD03,35,https://oge.fipi.ru/bank/questions.php?proj=DE0E276E497AB3784C3FC4CC20248DC0&page=35&pagesize=10#q22FD03,https://oge.fipi.ru/bank/questions.php?proj=DE0E276E497AB3784C3FC4CC20248DC0&page=35#q22FD03,verified_local_archive
15,DD620C,36,https://oge.fipi.ru/bank/questions.php?proj=DE0E276E497AB3784C3FC4CC20248DC0&page=36&pagesize=10#qDD620C,https://oge.fipi.ru/bank/questions.php?proj=DE0E276E497AB3784C3FC4CC20248DC0&page=36#qDD620C,verified_local_archive
15,5E7907,36,https://oge.fipi.ru/bank/questions.php?proj=DE0E276E497AB3784C3FC4CC20248DC0&page=36&pagesize=10#q5E7907,https://oge.fipi.ru/bank/questions.php?proj=DE0E276E497AB3784C3FC4CC20248DC0&page=36#q5E7907,verified_local_archive
15,ACC20D,37,https://oge.fipi.ru/bank/questions.php?proj=DE0E276E497AB3784C3FC4CC20248DC0&page=37&pagesize=10#qACC20D,https://oge.fipi.ru/bank/questions.php?proj=DE0E276E497AB3784C3FC4CC20248DC0&page=37#qACC20D,verified_local_archive
15,CF9F09,39,https://oge.fipi.ru/bank/questions.php?proj=DE0E276E497AB3784C3FC4CC20248DC0&page=39&pagesize=10#qCF9F09,https://oge.fipi.ru/bank/questions.php?proj=DE0E276E497AB3784C3FC4CC20248DC0&page=39#qCF9F09,verified_local_archive
15,6DA700,40,https://oge.fipi.ru/bank/questions.php?proj=DE0E276E497AB3784C3FC4CC20248DC0&page=40&pagesize=10#q6DA700,https://oge.fipi.ru/bank/questions.php?proj=DE0E276E497AB3784C3FC4CC20248DC0&page=40#q6DA700,verified_local_archive
15,3A1100,41,https://oge.fipi.ru/bank/questions.php?proj=DE0E276E497AB3784C3FC4CC20248DC0&page=41&pagesize=10#q3A1100,https://oge.fipi.ru/bank/questions.php?proj=DE0E276E497AB3784C3FC4CC20248DC0&page=41#q3A1100,verified_local_archive
15,3A3D0B,42,https://oge.fipi.ru/bank/questions.php?proj=DE0E276E497AB3784C3FC4CC20248DC0&page=42&pagesize=10#q3A3D0B,https://oge.fipi.ru/bank/questions.php?proj=DE0E276E497AB3784C3FC4CC20248DC0&page=42#q3A3D0B,verified_local_archive
15,3D5005,42,https://oge.fipi.ru/bank/questions.php?proj=DE0E276E497AB3784C3FC4CC20248DC0&page=42&pagesize=10#q3D5005,https://oge.fipi.ru/bank/questions.php?proj=DE0E276E497AB3784C3FC4CC20248DC0&page=42#q3D5005,verified_local_archive
15,342F0C,42,https://oge.fipi.ru/bank/questions.php?proj=DE0E276E497AB3784C3FC4CC20248DC0&page=42&pagesize=10#q342F0C,https://oge.fipi.ru/bank/questions.php?proj=DE0E276E497AB3784C3FC4CC20248DC0&page=42#q342F0C,verified_local_archive
15,41017F,43,https://oge.fipi.ru/bank/questions.php?proj=DE0E276E497AB3784C3FC4CC20248DC0&page=43&pagesize=10#q41017F,https://oge.fipi.ru/bank/questions.php?proj=DE0E276E497AB3784C3FC4CC20248DC0&page=43#q41017F,verified_local_archive
15,481278,45,https://oge.fipi.ru/bank/questions.php?proj=DE0E276E497AB3784C3FC4CC20248DC0&page=45&pagesize=10#q481278,https://oge.fipi.ru/bank/questions.php?proj=DE0E276E497AB3784C3FC4CC20248DC0&page=45#q481278,verified_local_archive
15,02147B,46,https://oge.fipi.ru/bank/questions.php?proj=DE0E276E497AB3784C3FC4CC20248DC0&page=46&pagesize=10#q02147B,https://oge.fipi.ru/bank/questions.php?proj=DE0E276E497AB3784C3FC4CC20248DC0&page=46#q02147B,verified_local_archive
15,770975,47,https://oge.fipi.ru/bank/questions.php?proj=DE0E276E497AB3784C3FC4CC20248DC0&page=47&pagesize=10#q770975,https://oge.fipi.ru/bank/questions.php?proj=DE0E276E497AB3784C3FC4CC20248DC0&page=47#q770975,verified_local_archive
15,B9AA7C,48,https://oge.fipi.ru/bank/questions.php?proj=DE0E276E497AB3784C3FC4CC20248DC0&page=48&pagesize=10#qB9AA7C,https://oge.fipi.ru/bank/questions.php?proj=DE0E276E497AB3784C3FC4CC20248DC0&page=48#qB9AA7C,verified_local_archive
15,52CB7E,52,https://oge.fipi.ru/bank/questions.php?proj=DE0E276E497AB3784C3FC4CC20248DC0&page=52&pagesize=10#q52CB7E,https://oge.fipi.ru/bank/questions.php?proj=DE0E276E497AB3784C3FC4CC20248DC0&page=52#q52CB7E,verified_local_archive
15,A4417F,52,https://oge.fipi.ru/bank/questions.php?proj=DE0E276E497AB3784C3FC4CC20248DC0&page=52&pagesize=10#qA4417F,https://oge.fipi.ru/bank/questions.php?proj=DE0E276E497AB3784C3FC4CC20248DC0&page=52#qA4417F,verified_local_archive
15,A51073,53,https://oge.fipi.ru/bank/questions.php?proj=DE0E276E497AB3784C3FC4CC20248DC0&page=53&pagesize=10#qA51073,https://oge.fipi.ru/bank/questions.php?proj=DE0E276E497AB3784C3FC4CC20248DC0&page=53#qA51073,verified_local_archive
15,93C176,54,https://oge.fipi.ru/bank/questions.php?proj=DE0E276E497AB3784C3FC4CC20248DC0&page=54&pagesize=10#q93C176,https://oge.fipi.ru/bank/questions.php?proj=DE0E276E497AB3784C3FC4CC20248DC0&page=54#q93C176,verified_local_archive
15,959276,55,https://oge.fipi.ru/bank/questions.php?proj=DE0E276E497AB3784C3FC4CC20248DC0&page=55&pagesize=10#q959276,https://oge.fipi.ru/bank/questions.php?proj=DE0E276E497AB3784C3FC4CC20248DC0&page=55#q959276,verified_local_archive
15,9F9A78,55,https://oge.fipi.ru/bank/questions.php?proj=DE0E276E497AB3784C3FC4CC20248DC0&page=55&pagesize=10#q9F9A78,https://oge.fipi.ru/bank/questions.php?proj=DE0E276E497AB3784C3FC4CC20248DC0&page=55#q9F9A78,verified_local_archive
15,6A6370,56,https://oge.fipi.ru/bank/questions.php?proj=DE0E276E497AB3784C3FC4CC20248DC0&page=56&pagesize=10#q6A6370,https://oge.fipi.ru/bank/questions.php?proj=DE0E276E497AB3784C3FC4CC20248DC0&page=56#q6A6370,verified_local_archive
15,36727A,57,https://oge.fipi.ru/bank/questions.php?proj=DE0E276E497AB3784C3FC4CC20248DC0&page=57&pagesize=10#q36727A,https://oge.fipi.ru/bank/questions.php?proj=DE0E276E497AB3784C3FC4CC20248DC0&page=57#q36727A,verified_local_archive
15,877976,59,https://oge.fipi.ru/bank/questions.php?proj=DE0E276E497AB3784C3FC4CC20248DC0&page=59&pagesize=10#q877976,https://oge.fipi.ru/bank/questions.php?proj=DE0E276E497AB3784C3FC4CC20248DC0&page=59#q877976,verified_local_archive
15,455DB7,59,https://oge.fipi.ru/bank/questions.php?proj=DE0E276E497AB3784C3FC4CC20248DC0&page=59&pagesize=10#q455DB7,https://oge.fipi.ru/bank/questions.php?proj=DE0E276E497AB3784C3FC4CC20248DC0&page=59#q455DB7,verified_local_archive
15,4007B1,59,https://oge.fipi.ru/bank/questions.php?proj=DE0E276E497AB3784C3FC4CC20248DC0&page=59&pagesize=10#q4007B1,https://oge.fipi.ru/bank/questions.php?proj=DE0E276E497AB3784C3FC4CC20248DC0&page=59#q4007B1,verified_local_archive
15,F172BF,60,https://oge.fipi.ru/bank/questions.php?proj=DE0E276E497AB3784C3FC4CC20248DC0&page=60&pagesize=10#qF172BF,https://oge.fipi.ru/bank/questions.php?proj=DE0E276E497AB3784C3FC4CC20248DC0&page=60#qF172BF,verified_local_archive
15,FDEABD,61,https://oge.fipi.ru/bank/questions.php?proj=DE0E276E497AB3784C3FC4CC20248DC0&page=61&pagesize=10#qFDEABD,https://oge.fipi.ru/bank/questions.php?proj=DE0E276E497AB3784C3FC4CC20248DC0&page=61#qFDEABD,verified_local_archive
15,0F89BC,62,https://oge.fipi.ru/bank/questions.php?proj=DE0E276E497AB3784C3FC4CC20248DC0&page=62&pagesize=10#q0F89BC,https://oge.fipi.ru/bank/questions.php?proj=DE0E276E497AB3784C3FC4CC20248DC0&page=62#q0F89BC,verified_local_archive
15,0CD2B6,62,https://oge.fipi.ru/bank/questions.php?proj=DE0E276E497AB3784C3FC4CC20248DC0&page=62&pagesize=10#q0CD2B6,https://oge.fipi.ru/bank/questions.php?proj=DE0E276E497AB3784C3FC4CC20248DC0&page=62#q0CD2B6,verified_local_archive
15,77FDB2,63,https://oge.fipi.ru/bank/questions.php?proj=DE0E276E497AB3784C3FC4CC20248DC0&page=63&pagesize=10#q77FDB2,https://oge.fipi.ru/bank/questions.php?proj=DE0E276E497AB3784C3FC4CC20248DC0&page=63#q77FDB2,verified_local_archive
15,757BB5,63,https://oge.fipi.ru/bank/questions.php?proj=DE0E276E497AB3784C3FC4CC20248DC0&page=63&pagesize=10#q757BB5,https://oge.fipi.ru/bank/questions.php?proj=DE0E276E497AB3784C3FC4CC20248DC0&page=63#q757BB5,verified_local_archive
15,B800B8,64,https://oge.fipi.ru/bank/questions.php?proj=DE0E276E497AB3784C3FC4CC20248DC0&page=64&pagesize=10#qB800B8,https://oge.fipi.ru/bank/questions.php?proj=DE0E276E497AB3784C3FC4CC20248DC0&page=64#qB800B8,verified_local_archive
15,1EB6B0,64,https://oge.fipi.ru/bank/questions.php?proj=DE0E276E497AB3784C3FC4CC20248DC0&page=64&pagesize=10#q1EB6B0,https://oge.fipi.ru/bank/questions.php?proj=DE0E276E497AB3784C3FC4CC20248DC0&page=64#q1EB6B0,verified_local_archive
15,1A37BC,65,https://oge.fipi.ru/bank/questions.php?proj=DE0E276E497AB3784C3FC4CC20248DC0&page=65&pagesize=10#q1A37BC,https://oge.fipi.ru/bank/questions.php?proj=DE0E276E497AB3784C3FC4CC20248DC0&page=65#q1A37BC,verified_local_archive
15,116AB8,65,https://oge.fipi.ru/bank/questions.php?proj=DE0E276E497AB3784C3FC4CC20248DC0&page=65&pagesize=10#q116AB8,https://oge.fipi.ru/bank/questions.php?proj=DE0E276E497AB3784C3FC4CC20248DC0&page=65#q116AB8,verified_local_archive
15,2889B5,66,https://oge.fipi.ru/bank/questions.php?proj=DE0E276E497AB3784C3FC4CC20248DC0&page=66&pagesize=10#q2889B5,https://oge.fipi.ru/bank/questions.php?proj=DE0E276E497AB3784C3FC4CC20248DC0&page=66#q2889B5,verified_local_archive
15,5F6CB3,68,https://oge.fipi.ru/bank/questions.php?proj=DE0E276E497AB3784C3FC4CC20248DC0&page=68&pagesize=10#q5F6CB3,https://oge.fipi.ru/bank/questions.php?proj=DE0E276E497AB3784C3FC4CC20248DC0&page=68#q5F6CB3,verified_local_archive
15,A911BB,68,https://oge.fipi.ru/bank/questions.php?proj=DE0E276E497AB3784C3FC4CC20248DC0&page=68&pagesize=10#qA911BB,https://oge.fipi.ru/bank/questions.php?proj=DE0E276E497AB3784C3FC4CC20248DC0&page=68#qA911BB,verified_local_archive
15,C200BE,69,https://oge.fipi.ru/bank/questions.php?proj=DE0E276E497AB3784C3FC4CC20248DC0&page=69&pagesize=10#qC200BE,https://oge.fipi.ru/bank/questions.php?proj=DE0E276E497AB3784C3FC4CC20248DC0&page=69#qC200BE,verified_local_archive
15,97C0BA,70,https://oge.fipi.ru/bank/questions.php?proj=DE0E276E497AB3784C3FC4CC20248DC0&page=70&pagesize=10#q97C0BA,https://oge.fipi.ru/bank/questions.php?proj=DE0E276E497AB3784C3FC4CC20248DC0&page=70#q97C0BA,verified_local_archive
15,987BBE,70,https://oge.fipi.ru/bank/questions.php?proj=DE0E276E497AB3784C3FC4CC20248DC0&page=70&pagesize=10#q987BBE,https://oge.fipi.ru/bank/questions.php?proj=DE0E276E497AB3784C3FC4CC20248DC0&page=70#q987BBE,verified_local_archive
15,E568B1,71,https://oge.fipi.ru/bank/questions.php?proj=DE0E276E497AB3784C3FC4CC20248DC0&page=71&pagesize=10#qE568B1,https://oge.fipi.ru/bank/questions.php?proj=DE0E276E497AB3784C3FC4CC20248DC0&page=71#qE568B1,verified_local_archive
15,4BF51E,73,https://oge.fipi.ru/bank/questions.php?proj=DE0E276E497AB3784C3FC4CC20248DC0&page=73&pagesize=10#q4BF51E,https://oge.fipi.ru/bank/questions.php?proj=DE0E276E497AB3784C3FC4CC20248DC0&page=73#q4BF51E,verified_local_archive
15,F35611,74,https://oge.fipi.ru/bank/questions.php?proj=DE0E276E497AB3784C3FC4CC20248DC0&page=74&pagesize=10#qF35611,https://oge.fipi.ru/bank/questions.php?proj=DE0E276E497AB3784C3FC4CC20248DC0&page=74#qF35611,verified_local_archive
15,0DA313,75,https://oge.fipi.ru/bank/questions.php?proj=DE0E276E497AB3784C3FC4CC20248DC0&page=75&pagesize=10#q0DA313,https://oge.fipi.ru/bank/questions.php?proj=DE0E276E497AB3784C3FC4CC20248DC0&page=75#q0DA313,verified_local_archive
15,79A610,75,https://oge.fipi.ru/bank/questions.php?proj=DE0E276E497AB3784C3FC4CC20248DC0&page=75&pagesize=10#q79A610,https://oge.fipi.ru/bank/questions.php?proj=DE0E276E497AB3784C3FC4CC20248DC0&page=75#q79A610,verified_local_archive
15,1DFD1B,78,https://oge.fipi.ru/bank/questions.php?proj=DE0E276E497AB3784C3FC4CC20248DC0&page=78&pagesize=10#q1DFD1B,https://oge.fipi.ru/bank/questions.php?proj=DE0E276E497AB3784C3FC4CC20248DC0&page=78#q1DFD1B,verified_local_archive
15,11BB1D,78,https://oge.fipi.ru/bank/questions.php?proj=DE0E276E497AB3784C3FC4CC20248DC0&page=78&pagesize=10#q11BB1D,https://oge.fipi.ru/bank/questions.php?proj=DE0E276E497AB3784C3FC4CC20248DC0&page=78#q11BB1D,verified_local_archive
15,1BBB13,79,https://oge.fipi.ru/bank/questions.php?proj=DE0E276E497AB3784C3FC4CC20248DC0&page=79&pagesize=10#q1BBB13,https://oge.fipi.ru/bank/questions.php?proj=DE0E276E497AB3784C3FC4CC20248DC0&page=79#q1BBB13,verified_local_archive
15,1B8713,79,https://oge.fipi.ru/bank/questions.php?proj=DE0E276E497AB3784C3FC4CC20248DC0&page=79&pagesize=10#q1B8713,https://oge.fipi.ru/bank/questions.php?proj=DE0E276E497AB3784C3FC4CC20248DC0&page=79#q1B8713,verified_local_archive
15,15F118,79,https://oge.fipi.ru/bank/questions.php?proj=DE0E276E497AB3784C3FC4CC20248DC0&page=79&pagesize=10#q15F118,https://oge.fipi.ru/bank/questions.php?proj=DE0E276E497AB3784C3FC4CC20248DC0&page=79#q15F118,verified_local_archive
15,14A018,79,https://oge.fipi.ru/bank/questions.php?proj=DE0E276E497AB3784C3FC4CC20248DC0&page=79&pagesize=10#q14A018,https://oge.fipi.ru/bank/questions.php?proj=DE0E276E497AB3784C3FC4CC20248DC0&page=79#q14A018,verified_local_archive
15,22C21A,80,https://oge.fipi.ru/bank/questions.php?proj=DE0E276E497AB3784C3FC4CC20248DC0&page=80&pagesize=10#q22C21A,https://oge.fipi.ru/bank/questions.php?proj=DE0E276E497AB3784C3FC4CC20248DC0&page=80#q22C21A,verified_local_archive
15,D8DE10,80,https://oge.fipi.ru/bank/questions.php?proj=DE0E276E497AB3784C3FC4CC20248DC0&page=80&pagesize=10#qD8DE10,https://oge.fipi.ru/bank/questions.php?proj=DE0E276E497AB3784C3FC4CC20248DC0&page=80#qD8DE10,verified_local_archive
15,DC9E1D,81,https://oge.fipi.ru/bank/questions.php?proj=DE0E276E497AB3784C3FC4CC20248DC0&page=81&pagesize=10#qDC9E1D,https://oge.fipi.ru/bank/questions.php?proj=DE0E276E497AB3784C3FC4CC20248DC0&page=81#qDC9E1D,verified_local_archive
15,A35B10,82,https://oge.fipi.ru/bank/questions.php?proj=DE0E276E497AB3784C3FC4CC20248DC0&page=82&pagesize=10#qA35B10,https://oge.fipi.ru/bank/questions.php?proj=DE0E276E497AB3784C3FC4CC20248DC0&page=82#qA35B10,verified_local_archive
15,AF7118,82,https://oge.fipi.ru/bank/questions.php?proj=DE0E276E497AB3784C3FC4CC20248DC0&page=82&pagesize=10#qAF7118,https://oge.fipi.ru/bank/questions.php?proj=DE0E276E497AB3784C3FC4CC20248DC0&page=82#qAF7118,verified_local_archive
15,C33E1D,83,https://oge.fipi.ru/bank/questions.php?proj=DE0E276E497AB3784C3FC4CC20248DC0&page=83&pagesize=10#qC33E1D,https://oge.fipi.ru/bank/questions.php?proj=DE0E276E497AB3784C3FC4CC20248DC0&page=83#qC33E1D,verified_local_archive
15,C5CD1E,83,https://oge.fipi.ru/bank/questions.php?proj=DE0E276E497AB3784C3FC4CC20248DC0&page=83&pagesize=10#qC5CD1E,https://oge.fipi.ru/bank/questions.php?proj=DE0E276E497AB3784C3FC4CC20248DC0&page=83#qC5CD1E,verified_local_archive
15,EF0911,85,https://oge.fipi.ru/bank/questions.php?proj=DE0E276E497AB3784C3FC4CC20248DC0&page=85&pagesize=10#qEF0911,https://oge.fipi.ru/bank/questions.php?proj=DE0E276E497AB3784C3FC4CC20248DC0&page=85#qEF0911,verified_local_archive
15,E2F916,85,https://oge.fipi.ru/bank/questions.php?proj=DE0E276E497AB3784C3FC4CC20248DC0&page=85&pagesize=10#qE2F916,https://oge.fipi.ru/bank/questions.php?proj=DE0E276E497AB3784C3FC4CC20248DC0&page=85#qE2F916,verified_local_archive
15,6D0B15,86,https://oge.fipi.ru/bank/questions.php?proj=DE0E276E497AB3784C3FC4CC20248DC0&page=86&pagesize=10#q6D0B15,https://oge.fipi.ru/bank/questions.php?proj=DE0E276E497AB3784C3FC4CC20248DC0&page=86#q6D0B15,verified_local_archive
15,6E5515,86,https://oge.fipi.ru/bank/questions.php?proj=DE0E276E497AB3784C3FC4CC20248DC0&page=86&pagesize=10#q6E5515,https://oge.fipi.ru/bank/questions.php?proj=DE0E276E497AB3784C3FC4CC20248DC0&page=86#q6E5515,verified_local_archive
15,33F315,87,https://oge.fipi.ru/bank/questions.php?proj=DE0E276E497AB3784C3FC4CC20248DC0&page=87&pagesize=10#q33F315,https://oge.fipi.ru/bank/questions.php?proj=DE0E276E497AB3784C3FC4CC20248DC0&page=87#q33F315,verified_local_archive
15,421524,89,https://oge.fipi.ru/bank/questions.php?proj=DE0E276E497AB3784C3FC4CC20248DC0&page=89&pagesize=10#q421524,https://oge.fipi.ru/bank/questions.php?proj=DE0E276E497AB3784C3FC4CC20248DC0&page=89#q421524,verified_local_archive
15,4C1E2E,90,https://oge.fipi.ru/bank/questions.php?proj=DE0E276E497AB3784C3FC4CC20248DC0&page=90&pagesize=10#q4C1E2E,https://oge.fipi.ru/bank/questions.php?proj=DE0E276E497AB3784C3FC4CC20248DC0&page=90#q4C1E2E,verified_local_archive
15,F6882F,90,https://oge.fipi.ru/bank/questions.php?proj=DE0E276E497AB3784C3FC4CC20248DC0&page=90&pagesize=10#qF6882F,https://oge.fipi.ru/bank/questions.php?proj=DE0E276E497AB3784C3FC4CC20248DC0&page=90#qF6882F,verified_local_archive
15,7BFD23,93,https://oge.fipi.ru/bank/questions.php?proj=DE0E276E497AB3784C3FC4CC20248DC0&page=93&pagesize=10#q7BFD23,https://oge.fipi.ru/bank/questions.php?proj=DE0E276E497AB3784C3FC4CC20248DC0&page=93#q7BFD23,verified_local_archive
15,B45622,94,https://oge.fipi.ru/bank/questions.php?proj=DE0E276E497AB3784C3FC4CC20248DC0&page=94&pagesize=10#qB45622,https://oge.fipi.ru/bank/questions.php?proj=DE0E276E497AB3784C3FC4CC20248DC0&page=94#qB45622,verified_local_archive
15,1D9426,96,https://oge.fipi.ru/bank/questions.php?proj=DE0E276E497AB3784C3FC4CC20248DC0&page=96&pagesize=10#q1D9426,https://oge.fipi.ru/bank/questions.php?proj=DE0E276E497AB3784C3FC4CC20248DC0&page=96#q1D9426,verified_local_archive
15,2C2621,96,https://oge.fipi.ru/bank/questions.php?proj=DE0E276E497AB3784C3FC4CC20248DC0&page=96&pagesize=10#q2C2621,https://oge.fipi.ru/bank/questions.php?proj=DE0E276E497AB3784C3FC4CC20248DC0&page=96#q2C2621,verified_local_archive
15,26C62D,96,https://oge.fipi.ru/bank/questions.php?proj=DE0E276E497AB3784C3FC4CC20248DC0&page=96&pagesize=10#q26C62D,https://oge.fipi.ru/bank/questions.php?proj=DE0E276E497AB3784C3FC4CC20248DC0&page=96#q26C62D,verified_local_archive
15,20402C,96,https://oge.fipi.ru/bank/questions.php?proj=DE0E276E497AB3784C3FC4CC20248DC0&page=96&pagesize=10#q20402C,https://oge.fipi.ru/bank/questions.php?proj=DE0E276E497AB3784C3FC4CC20248DC0&page=96#q20402C,verified_local_archive
15,D5802A,97,https://oge.fipi.ru/bank/questions.php?proj=DE0E276E497AB3784C3FC4CC20248DC0&page=97&pagesize=10#qD5802A,https://oge.fipi.ru/bank/questions.php?proj=DE0E276E497AB3784C3FC4CC20248DC0&page=97#qD5802A,verified_local_archive
15,50022C,98,https://oge.fipi.ru/bank/questions.php?proj=DE0E276E497AB3784C3FC4CC20248DC0&page=98&pagesize=10#q50022C,https://oge.fipi.ru/bank/questions.php?proj=DE0E276E497AB3784C3FC4CC20248DC0&page=98#q50022C,verified_local_archive
15,C5592F,100,https://oge.fipi.ru/bank/questions.php?proj=DE0E276E497AB3784C3FC4CC20248DC0&page=100&pagesize=10#qC5592F,https://oge.fipi.ru/bank/questions.php?proj=DE0E276E497AB3784C3FC4CC20248DC0&page=100#qC5592F,verified_local_archive
15,CA8E29,100,https://oge.fipi.ru/bank/questions.php?proj=DE0E276E497AB3784C3FC4CC20248DC0&page=100&pagesize=10#qCA8E29,https://oge.fipi.ru/bank/questions.php?proj=DE0E276E497AB3784C3FC4CC20248DC0&page=100#qCA8E29,verified_local_archive
15,98F32B,101,https://oge.fipi.ru/bank/questions.php?proj=DE0E276E497AB3784C3FC4CC20248DC0&page=101&pagesize=10#q98F32B,https://oge.fipi.ru/bank/questions.php?proj=DE0E276E497AB3784C3FC4CC20248DC0&page=101#q98F32B,verified_local_archive
15,98EE2C,102,https://oge.fipi.ru/bank/questions.php?proj=DE0E276E497AB3784C3FC4CC20248DC0&page=102&pagesize=10#q98EE2C,https://oge.fipi.ru/bank/questions.php?proj=DE0E276E497AB3784C3FC4CC20248DC0&page=102#q98EE2C,verified_local_archive
15,E65720,102,https://oge.fipi.ru/bank/questions.php?proj=DE0E276E497AB3784C3FC4CC20248DC0&page=102&pagesize=10#qE65720,https://oge.fipi.ru/bank/questions.php?proj=DE0E276E497AB3784C3FC4CC20248DC0&page=102#qE65720,verified_local_archive
15,6B712D,103,https://oge.fipi.ru/bank/questions.php?proj=DE0E276E497AB3784C3FC4CC20248DC0&page=103&pagesize=10#q6B712D,https://oge.fipi.ru/bank/questions.php?proj=DE0E276E497AB3784C3FC4CC20248DC0&page=103#q6B712D,verified_local_archive
15,3CF02F,104,https://oge.fipi.ru/bank/questions.php?proj=DE0E276E497AB3784C3FC4CC20248DC0&page=104&pagesize=10#q3CF02F,https://oge.fipi.ru/bank/questions.php?proj=DE0E276E497AB3784C3FC4CC20248DC0&page=104#q3CF02F,verified_local_archive
15,38EF21,104,https://oge.fipi.ru/bank/questions.php?proj=DE0E276E497AB3784C3FC4CC20248DC0&page=104&pagesize=10#q38EF21,https://oge.fipi.ru/bank/questions.php?proj=DE0E276E497AB3784C3FC4CC20248DC0&page=104#q38EF21,verified_local_archive
15,33DA26,104,https://oge.fipi.ru/bank/questions.php?proj=DE0E276E497AB3784C3FC4CC20248DC0&page=104&pagesize=10#q33DA26,https://oge.fipi.ru/bank/questions.php?proj=DE0E276E497AB3784C3FC4CC20248DC0&page=104#q33DA26,verified_local_archive
15,87FC25,105,https://oge.fipi.ru/bank/questions.php?proj=DE0E276E497AB3784C3FC4CC20248DC0&page=105&pagesize=10#q87FC25,https://oge.fipi.ru/bank/questions.php?proj=DE0E276E497AB3784C3FC4CC20248DC0&page=105#q87FC25,verified_local_archive
15,4FF4DF,105,https://oge.fipi.ru/bank/questions.php?proj=DE0E276E497AB3784C3FC4CC20248DC0&page=105&pagesize=10#q4FF4DF,https://oge.fipi.ru/bank/questions.php?proj=DE0E276E497AB3784C3FC4CC20248DC0&page=105#q4FF4DF,verified_local_archive
15,46D9DF,105,https://oge.fipi.ru/bank/questions.php?proj=DE0E276E497AB3784C3FC4CC20248DC0&page=105&pagesize=10#q46D9DF,https://oge.fipi.ru/bank/questions.php?proj=DE0E276E497AB3784C3FC4CC20248DC0&page=105#q46D9DF,verified_local_archive
15,0663D4,107,https://oge.fipi.ru/bank/questions.php?proj=DE0E276E497AB3784C3FC4CC20248DC0&page=107&pagesize=10#q0663D4,https://oge.fipi.ru/bank/questions.php?proj=DE0E276E497AB3784C3FC4CC20248DC0&page=107#q0663D4,verified_local_archive
15,BD7DDF,108,https://oge.fipi.ru/bank/questions.php?proj=DE0E276E497AB3784C3FC4CC20248DC0&page=108&pagesize=10#qBD7DDF,https://oge.fipi.ru/bank/questions.php?proj=DE0E276E497AB3784C3FC4CC20248DC0&page=108#qBD7DDF,verified_local_archive
15,1E12D2,110,https://oge.fipi.ru/bank/questions.php?proj=DE0E276E497AB3784C3FC4CC20248DC0&page=110&pagesize=10#q1E12D2,https://oge.fipi.ru/bank/questions.php?proj=DE0E276E497AB3784C3FC4CC20248DC0&page=110#q1E12D2,verified_local_archive
15,1893DC,110,https://oge.fipi.ru/bank/questions.php?proj=DE0E276E497AB3784C3FC4CC20248DC0&page=110&pagesize=10#q1893DC,https://oge.fipi.ru/bank/questions.php?proj=DE0E276E497AB3784C3FC4CC20248DC0&page=110#q1893DC,verified_local_archive
15,2B00D0,110,https://oge.fipi.ru/bank/questions.php?proj=DE0E276E497AB3784C3FC4CC20248DC0&page=110&pagesize=10#q2B00D0,https://oge.fipi.ru/bank/questions.php?proj=DE0E276E497AB3784C3FC4CC20248DC0&page=110#q2B00D0,verified_local_archive
15,D4ECD4,111,https://oge.fipi.ru/bank/questions.php?proj=DE0E276E497AB3784C3FC4CC20248DC0&page=111&pagesize=10#qD4ECD4,https://oge.fipi.ru/bank/questions.php?proj=DE0E276E497AB3784C3FC4CC20248DC0&page=111#qD4ECD4,verified_local_archive
15,D544D6,112,https://oge.fipi.ru/bank/questions.php?proj=DE0E276E497AB3784C3FC4CC20248DC0&page=112&pagesize=10#qD544D6,https://oge.fipi.ru/bank/questions.php?proj=DE0E276E497AB3784C3FC4CC20248DC0&page=112#qD544D6,verified_local_archive
15,50A4DC,113,https://oge.fipi.ru/bank/questions.php?proj=DE0E276E497AB3784C3FC4CC20248DC0&page=113&pagesize=10#q50A4DC,https://oge.fipi.ru/bank/questions.php?proj=DE0E276E497AB3784C3FC4CC20248DC0&page=113#q50A4DC,verified_local_archive
15,CC5DD4,114,https://oge.fipi.ru/bank/questions.php?proj=DE0E276E497AB3784C3FC4CC20248DC0&page=114&pagesize=10#qCC5DD4,https://oge.fipi.ru/bank/questions.php?proj=DE0E276E497AB3784C3FC4CC20248DC0&page=114#qCC5DD4,verified_local_archive
15,98C7DF,115,https://oge.fipi.ru/bank/questions.php?proj=DE0E276E497AB3784C3FC4CC20248DC0&page=115&pagesize=10#q98C7DF,https://oge.fipi.ru/bank/questions.php?proj=DE0E276E497AB3784C3FC4CC20248DC0&page=115#q98C7DF,verified_local_archive
15,E43EDE,116,https://oge.fipi.ru/bank/questions.php?proj=DE0E276E497AB3784C3FC4CC20248DC0&page=116&pagesize=10#qE43EDE,https://oge.fipi.ru/bank/questions.php?proj=DE0E276E497AB3784C3FC4CC20248DC0&page=116#qE43EDE,verified_local_archive
15,EF04D8,116,https://oge.fipi.ru/bank/questions.php?proj=DE0E276E497AB3784C3FC4CC20248DC0&page=116&pagesize=10#qEF04D8,https://oge.fipi.ru/bank/questions.php?proj=DE0E276E497AB3784C3FC4CC20248DC0&page=116#qEF04D8,verified_local_archive
15,6B1EDE,117,https://oge.fipi.ru/bank/questions.php?proj=DE0E276E497AB3784C3FC4CC20248DC0&page=117&pagesize=10#q6B1EDE,https://oge.fipi.ru/bank/questions.php?proj=DE0E276E497AB3784C3FC4CC20248DC0&page=117#q6B1EDE,verified_local_archive
15,36ECD2,117,https://oge.fipi.ru/bank/questions.php?proj=DE0E276E497AB3784C3FC4CC20248DC0&page=117&pagesize=10#q36ECD2,https://oge.fipi.ru/bank/questions.php?proj=DE0E276E497AB3784C3FC4CC20248DC0&page=117#q36ECD2,verified_local_archive
15,43135F,119,https://oge.fipi.ru/bank/questions.php?proj=DE0E276E497AB3784C3FC4CC20248DC0&page=119&pagesize=10#q43135F,https://oge.fipi.ru/bank/questions.php?proj=DE0E276E497AB3784C3FC4CC20248DC0&page=119#q43135F,verified_local_archive
15,0EB756,121,https://oge.fipi.ru/bank/questions.php?proj=DE0E276E497AB3784C3FC4CC20248DC0&page=121&pagesize=10#q0EB756,https://oge.fipi.ru/bank/questions.php?proj=DE0E276E497AB3784C3FC4CC20248DC0&page=121#q0EB756,verified_local_archive
15,7A4858,122,https://oge.fipi.ru/bank/questions.php?proj=DE0E276E497AB3784C3FC4CC20248DC0&page=122&pagesize=10#q7A4858,https://oge.fipi.ru/bank/questions.php?proj=DE0E276E497AB3784C3FC4CC20248DC0&page=122#q7A4858,verified_local_archive
15,14C45C,123,https://oge.fipi.ru/bank/questions.php?proj=DE0E276E497AB3784C3FC4CC20248DC0&page=123&pagesize=10#q14C45C,https://oge.fipi.ru/bank/questions.php?proj=DE0E276E497AB3784C3FC4CC20248DC0&page=123#q14C45C,verified_local_archive
15,249757,124,https://oge.fipi.ru/bank/questions.php?proj=DE0E276E497AB3784C3FC4CC20248DC0&page=124&pagesize=10#q249757,https://oge.fipi.ru/bank/questions.php?proj=DE0E276E497AB3784C3FC4CC20248DC0&page=124#q249757,verified_local_archive
15,D9FB5F,124,https://oge.fipi.ru/bank/questions.php?proj=DE0E276E497AB3784C3FC4CC20248DC0&page=124&pagesize=10#qD9FB5F,https://oge.fipi.ru/bank/questions.php?proj=DE0E276E497AB3784C3FC4CC20248DC0&page=124#qD9FB5F,verified_local_archive
15,DBFC5D,125,https://oge.fipi.ru/bank/questions.php?proj=DE0E276E497AB3784C3FC4CC20248DC0&page=125&pagesize=10#qDBFC5D,https://oge.fipi.ru/bank/questions.php?proj=DE0E276E497AB3784C3FC4CC20248DC0&page=125#qDBFC5D,verified_local_archive
15,510B5D,126,https://oge.fipi.ru/bank/questions.php?proj=DE0E276E497AB3784C3FC4CC20248DC0&page=126&pagesize=10#q510B5D,https://oge.fipi.ru/bank/questions.php?proj=DE0E276E497AB3784C3FC4CC20248DC0&page=126#q510B5D,verified_local_archive
15,521C5A,126,https://oge.fipi.ru/bank/questions.php?proj=DE0E276E497AB3784C3FC4CC20248DC0&page=126&pagesize=10#q521C5A,https://oge.fipi.ru/bank/questions.php?proj=DE0E276E497AB3784C3FC4CC20248DC0&page=126#q521C5A,verified_local_archive
15,564758,126,https://oge.fipi.ru/bank/questions.php?proj=DE0E276E497AB3784C3FC4CC20248DC0&page=126&pagesize=10#q564758,https://oge.fipi.ru/bank/questions.php?proj=DE0E276E497AB3784C3FC4CC20248DC0&page=126#q564758,verified_local_archive
15,ABDD54,126,https://oge.fipi.ru/bank/questions.php?proj=DE0E276E497AB3784C3FC4CC20248DC0&page=126&pagesize=10#qABDD54,https://oge.fipi.ru/bank/questions.php?proj=DE0E276E497AB3784C3FC4CC20248DC0&page=126#qABDD54,verified_local_archive
15,A97C55,127,https://oge.fipi.ru/bank/questions.php?proj=DE0E276E497AB3784C3FC4CC20248DC0&page=127&pagesize=10#qA97C55,https://oge.fipi.ru/bank/questions.php?proj=DE0E276E497AB3784C3FC4CC20248DC0&page=127#qA97C55,verified_local_archive
15,CB2956,128,https://oge.fipi.ru/bank/questions.php?proj=DE0E276E497AB3784C3FC4CC20248DC0&page=128&pagesize=10#qCB2956,https://oge.fipi.ru/bank/questions.php?proj=DE0E276E497AB3784C3FC4CC20248DC0&page=128#qCB2956,verified_local_archive
15,C18053,128,https://oge.fipi.ru/bank/questions.php?proj=DE0E276E497AB3784C3FC4CC20248DC0&page=128&pagesize=10#qC18053,https://oge.fipi.ru/bank/questions.php?proj=DE0E276E497AB3784C3FC4CC20248DC0&page=128#qC18053,verified_local_archive
15,632955,130,https://oge.fipi.ru/bank/questions.php?proj=DE0E276E497AB3784C3FC4CC20248DC0&page=130&pagesize=10#q632955,https://oge.fipi.ru/bank/questions.php?proj=DE0E276E497AB3784C3FC4CC20248DC0&page=130#q632955,verified_local_archive
15,354F50,131,https://oge.fipi.ru/bank/questions.php?proj=DE0E276E497AB3784C3FC4CC20248DC0&page=131&pagesize=10#q354F50,https://oge.fipi.ru/bank/questions.php?proj=DE0E276E497AB3784C3FC4CC20248DC0&page=131#q354F50,verified_local_archive
15,80A959,132,https://oge.fipi.ru/bank/questions.php?proj=DE0E276E497AB3784C3FC4CC20248DC0&page=132&pagesize=10#q80A959,https://oge.fipi.ru/bank/questions.php?proj=DE0E276E497AB3784C3FC4CC20248DC0&page=132#q80A959,verified_local_archive
15,898058,133,https://oge.fipi.ru/bank/questions.php?proj=DE0E276E497AB3784C3FC4CC20248DC0&page=133&pagesize=10#q898058,https://oge.fipi.ru/bank/questions.php?proj=DE0E276E497AB3784C3FC4CC20248DC0&page=133#q898058,verified_local_archive
15,4D64A2,133,https://oge.fipi.ru/bank/questions.php?proj=DE0E276E497AB3784C3FC4CC20248DC0&page=133&pagesize=10#q4D64A2,https://oge.fipi.ru/bank/questions.php?proj=DE0E276E497AB3784C3FC4CC20248DC0&page=133#q4D64A2,verified_local_archive
15,F594AC,134,https://oge.fipi.ru/bank/questions.php?proj=DE0E276E497AB3784C3FC4CC20248DC0&page=134&pagesize=10#qF594AC,https://oge.fipi.ru/bank/questions.php?proj=DE0E276E497AB3784C3FC4CC20248DC0&page=134#qF594AC,verified_local_archive
15,0E7DA8,135,https://oge.fipi.ru/bank/questions.php?proj=DE0E276E497AB3784C3FC4CC20248DC0&page=135&pagesize=10#q0E7DA8,https://oge.fipi.ru/bank/questions.php?proj=DE0E276E497AB3784C3FC4CC20248DC0&page=135#q0E7DA8,verified_local_archive
15,73E3A7,135,https://oge.fipi.ru/bank/questions.php?proj=DE0E276E497AB3784C3FC4CC20248DC0&page=135&pagesize=10#q73E3A7,https://oge.fipi.ru/bank/questions.php?proj=DE0E276E497AB3784C3FC4CC20248DC0&page=135#q73E3A7,verified_local_archive
15,1276A8,138,https://oge.fipi.ru/bank/questions.php?proj=DE0E276E497AB3784C3FC4CC20248DC0&page=138&pagesize=10#q1276A8,https://oge.fipi.ru/bank/questions.php?proj=DE0E276E497AB3784C3FC4CC20248DC0&page=138#q1276A8,verified_local_archive
15,A915AF,140,https://oge.fipi.ru/bank/questions.php?proj=DE0E276E497AB3784C3FC4CC20248DC0&page=140&pagesize=10#qA915AF,https://oge.fipi.ru/bank/questions.php?proj=DE0E276E497AB3784C3FC4CC20248DC0&page=140#qA915AF,verified_local_archive
15,C7A2A0,141,https://oge.fipi.ru/bank/questions.php?proj=DE0E276E497AB3784C3FC4CC20248DC0&page=141&pagesize=10#qC7A2A0,https://oge.fipi.ru/bank/questions.php?proj=DE0E276E497AB3784C3FC4CC20248DC0&page=141#qC7A2A0,verified_local_archive
15,E29AAA,142,https://oge.fipi.ru/bank/questions.php?proj=DE0E276E497AB3784C3FC4CC20248DC0&page=142&pagesize=10#qE29AAA,https://oge.fipi.ru/bank/questions.php?proj=DE0E276E497AB3784C3FC4CC20248DC0&page=142#qE29AAA,verified_local_archive
15,60B4A9,143,https://oge.fipi.ru/bank/questions.php?proj=DE0E276E497AB3784C3FC4CC20248DC0&page=143&pagesize=10#q60B4A9,https://oge.fipi.ru/bank/questions.php?proj=DE0E276E497AB3784C3FC4CC20248DC0&page=143#q60B4A9,verified_local_archive
15,3F99AC,144,https://oge.fipi.ru/bank/questions.php?proj=DE0E276E497AB3784C3FC4CC20248DC0&page=144&pagesize=10#q3F99AC,https://oge.fipi.ru/bank/questions.php?proj=DE0E276E497AB3784C3FC4CC20248DC0&page=144#q3F99AC,verified_local_archive
15,8993A6,145,https://oge.fipi.ru/bank/questions.php?proj=DE0E276E497AB3784C3FC4CC20248DC0&page=145&pagesize=10#q8993A6,https://oge.fipi.ru/bank/questions.php?proj=DE0E276E497AB3784C3FC4CC20248DC0&page=145#q8993A6,verified_local_archive
15,8854A8,145,https://oge.fipi.ru/bank/questions.php?proj=DE0E276E497AB3784C3FC4CC20248DC0&page=145&pagesize=10#q8854A8,https://oge.fipi.ru/bank/questions.php?proj=DE0E276E497AB3784C3FC4CC20248DC0&page=145#q8854A8,verified_local_archive
15,FA57C4,146,https://oge.fipi.ru/bank/questions.php?proj=DE0E276E497AB3784C3FC4CC20248DC0&page=146&pagesize=10#qFA57C4,https://oge.fipi.ru/bank/questions.php?proj=DE0E276E497AB3784C3FC4CC20248DC0&page=146#qFA57C4,verified_local_archive
15,F145C7,147,https://oge.fipi.ru/bank/questions.php?proj=DE0E276E497AB3784C3FC4CC20248DC0&page=147&pagesize=10#qF145C7,https://oge.fipi.ru/bank/questions.php?proj=DE0E276E497AB3784C3FC4CC20248DC0&page=147#qF145C7,verified_local_archive
15,0A21C6,148,https://oge.fipi.ru/bank/questions.php?proj=DE0E276E497AB3784C3FC4CC20248DC0&page=148&pagesize=10#q0A21C6,https://oge.fipi.ru/bank/questions.php?proj=DE0E276E497AB3784C3FC4CC20248DC0&page=148#q0A21C6,verified_local_archive
15,2871C3,152,https://oge.fipi.ru/bank/questions.php?proj=DE0E276E497AB3784C3FC4CC20248DC0&page=152&pagesize=10#q2871C3,https://oge.fipi.ru/bank/questions.php?proj=DE0E276E497AB3784C3FC4CC20248DC0&page=152#q2871C3,verified_local_archive
15,52D8C1,153,https://oge.fipi.ru/bank/questions.php?proj=DE0E276E497AB3784C3FC4CC20248DC0&page=153&pagesize=10#q52D8C1,https://oge.fipi.ru/bank/questions.php?proj=DE0E276E497AB3784C3FC4CC20248DC0&page=153#q52D8C1,verified_local_archive
15,C3EEC0,154,https://oge.fipi.ru/bank/questions.php?proj=DE0E276E497AB3784C3FC4CC20248DC0&page=154&pagesize=10#qC3EEC0,https://oge.fipi.ru/bank/questions.php?proj=DE0E276E497AB3784C3FC4CC20248DC0&page=154#qC3EEC0,verified_local_archive
15,CDC6C7,154,https://oge.fipi.ru/bank/questions.php?proj=DE0E276E497AB3784C3FC4CC20248DC0&page=154&pagesize=10#qCDC6C7,https://oge.fipi.ru/bank/questions.php?proj=DE0E276E497AB3784C3FC4CC20248DC0&page=154#qCDC6C7,verified_local_archive
15,C759C5,155,https://oge.fipi.ru/bank/questions.php?proj=DE0E276E497AB3784C3FC4CC20248DC0&page=155&pagesize=10#qC759C5,https://oge.fipi.ru/bank/questions.php?proj=DE0E276E497AB3784C3FC4CC20248DC0&page=155#qC759C5,verified_local_archive
15,EF47C9,156,https://oge.fipi.ru/bank/questions.php?proj=DE0E276E497AB3784C3FC4CC20248DC0&page=156&pagesize=10#qEF47C9,https://oge.fipi.ru/bank/questions.php?proj=DE0E276E497AB3784C3FC4CC20248DC0&page=156#qEF47C9,verified_local_archive
15,E812C8,157,https://oge.fipi.ru/bank/questions.php?proj=DE0E276E497AB3784C3FC4CC20248DC0&page=157&pagesize=10#qE812C8,https://oge.fipi.ru/bank/questions.php?proj=DE0E276E497AB3784C3FC4CC20248DC0&page=157#qE812C8,verified_local_archive
15,F7649E,161,https://oge.fipi.ru/bank/questions.php?proj=DE0E276E497AB3784C3FC4CC20248DC0&page=161&pagesize=10#qF7649E,https://oge.fipi.ru/bank/questions.php?proj=DE0E276E497AB3784C3FC4CC20248DC0&page=161#qF7649E,verified_local_archive
15,060099,162,https://oge.fipi.ru/bank/questions.php?proj=DE0E276E497AB3784C3FC4CC20248DC0&page=162&pagesize=10#q060099,https://oge.fipi.ru/bank/questions.php?proj=DE0E276E497AB3784C3FC4CC20248DC0&page=162#q060099,verified_local_archive
15,7BF396,162,https://oge.fipi.ru/bank/questions.php?proj=DE0E276E497AB3784C3FC4CC20248DC0&page=162&pagesize=10#q7BF396,https://oge.fipi.ru/bank/questions.php?proj=DE0E276E497AB3784C3FC4CC20248DC0&page=162#q7BF396,verified_local_archive
15,17189A,164,https://oge.fipi.ru/bank/questions.php?proj=DE0E276E497AB3784C3FC4CC20248DC0&page=164&pagesize=10#q17189A,https://oge.fipi.ru/bank/questions.php?proj=DE0E276E497AB3784C3FC4CC20248DC0&page=164#q17189A,verified_local_archive
15,D58395,166,https://oge.fipi.ru/bank/questions.php?proj=DE0E276E497AB3784C3FC4CC20248DC0&page=166&pagesize=10#qD58395,https://oge.fipi.ru/bank/questions.php?proj=DE0E276E497AB3784C3FC4CC20248DC0&page=166#qD58395,verified_local_archive
15,A74393,167,https://oge.fipi.ru/bank/questions.php?proj=DE0E276E497AB3784C3FC4CC20248DC0&page=167&pagesize=10#qA74393,https://oge.fipi.ru/bank/questions.php?proj=DE0E276E497AB3784C3FC4CC20248DC0&page=167#qA74393,verified_local_archive
15,CD3F90,167,https://oge.fipi.ru/bank/questions.php?proj=DE0E276E497AB3784C3FC4CC20248DC0&page=167&pagesize=10#qCD3F90,https://oge.fipi.ru/bank/questions.php?proj=DE0E276E497AB3784C3FC4CC20248DC0&page=167#qCD3F90,verified_local_archive
15,C15599,168,https://oge.fipi.ru/bank/questions.php?proj=DE0E276E497AB3784C3FC4CC20248DC0&page=168&pagesize=10#qC15599,https://oge.fipi.ru/bank/questions.php?proj=DE0E276E497AB3784C3FC4CC20248DC0&page=168#qC15599,verified_local_archive
15,98F294,169,https://oge.fipi.ru/bank/questions.php?proj=DE0E276E497AB3784C3FC4CC20248DC0&page=169&pagesize=10#q98F294,https://oge.fipi.ru/bank/questions.php?proj=DE0E276E497AB3784C3FC4CC20248DC0&page=169#q98F294,verified_local_archive
15,E36D97,170,https://oge.fipi.ru/bank/questions.php?proj=DE0E276E497AB3784C3FC4CC20248DC0&page=170&pagesize=10#qE36D97,https://oge.fipi.ru/bank/questions.php?proj=DE0E276E497AB3784C3FC4CC20248DC0&page=170#qE36D97,verified_local_archive
15,66F995,172,https://oge.fipi.ru/bank/questions.php?proj=DE0E276E497AB3784C3FC4CC20248DC0&page=172&pagesize=10#q66F995,https://oge.fipi.ru/bank/questions.php?proj=DE0E276E497AB3784C3FC4CC20248DC0&page=172#q66F995,verified_local_archive
15,33759E,173,https://oge.fipi.ru/bank/questions.php?proj=DE0E276E497AB3784C3FC4CC20248DC0&page=173&pagesize=10#q33759E,https://oge.fipi.ru/bank/questions.php?proj=DE0E276E497AB3784C3FC4CC20248DC0&page=173#q33759E,verified_local_archive
15,411EE5,174,https://oge.fipi.ru/bank/questions.php?proj=DE0E276E497AB3784C3FC4CC20248DC0&page=174&pagesize=10#q411EE5,https://oge.fipi.ru/bank/questions.php?proj=DE0E276E497AB3784C3FC4CC20248DC0&page=174#q411EE5,verified_local_archive
15,160CE6,178,https://oge.fipi.ru/bank/questions.php?proj=DE0E276E497AB3784C3FC4CC20248DC0&page=178&pagesize=10#q160CE6,https://oge.fipi.ru/bank/questions.php?proj=DE0E276E497AB3784C3FC4CC20248DC0&page=178#q160CE6,verified_local_archive
15,D33BE4,179,https://oge.fipi.ru/bank/questions.php?proj=DE0E276E497AB3784C3FC4CC20248DC0&page=179&pagesize=10#qD33BE4,https://oge.fipi.ru/bank/questions.php?proj=DE0E276E497AB3784C3FC4CC20248DC0&page=179#qD33BE4,verified_local_archive
15,5FF3E9,181,https://oge.fipi.ru/bank/questions.php?proj=DE0E276E497AB3784C3FC4CC20248DC0&page=181&pagesize=10#q5FF3E9,https://oge.fipi.ru/bank/questions.php?proj=DE0E276E497AB3784C3FC4CC20248DC0&page=181#q5FF3E9,verified_local_archive
15,A0EBE9,182,https://oge.fipi.ru/bank/questions.php?proj=DE0E276E497AB3784C3FC4CC20248DC0&page=182&pagesize=10#qA0EBE9,https://oge.fipi.ru/bank/questions.php?proj=DE0E276E497AB3784C3FC4CC20248DC0&page=182#qA0EBE9,verified_local_archive
15,9C5CE2,184,https://oge.fipi.ru/bank/questions.php?proj=DE0E276E497AB3784C3FC4CC20248DC0&page=184&pagesize=10#q9C5CE2,https://oge.fipi.ru/bank/questions.php?proj=DE0E276E497AB3784C3FC4CC20248DC0&page=184#q9C5CE2,verified_local_archive
15,8B61EB,187,https://oge.fipi.ru/bank/questions.php?proj=DE0E276E497AB3784C3FC4CC20248DC0&page=187&pagesize=10#q8B61EB,https://oge.fipi.ru/bank/questions.php?proj=DE0E276E497AB3784C3FC4CC20248DC0&page=187#q8B61EB,verified_local_archive
15,8582E2,187,https://oge.fipi.ru/bank/questions.php?proj=DE0E276E497AB3784C3FC4CC20248DC0&page=187&pagesize=10#q8582E2,https://oge.fipi.ru/bank/questions.php?proj=DE0E276E497AB3784C3FC4CC20248DC0&page=187#q8582E2,verified_local_archive
15,48CB65,188,https://oge.fipi.ru/bank/questions.php?proj=DE0E276E497AB3784C3FC4CC20248DC0&page=188&pagesize=10#q48CB65,https://oge.fipi.ru/bank/questions.php?proj=DE0E276E497AB3784C3FC4CC20248DC0&page=188#q48CB65,verified_local_archive
15,FCCC67,189,https://oge.fipi.ru/bank/questions.php?proj=DE0E276E497AB3784C3FC4CC20248DC0&page=189&pagesize=10#qFCCC67,https://oge.fipi.ru/bank/questions.php?proj=DE0E276E497AB3784C3FC4CC20248DC0&page=189#qFCCC67,verified_local_archive
15,B44B61,192,https://oge.fipi.ru/bank/questions.php?proj=DE0E276E497AB3784C3FC4CC20248DC0&page=192&pagesize=10#qB44B61,https://oge.fipi.ru/bank/questions.php?proj=DE0E276E497AB3784C3FC4CC20248DC0&page=192#qB44B61,verified_local_archive
15,1BA068,193,https://oge.fipi.ru/bank/questions.php?proj=DE0E276E497AB3784C3FC4CC20248DC0&page=193&pagesize=10#q1BA068,https://oge.fipi.ru/bank/questions.php?proj=DE0E276E497AB3784C3FC4CC20248DC0&page=193#q1BA068,verified_local_archive
15,238B6C,193,https://oge.fipi.ru/bank/questions.php?proj=DE0E276E497AB3784C3FC4CC20248DC0&page=193&pagesize=10#q238B6C,https://oge.fipi.ru/bank/questions.php?proj=DE0E276E497AB3784C3FC4CC20248DC0&page=193#q238B6C,verified_local_archive
15,524060,195,https://oge.fipi.ru/bank/questions.php?proj=DE0E276E497AB3784C3FC4CC20248DC0&page=195&pagesize=10#q524060,https://oge.fipi.ru/bank/questions.php?proj=DE0E276E497AB3784C3FC4CC20248DC0&page=195#q524060,verified_local_archive
15,56F660,195,https://oge.fipi.ru/bank/questions.php?proj=DE0E276E497AB3784C3FC4CC20248DC0&page=195&pagesize=10#q56F660,https://oge.fipi.ru/bank/questions.php?proj=DE0E276E497AB3784C3FC4CC20248DC0&page=195#q56F660,verified_local_archive
15,AB056D,196,https://oge.fipi.ru/bank/questions.php?proj=DE0E276E497AB3784C3FC4CC20248DC0&page=196&pagesize=10#qAB056D,https://oge.fipi.ru/bank/questions.php?proj=DE0E276E497AB3784C3FC4CC20248DC0&page=196#qAB056D,verified_local_archive
15,67E364,200,https://oge.fipi.ru/bank/questions.php?proj=DE0E276E497AB3784C3FC4CC20248DC0&page=200&pagesize=10#q67E364,https://oge.fipi.ru/bank/questions.php?proj=DE0E276E497AB3784C3FC4CC20248DC0&page=200#q67E364,verified_local_archive
15,879265,202,https://oge.fipi.ru/bank/questions.php?proj=DE0E276E497AB3784C3FC4CC20248DC0&page=202&pagesize=10#q879265,https://oge.fipi.ru/bank/questions.php?proj=DE0E276E497AB3784C3FC4CC20248DC0&page=202#q879265,verified_local_archive
15,45DD3F,203,https://oge.fipi.ru/bank/questions.php?proj=DE0E276E497AB3784C3FC4CC20248DC0&page=203&pagesize=10#q45DD3F,https://oge.fipi.ru/bank/questions.php?proj=DE0E276E497AB3784C3FC4CC20248DC0&page=203#q45DD3F,verified_local_archive
15,B1D433,207,https://oge.fipi.ru/bank/questions.php?proj=DE0E276E497AB3784C3FC4CC20248DC0&page=207&pagesize=10#qB1D433,https://oge.fipi.ru/bank/questions.php?proj=DE0E276E497AB3784C3FC4CC20248DC0&page=207#qB1D433,verified_local_archive
15,2D8A31,208,https://oge.fipi.ru/bank/questions.php?proj=DE0E276E497AB3784C3FC4CC20248DC0&page=208&pagesize=10#q2D8A31,https://oge.fipi.ru/bank/questions.php?proj=DE0E276E497AB3784C3FC4CC20248DC0&page=208#q2D8A31,verified_local_archive
15,265E3E,208,https://oge.fipi.ru/bank/questions.php?proj=DE0E276E497AB3784C3FC4CC20248DC0&page=208&pagesize=10#q265E3E,https://oge.fipi.ru/bank/questions.php?proj=DE0E276E497AB3784C3FC4CC20248DC0&page=208#q265E3E,verified_local_archive
15,D8213E,209,https://oge.fipi.ru/bank/questions.php?proj=DE0E276E497AB3784C3FC4CC20248DC0&page=209&pagesize=10#qD8213E,https://oge.fipi.ru/bank/questions.php?proj=DE0E276E497AB3784C3FC4CC20248DC0&page=209#qD8213E,verified_local_archive
15,595130,210,https://oge.fipi.ru/bank/questions.php?proj=DE0E276E497AB3784C3FC4CC20248DC0&page=210&pagesize=10#q595130,https://oge.fipi.ru/bank/questions.php?proj=DE0E276E497AB3784C3FC4CC20248DC0&page=210#q595130,verified_local_archive
15,53EC35,210,https://oge.fipi.ru/bank/questions.php?proj=DE0E276E497AB3784C3FC4CC20248DC0&page=210&pagesize=10#q53EC35,https://oge.fipi.ru/bank/questions.php?proj=DE0E276E497AB3784C3FC4CC20248DC0&page=210#q53EC35,verified_local_archive
15,5C293A,210,https://oge.fipi.ru/bank/questions.php?proj=DE0E276E497AB3784C3FC4CC20248DC0&page=210&pagesize=10#q5C293A,https://oge.fipi.ru/bank/questions.php?proj=DE0E276E497AB3784C3FC4CC20248DC0&page=210#q5C293A,verified_local_archive
15,CD563C,212,https://oge.fipi.ru/bank/questions.php?proj=DE0E276E497AB3784C3FC4CC20248DC0&page=212&pagesize=10#qCD563C,https://oge.fipi.ru/bank/questions.php?proj=DE0E276E497AB3784C3FC4CC20248DC0&page=212#qCD563C,verified_local_archive
15,911A31,212,https://oge.fipi.ru/bank/questions.php?proj=DE0E276E497AB3784C3FC4CC20248DC0&page=212&pagesize=10#q911A31,https://oge.fipi.ru/bank/questions.php?proj=DE0E276E497AB3784C3FC4CC20248DC0&page=212#q911A31,verified_local_archive
15,67DB39,215,https://oge.fipi.ru/bank/questions.php?proj=DE0E276E497AB3784C3FC4CC20248DC0&page=215&pagesize=10#q67DB39,https://oge.fipi.ru/bank/questions.php?proj=DE0E276E497AB3784C3FC4CC20248DC0&page=215#q67DB39,verified_local_archive
15,328539,215,https://oge.fipi.ru/bank/questions.php?proj=DE0E276E497AB3784C3FC4CC20248DC0&page=215&pagesize=10#q328539,https://oge.fipi.ru/bank/questions.php?proj=DE0E276E497AB3784C3FC4CC20248DC0&page=215#q328539,verified_local_archive
15,FF498A,218,https://oge.fipi.ru/bank/questions.php?proj=DE0E276E497AB3784C3FC4CC20248DC0&page=218&pagesize=10#qFF498A,https://oge.fipi.ru/bank/questions.php?proj=DE0E276E497AB3784C3FC4CC20248DC0&page=218#qFF498A,verified_local_archive
15,201E89,222,https://oge.fipi.ru/bank/questions.php?proj=DE0E276E497AB3784C3FC4CC20248DC0&page=222&pagesize=10#q201E89,https://oge.fipi.ru/bank/questions.php?proj=DE0E276E497AB3784C3FC4CC20248DC0&page=222#q201E89,verified_local_archive
15,D4E48F,222,https://oge.fipi.ru/bank/questions.php?proj=DE0E276E497AB3784C3FC4CC20248DC0&page=222&pagesize=10#qD4E48F,https://oge.fipi.ru/bank/questions.php?proj=DE0E276E497AB3784C3FC4CC20248DC0&page=222#qD4E48F,verified_local_archive
15,D8738D,222,https://oge.fipi.ru/bank/questions.php?proj=DE0E276E497AB3784C3FC4CC20248DC0&page=222&pagesize=10#qD8738D,https://oge.fipi.ru/bank/questions.php?proj=DE0E276E497AB3784C3FC4CC20248DC0&page=222#qD8738D,verified_local_archive
15,D24F86,223,https://oge.fipi.ru/bank/questions.php?proj=DE0E276E497AB3784C3FC4CC20248DC0&page=223&pagesize=10#qD24F86,https://oge.fipi.ru/bank/questions.php?proj=DE0E276E497AB3784C3FC4CC20248DC0&page=223#qD24F86,verified_local_archive
15,C4C88B,224,https://oge.fipi.ru/bank/questions.php?proj=DE0E276E497AB3784C3FC4CC20248DC0&page=224&pagesize=10#qC4C88B,https://oge.fipi.ru/bank/questions.php?proj=DE0E276E497AB3784C3FC4CC20248DC0&page=224#qC4C88B,verified_local_archive
15,C9E181,225,https://oge.fipi.ru/bank/questions.php?proj=DE0E276E497AB3784C3FC4CC20248DC0&page=225&pagesize=10#qC9E181,https://oge.fipi.ru/bank/questions.php?proj=DE0E276E497AB3784C3FC4CC20248DC0&page=225#qC9E181,verified_local_archive
15,C10B89,225,https://oge.fipi.ru/bank/questions.php?proj=DE0E276E497AB3784C3FC4CC20248DC0&page=225&pagesize=10#qC10B89,https://oge.fipi.ru/bank/questions.php?proj=DE0E276E497AB3784C3FC4CC20248DC0&page=225#qC10B89,verified_local_archive
15,915280,225,https://oge.fipi.ru/bank/questions.php?proj=DE0E276E497AB3784C3FC4CC20248DC0&page=225&pagesize=10#q915280,https://oge.fipi.ru/bank/questions.php?proj=DE0E276E497AB3784C3FC4CC20248DC0&page=225#q915280,verified_local_archive
15,9B2289,226,https://oge.fipi.ru/bank/questions.php?proj=DE0E276E497AB3784C3FC4CC20248DC0&page=226&pagesize=10#q9B2289,https://oge.fipi.ru/bank/questions.php?proj=DE0E276E497AB3784C3FC4CC20248DC0&page=226#q9B2289,verified_local_archive
15,96298E,226,https://oge.fipi.ru/bank/questions.php?proj=DE0E276E497AB3784C3FC4CC20248DC0&page=226&pagesize=10#q96298E,https://oge.fipi.ru/bank/questions.php?proj=DE0E276E497AB3784C3FC4CC20248DC0&page=226#q96298E,verified_local_archive
15,E4988D,227,https://oge.fipi.ru/bank/questions.php?proj=DE0E276E497AB3784C3FC4CC20248DC0&page=227&pagesize=10#qE4988D,https://oge.fipi.ru/bank/questions.php?proj=DE0E276E497AB3784C3FC4CC20248DC0&page=227#qE4988D,verified_local_archive
15,34F484,229,https://oge.fipi.ru/bank/questions.php?proj=DE0E276E497AB3784C3FC4CC20248DC0&page=229&pagesize=10#q34F484,https://oge.fipi.ru/bank/questions.php?proj=DE0E276E497AB3784C3FC4CC20248DC0&page=229#q34F484,verified_local_archive
15,85BF87,230,https://oge.fipi.ru/bank/questions.php?proj=DE0E276E497AB3784C3FC4CC20248DC0&page=230&pagesize=10#q85BF87,https://oge.fipi.ru/bank/questions.php?proj=DE0E276E497AB3784C3FC4CC20248DC0&page=230#q85BF87,verified_local_archive
15,6EFCFF,241,https://oge.fipi.ru/bank/questions.php?proj=DE0E276E497AB3784C3FC4CC20248DC0&page=241&pagesize=10#q6EFCFF,https://oge.fipi.ru/bank/questions.php?proj=DE0E276E497AB3784C3FC4CC20248DC0&page=241#q6EFCFF,verified_local_archive
15,4C542B,265,https://oge.fipi.ru/bank/questions.php?proj=DE0E276E497AB3784C3FC4CC20248DC0&page=265&pagesize=10#q4C542B,https://oge.fipi.ru/bank/questions.php?proj=DE0E276E497AB3784C3FC4CC20248DC0&page=265#q4C542B,verified_local_archive
15,B8232F,266,https://oge.fipi.ru/bank/questions.php?proj=DE0E276E497AB3784C3FC4CC20248DC0&page=266&pagesize=10#qB8232F,https://oge.fipi.ru/bank/questions.php?proj=DE0E276E497AB3784C3FC4CC20248DC0&page=266#qB8232F,verified_local_archive
15,AC2F25,269,https://oge.fipi.ru/bank/questions.php?proj=DE0E276E497AB3784C3FC4CC20248DC0&page=269&pagesize=10#qAC2F25,https://oge.fipi.ru/bank/questions.php?proj=DE0E276E497AB3784C3FC4CC20248DC0&page=269#qAC2F25,verified_local_archive
15,879A26,272,https://oge.fipi.ru/bank/questions.php?proj=DE0E276E497AB3784C3FC4CC20248DC0&page=272&pagesize=10#q879A26,https://oge.fipi.ru/bank/questions.php?proj=DE0E276E497AB3784C3FC4CC20248DC0&page=272#q879A26,verified_local_archive
15,096CD4,273,https://oge.fipi.ru/bank/questions.php?proj=DE0E276E497AB3784C3FC4CC20248DC0&page=273&pagesize=10#q096CD4,https://oge.fipi.ru/bank/questions.php?proj=DE0E276E497AB3784C3FC4CC20248DC0&page=273#q096CD4,verified_local_archive
15,FE4750,277,https://oge.fipi.ru/bank/questions.php?proj=DE0E276E497AB3784C3FC4CC20248DC0&page=277&pagesize=10#qFE4750,https://oge.fipi.ru/bank/questions.php?proj=DE0E276E497AB3784C3FC4CC20248DC0&page=277#qFE4750,verified_local_archive
15,2A0B5B,279,https://oge.fipi.ru/bank/questions.php?proj=DE0E276E497AB3784C3FC4CC20248DC0&page=279&pagesize=10#q2A0B5B,https://oge.fipi.ru/bank/questions.php?proj=DE0E276E497AB3784C3FC4CC20248DC0&page=279#q2A0B5B,verified_local_archive
15,689858,282,https://oge.fipi.ru/bank/questions.php?proj=DE0E276E497AB3784C3FC4CC20248DC0&page=282&pagesize=10#q689858,https://oge.fipi.ru/bank/questions.php?proj=DE0E276E497AB3784C3FC4CC20248DC0&page=282#q689858,verified_local_archive
15,0D19A0,283,https://oge.fipi.ru/bank/questions.php?proj=DE0E276E497AB3784C3FC4CC20248DC0&page=283&pagesize=10#q0D19A0,https://oge.fipi.ru/bank/questions.php?proj=DE0E276E497AB3784C3FC4CC20248DC0&page=283#q0D19A0,verified_local_archive
15,AA02A0,285,https://oge.fipi.ru/bank/questions.php?proj=DE0E276E497AB3784C3FC4CC20248DC0&page=285&pagesize=10#qAA02A0,https://oge.fipi.ru/bank/questions.php?proj=DE0E276E497AB3784C3FC4CC20248DC0&page=285#qAA02A0,verified_local_archive
15,D143C5,291,https://oge.fipi.ru/bank/questions.php?proj=DE0E276E497AB3784C3FC4CC20248DC0&page=291&pagesize=10#qD143C5,https://oge.fipi.ru/bank/questions.php?proj=DE0E276E497AB3784C3FC4CC20248DC0&page=291#qD143C5,verified_local_archive
15,51BA99,298,https://oge.fipi.ru/bank/questions.php?proj=DE0E276E497AB3784C3FC4CC20248DC0&page=298&pagesize=10#q51BA99,https://oge.fipi.ru/bank/questions.php?proj=DE0E276E497AB3784C3FC4CC20248DC0&page=298#q51BA99,verified_local_archive
15,A48365,311,https://oge.fipi.ru/bank/questions.php?proj=DE0E276E497AB3784C3FC4CC20248DC0&page=311&pagesize=10#qA48365,https://oge.fipi.ru/bank/questions.php?proj=DE0E276E497AB3784C3FC4CC20248DC0&page=311#qA48365,verified_local_archive
15,FE3434,313,https://oge.fipi.ru/bank/questions.php?proj=DE0E276E497AB3784C3FC4CC20248DC0&page=313&pagesize=10#qFE3434,https://oge.fipi.ru/bank/questions.php?proj=DE0E276E497AB3784C3FC4CC20248DC0&page=313#qFE3434,verified_local_archive
15,0DB48F,320,https://oge.fipi.ru/bank/questions.php?proj=DE0E276E497AB3784C3FC4CC20248DC0&page=320&pagesize=10#q0DB48F,https://oge.fipi.ru/bank/questions.php?proj=DE0E276E497AB3784C3FC4CC20248DC0&page=320#q0DB48F,verified_local_archive
15,213583,321,https://oge.fipi.ru/bank/questions.php?proj=DE0E276E497AB3784C3FC4CC20248DC0&page=321&pagesize=10#q213583,https://oge.fipi.ru/bank/questions.php?proj=DE0E276E497AB3784C3FC4CC20248DC0&page=321#q213583,verified_local_archive
15,5E8A8C,322,https://oge.fipi.ru/bank/questions.php?proj=DE0E276E497AB3784C3FC4CC20248DC0&page=322&pagesize=10#q5E8A8C,https://oge.fipi.ru/bank/questions.php?proj=DE0E276E497AB3784C3FC4CC20248DC0&page=322#q5E8A8C,verified_local_archive
15,C93F85,323,https://oge.fipi.ru/bank/questions.php?proj=DE0E276E497AB3784C3FC4CC20248DC0&page=323&pagesize=10#qC93F85,https://oge.fipi.ru/bank/questions.php?proj=DE0E276E497AB3784C3FC4CC20248DC0&page=323#qC93F85,verified_local_archive
15,8C4C8B,325,https://oge.fipi.ru/bank/questions.php?proj=DE0E276E497AB3784C3FC4CC20248DC0&page=325&pagesize=10#q8C4C8B,https://oge.fipi.ru/bank/questions.php?proj=DE0E276E497AB3784C3FC4CC20248DC0&page=325#q8C4C8B,verified_local_archive
16,41D84A,0,https://oge.fipi.ru/bank/questions.php?proj=DE0E276E497AB3784C3FC4CC20248DC0&page=0&pagesize=10#q41D84A,https://oge.fipi.ru/bank/questions.php?proj=DE0E276E497AB3784C3FC4CC20248DC0&page=0#q41D84A,verified_local_archive
16,FE3D40,0,https://oge.fipi.ru/bank/questions.php?proj=DE0E276E497AB3784C3FC4CC20248DC0&page=0&pagesize=10#qFE3D40,https://oge.fipi.ru/bank/questions.php?proj=DE0E276E497AB3784C3FC4CC20248DC0&page=0#qFE3D40,verified_local_archive
16,B0A54A,3,https://oge.fipi.ru/bank/questions.php?proj=DE0E276E497AB3784C3FC4CC20248DC0&page=3&pagesize=10#qB0A54A,https://oge.fipi.ru/bank/questions.php?proj=DE0E276E497AB3784C3FC4CC20248DC0&page=3#qB0A54A,verified_local_archive
16,BE804A,4,https://oge.fipi.ru/bank/questions.php?proj=DE0E276E497AB3784C3FC4CC20248DC0&page=4&pagesize=10#qBE804A,https://oge.fipi.ru/bank/questions.php?proj=DE0E276E497AB3784C3FC4CC20248DC0&page=4#qBE804A,verified_local_archive
16,256E4F,5,https://oge.fipi.ru/bank/questions.php?proj=DE0E276E497AB3784C3FC4CC20248DC0&page=5&pagesize=10#q256E4F,https://oge.fipi.ru/bank/questions.php?proj=DE0E276E497AB3784C3FC4CC20248DC0&page=5#q256E4F,verified_local_archive
16,D5834D,6,https://oge.fipi.ru/bank/questions.php?proj=DE0E276E497AB3784C3FC4CC20248DC0&page=6&pagesize=10#qD5834D,https://oge.fipi.ru/bank/questions.php?proj=DE0E276E497AB3784C3FC4CC20248DC0&page=6#qD5834D,verified_local_archive
16,C3CA4A,9,https://oge.fipi.ru/bank/questions.php?proj=DE0E276E497AB3784C3FC4CC20248DC0&page=9&pagesize=10#qC3CA4A,https://oge.fipi.ru/bank/questions.php?proj=DE0E276E497AB3784C3FC4CC20248DC0&page=9#qC3CA4A,verified_local_archive
16,994045,10,https://oge.fipi.ru/bank/questions.php?proj=DE0E276E497AB3784C3FC4CC20248DC0&page=10&pagesize=10#q994045,https://oge.fipi.ru/bank/questions.php?proj=DE0E276E497AB3784C3FC4CC20248DC0&page=10#q994045,verified_local_archive
16,9F8E45,10,https://oge.fipi.ru/bank/questions.php?proj=DE0E276E497AB3784C3FC4CC20248DC0&page=10&pagesize=10#q9F8E45,https://oge.fipi.ru/bank/questions.php?proj=DE0E276E497AB3784C3FC4CC20248DC0&page=10#q9F8E45,verified_local_archive
16,E27C4D,11,https://oge.fipi.ru/bank/questions.php?proj=DE0E276E497AB3784C3FC4CC20248DC0&page=11&pagesize=10#qE27C4D,https://oge.fipi.ru/bank/questions.php?proj=DE0E276E497AB3784C3FC4CC20248DC0&page=11#qE27C4D,verified_local_archive
16,314B4D,13,https://oge.fipi.ru/bank/questions.php?proj=DE0E276E497AB3784C3FC4CC20248DC0&page=13&pagesize=10#q314B4D,https://oge.fipi.ru/bank/questions.php?proj=DE0E276E497AB3784C3FC4CC20248DC0&page=13#q314B4D,verified_local_archive
16,F216F4,17,https://oge.fipi.ru/bank/questions.php?proj=DE0E276E497AB3784C3FC4CC20248DC0&page=17&pagesize=10#qF216F4,https://oge.fipi.ru/bank/questions.php?proj=DE0E276E497AB3784C3FC4CC20248DC0&page=17#qF216F4,verified_local_archive
16,F794FE,18,https://oge.fipi.ru/bank/questions.php?proj=DE0E276E497AB3784C3FC4CC20248DC0&page=18&pagesize=10#qF794FE,https://oge.fipi.ru/bank/questions.php?proj=DE0E276E497AB3784C3FC4CC20248DC0&page=18#qF794FE,verified_local_archive
16,0B2EF1,18,https://oge.fipi.ru/bank/questions.php?proj=DE0E276E497AB3784C3FC4CC20248DC0&page=18&pagesize=10#q0B2EF1,https://oge.fipi.ru/bank/questions.php?proj=DE0E276E497AB3784C3FC4CC20248DC0&page=18#q0B2EF1,verified_local_archive
16,7732FA,19,https://oge.fipi.ru/bank/questions.php?proj=DE0E276E497AB3784C3FC4CC20248DC0&page=19&pagesize=10#q7732FA,https://oge.fipi.ru/bank/questions.php?proj=DE0E276E497AB3784C3FC4CC20248DC0&page=19#q7732FA,verified_local_archive
16,1AE9FC,21,https://oge.fipi.ru/bank/questions.php?proj=DE0E276E497AB3784C3FC4CC20248DC0&page=21&pagesize=10#q1AE9FC,https://oge.fipi.ru/bank/questions.php?proj=DE0E276E497AB3784C3FC4CC20248DC0&page=21#q1AE9FC,verified_local_archive
16,239EF1,22,https://oge.fipi.ru/bank/questions.php?proj=DE0E276E497AB3784C3FC4CC20248DC0&page=22&pagesize=10#q239EF1,https://oge.fipi.ru/bank/questions.php?proj=DE0E276E497AB3784C3FC4CC20248DC0&page=22#q239EF1,verified_local_archive
16,D1ADF4,22,https://oge.fipi.ru/bank/questions.php?proj=DE0E276E497AB3784C3FC4CC20248DC0&page=22&pagesize=10#qD1ADF4,https://oge.fipi.ru/bank/questions.php?proj=DE0E276E497AB3784C3FC4CC20248DC0&page=22#qD1ADF4,verified_local_archive
16,5608FB,23,https://oge.fipi.ru/bank/questions.php?proj=DE0E276E497AB3784C3FC4CC20248DC0&page=23&pagesize=10#q5608FB,https://oge.fipi.ru/bank/questions.php?proj=DE0E276E497AB3784C3FC4CC20248DC0&page=23#q5608FB,verified_local_archive
16,5ED7FC,24,https://oge.fipi.ru/bank/questions.php?proj=DE0E276E497AB3784C3FC4CC20248DC0&page=24&pagesize=10#q5ED7FC,https://oge.fipi.ru/bank/questions.php?proj=DE0E276E497AB3784C3FC4CC20248DC0&page=24#q5ED7FC,verified_local_archive
16,CF5BF1,25,https://oge.fipi.ru/bank/questions.php?proj=DE0E276E497AB3784C3FC4CC20248DC0&page=25&pagesize=10#qCF5BF1,https://oge.fipi.ru/bank/questions.php?proj=DE0E276E497AB3784C3FC4CC20248DC0&page=25#qCF5BF1,verified_local_archive
16,C2DCFD,26,https://oge.fipi.ru/bank/questions.php?proj=DE0E276E497AB3784C3FC4CC20248DC0&page=26&pagesize=10#qC2DCFD,https://oge.fipi.ru/bank/questions.php?proj=DE0E276E497AB3784C3FC4CC20248DC0&page=26#qC2DCFD,verified_local_archive
16,E566FC,27,https://oge.fipi.ru/bank/questions.php?proj=DE0E276E497AB3784C3FC4CC20248DC0&page=27&pagesize=10#qE566FC,https://oge.fipi.ru/bank/questions.php?proj=DE0E276E497AB3784C3FC4CC20248DC0&page=27#qE566FC,verified_local_archive
16,6C9EF4,28,https://oge.fipi.ru/bank/questions.php?proj=DE0E276E497AB3784C3FC4CC20248DC0&page=28&pagesize=10#q6C9EF4,https://oge.fipi.ru/bank/questions.php?proj=DE0E276E497AB3784C3FC4CC20248DC0&page=28#q6C9EF4,verified_local_archive
16,6623F6,29,https://oge.fipi.ru/bank/questions.php?proj=DE0E276E497AB3784C3FC4CC20248DC0&page=29&pagesize=10#q6623F6,https://oge.fipi.ru/bank/questions.php?proj=DE0E276E497AB3784C3FC4CC20248DC0&page=29#q6623F6,verified_local_archive
16,60F5F8,29,https://oge.fipi.ru/bank/questions.php?proj=DE0E276E497AB3784C3FC4CC20248DC0&page=29&pagesize=10#q60F5F8,https://oge.fipi.ru/bank/questions.php?proj=DE0E276E497AB3784C3FC4CC20248DC0&page=29#q60F5F8,verified_local_archive
16,39B2FC,30,https://oge.fipi.ru/bank/questions.php?proj=DE0E276E497AB3784C3FC4CC20248DC0&page=30&pagesize=10#q39B2FC,https://oge.fipi.ru/bank/questions.php?proj=DE0E276E497AB3784C3FC4CC20248DC0&page=30#q39B2FC,verified_local_archive
16,847AFF,30,https://oge.fipi.ru/bank/questions.php?proj=DE0E276E497AB3784C3FC4CC20248DC0&page=30&pagesize=10#q847AFF,https://oge.fipi.ru/bank/questions.php?proj=DE0E276E497AB3784C3FC4CC20248DC0&page=30#q847AFF,verified_local_archive
16,01D606,32,https://oge.fipi.ru/bank/questions.php?proj=DE0E276E497AB3784C3FC4CC20248DC0&page=32&pagesize=10#q01D606,https://oge.fipi.ru/bank/questions.php?proj=DE0E276E497AB3784C3FC4CC20248DC0&page=32#q01D606,verified_local_archive
16,7B6202,32,https://oge.fipi.ru/bank/questions.php?proj=DE0E276E497AB3784C3FC4CC20248DC0&page=32&pagesize=10#q7B6202,https://oge.fipi.ru/bank/questions.php?proj=DE0E276E497AB3784C3FC4CC20248DC0&page=32#q7B6202,verified_local_archive
16,748A0C,33,https://oge.fipi.ru/bank/questions.php?proj=DE0E276E497AB3784C3FC4CC20248DC0&page=33&pagesize=10#q748A0C,https://oge.fipi.ru/bank/questions.php?proj=DE0E276E497AB3784C3FC4CC20248DC0&page=33#q748A0C,verified_local_archive
16,709006,33,https://oge.fipi.ru/bank/questions.php?proj=DE0E276E497AB3784C3FC4CC20248DC0&page=33&pagesize=10#q709006,https://oge.fipi.ru/bank/questions.php?proj=DE0E276E497AB3784C3FC4CC20248DC0&page=33#q709006,verified_local_archive
16,B07B04,33,https://oge.fipi.ru/bank/questions.php?proj=DE0E276E497AB3784C3FC4CC20248DC0&page=33&pagesize=10#qB07B04,https://oge.fipi.ru/bank/questions.php?proj=DE0E276E497AB3784C3FC4CC20248DC0&page=33#qB07B04,verified_local_archive
16,BA2500,33,https://oge.fipi.ru/bank/questions.php?proj=DE0E276E497AB3784C3FC4CC20248DC0&page=33&pagesize=10#qBA2500,https://oge.fipi.ru/bank/questions.php?proj=DE0E276E497AB3784C3FC4CC20248DC0&page=33#qBA2500,verified_local_archive
16,B0D10B,33,https://oge.fipi.ru/bank/questions.php?proj=DE0E276E497AB3784C3FC4CC20248DC0&page=33&pagesize=10#qB0D10B,https://oge.fipi.ru/bank/questions.php?proj=DE0E276E497AB3784C3FC4CC20248DC0&page=33#qB0D10B,verified_local_archive
16,17DF0C,34,https://oge.fipi.ru/bank/questions.php?proj=DE0E276E497AB3784C3FC4CC20248DC0&page=34&pagesize=10#q17DF0C,https://oge.fipi.ru/bank/questions.php?proj=DE0E276E497AB3784C3FC4CC20248DC0&page=34#q17DF0C,verified_local_archive
16,1EB109,34,https://oge.fipi.ru/bank/questions.php?proj=DE0E276E497AB3784C3FC4CC20248DC0&page=34&pagesize=10#q1EB109,https://oge.fipi.ru/bank/questions.php?proj=DE0E276E497AB3784C3FC4CC20248DC0&page=34#q1EB109,verified_local_archive
16,297C02,35,https://oge.fipi.ru/bank/questions.php?proj=DE0E276E497AB3784C3FC4CC20248DC0&page=35&pagesize=10#q297C02,https://oge.fipi.ru/bank/questions.php?proj=DE0E276E497AB3784C3FC4CC20248DC0&page=35#q297C02,verified_local_archive
16,D8BC0B,36,https://oge.fipi.ru/bank/questions.php?proj=DE0E276E497AB3784C3FC4CC20248DC0&page=36&pagesize=10#qD8BC0B,https://oge.fipi.ru/bank/questions.php?proj=DE0E276E497AB3784C3FC4CC20248DC0&page=36#qD8BC0B,verified_local_archive
16,54330A,37,https://oge.fipi.ru/bank/questions.php?proj=DE0E276E497AB3784C3FC4CC20248DC0&page=37&pagesize=10#q54330A,https://oge.fipi.ru/bank/questions.php?proj=DE0E276E497AB3784C3FC4CC20248DC0&page=37#q54330A,verified_local_archive
16,53AD0E,37,https://oge.fipi.ru/bank/questions.php?proj=DE0E276E497AB3784C3FC4CC20248DC0&page=37&pagesize=10#q53AD0E,https://oge.fipi.ru/bank/questions.php?proj=DE0E276E497AB3784C3FC4CC20248DC0&page=37#q53AD0E,verified_local_archive
16,A8980C,38,https://oge.fipi.ru/bank/questions.php?proj=DE0E276E497AB3784C3FC4CC20248DC0&page=38&pagesize=10#qA8980C,https://oge.fipi.ru/bank/questions.php?proj=DE0E276E497AB3784C3FC4CC20248DC0&page=38#qA8980C,verified_local_archive
16,CBBF04,38,https://oge.fipi.ru/bank/questions.php?proj=DE0E276E497AB3784C3FC4CC20248DC0&page=38&pagesize=10#qCBBF04,https://oge.fipi.ru/bank/questions.php?proj=DE0E276E497AB3784C3FC4CC20248DC0&page=38#qCBBF04,verified_local_archive
16,CA080B,38,https://oge.fipi.ru/bank/questions.php?proj=DE0E276E497AB3784C3FC4CC20248DC0&page=38&pagesize=10#qCA080B,https://oge.fipi.ru/bank/questions.php?proj=DE0E276E497AB3784C3FC4CC20248DC0&page=38#qCA080B,verified_local_archive
16,EFA10C,40,https://oge.fipi.ru/bank/questions.php?proj=DE0E276E497AB3784C3FC4CC20248DC0&page=40&pagesize=10#qEFA10C,https://oge.fipi.ru/bank/questions.php?proj=DE0E276E497AB3784C3FC4CC20248DC0&page=40#qEFA10C,verified_local_archive
16,613B01,40,https://oge.fipi.ru/bank/questions.php?proj=DE0E276E497AB3784C3FC4CC20248DC0&page=40&pagesize=10#q613B01,https://oge.fipi.ru/bank/questions.php?proj=DE0E276E497AB3784C3FC4CC20248DC0&page=40#q613B01,verified_local_archive
16,426C70,43,https://oge.fipi.ru/bank/questions.php?proj=DE0E276E497AB3784C3FC4CC20248DC0&page=43&pagesize=10#q426C70,https://oge.fipi.ru/bank/questions.php?proj=DE0E276E497AB3784C3FC4CC20248DC0&page=43#q426C70,verified_local_archive
16,48D77B,44,https://oge.fipi.ru/bank/questions.php?proj=DE0E276E497AB3784C3FC4CC20248DC0&page=44&pagesize=10#q48D77B,https://oge.fipi.ru/bank/questions.php?proj=DE0E276E497AB3784C3FC4CC20248DC0&page=44#q48D77B,verified_local_archive
16,473A79,44,https://oge.fipi.ru/bank/questions.php?proj=DE0E276E497AB3784C3FC4CC20248DC0&page=44&pagesize=10#q473A79,https://oge.fipi.ru/bank/questions.php?proj=DE0E276E497AB3784C3FC4CC20248DC0&page=44#q473A79,verified_local_archive
16,F93971,45,https://oge.fipi.ru/bank/questions.php?proj=DE0E276E497AB3784C3FC4CC20248DC0&page=45&pagesize=10#qF93971,https://oge.fipi.ru/bank/questions.php?proj=DE0E276E497AB3784C3FC4CC20248DC0&page=45#qF93971,verified_local_archive
16,099B7F,45,https://oge.fipi.ru/bank/questions.php?proj=DE0E276E497AB3784C3FC4CC20248DC0&page=45&pagesize=10#q099B7F,https://oge.fipi.ru/bank/questions.php?proj=DE0E276E497AB3784C3FC4CC20248DC0&page=45#q099B7F,verified_local_archive
16,788577,46,https://oge.fipi.ru/bank/questions.php?proj=DE0E276E497AB3784C3FC4CC20248DC0&page=46&pagesize=10#q788577,https://oge.fipi.ru/bank/questions.php?proj=DE0E276E497AB3784C3FC4CC20248DC0&page=46#q788577,verified_local_archive
16,7D797D,46,https://oge.fipi.ru/bank/questions.php?proj=DE0E276E497AB3784C3FC4CC20248DC0&page=46&pagesize=10#q7D797D,https://oge.fipi.ru/bank/questions.php?proj=DE0E276E497AB3784C3FC4CC20248DC0&page=46#q7D797D,verified_local_archive
16,752E75,47,https://oge.fipi.ru/bank/questions.php?proj=DE0E276E497AB3784C3FC4CC20248DC0&page=47&pagesize=10#q752E75,https://oge.fipi.ru/bank/questions.php?proj=DE0E276E497AB3784C3FC4CC20248DC0&page=47#q752E75,verified_local_archive
16,79607C,47,https://oge.fipi.ru/bank/questions.php?proj=DE0E276E497AB3784C3FC4CC20248DC0&page=47&pagesize=10#q79607C,https://oge.fipi.ru/bank/questions.php?proj=DE0E276E497AB3784C3FC4CC20248DC0&page=47#q79607C,verified_local_archive
16,B8967A,48,https://oge.fipi.ru/bank/questions.php?proj=DE0E276E497AB3784C3FC4CC20248DC0&page=48&pagesize=10#qB8967A,https://oge.fipi.ru/bank/questions.php?proj=DE0E276E497AB3784C3FC4CC20248DC0&page=48#qB8967A,verified_local_archive
16,20ED7A,50,https://oge.fipi.ru/bank/questions.php?proj=DE0E276E497AB3784C3FC4CC20248DC0&page=50&pagesize=10#q20ED7A,https://oge.fipi.ru/bank/questions.php?proj=DE0E276E497AB3784C3FC4CC20248DC0&page=50#q20ED7A,verified_local_archive
16,5B197F,51,https://oge.fipi.ru/bank/questions.php?proj=DE0E276E497AB3784C3FC4CC20248DC0&page=51&pagesize=10#q5B197F,https://oge.fipi.ru/bank/questions.php?proj=DE0E276E497AB3784C3FC4CC20248DC0&page=51#q5B197F,verified_local_archive
16,58667F,51,https://oge.fipi.ru/bank/questions.php?proj=DE0E276E497AB3784C3FC4CC20248DC0&page=51&pagesize=10#q58667F,https://oge.fipi.ru/bank/questions.php?proj=DE0E276E497AB3784C3FC4CC20248DC0&page=51#q58667F,verified_local_archive
16,CC527C,53,https://oge.fipi.ru/bank/questions.php?proj=DE0E276E497AB3784C3FC4CC20248DC0&page=53&pagesize=10#qCC527C,https://oge.fipi.ru/bank/questions.php?proj=DE0E276E497AB3784C3FC4CC20248DC0&page=53#qCC527C,verified_local_archive
16,9D5475,54,https://oge.fipi.ru/bank/questions.php?proj=DE0E276E497AB3784C3FC4CC20248DC0&page=54&pagesize=10#q9D5475,https://oge.fipi.ru/bank/questions.php?proj=DE0E276E497AB3784C3FC4CC20248DC0&page=54#q9D5475,verified_local_archive
16,32A97B,57,https://oge.fipi.ru/bank/questions.php?proj=DE0E276E497AB3784C3FC4CC20248DC0&page=57&pagesize=10#q32A97B,https://oge.fipi.ru/bank/questions.php?proj=DE0E276E497AB3784C3FC4CC20248DC0&page=57#q32A97B,verified_local_archive
16,3EC075,57,https://oge.fipi.ru/bank/questions.php?proj=DE0E276E497AB3784C3FC4CC20248DC0&page=57&pagesize=10#q3EC075,https://oge.fipi.ru/bank/questions.php?proj=DE0E276E497AB3784C3FC4CC20248DC0&page=57#q3EC075,verified_local_archive
16,8C437E,58,https://oge.fipi.ru/bank/questions.php?proj=DE0E276E497AB3784C3FC4CC20248DC0&page=58&pagesize=10#q8C437E,https://oge.fipi.ru/bank/questions.php?proj=DE0E276E497AB3784C3FC4CC20248DC0&page=58#q8C437E,verified_local_archive
16,812E73,59,https://oge.fipi.ru/bank/questions.php?proj=DE0E276E497AB3784C3FC4CC20248DC0&page=59&pagesize=10#q812E73,https://oge.fipi.ru/bank/questions.php?proj=DE0E276E497AB3784C3FC4CC20248DC0&page=59#q812E73,verified_local_archive
16,4306BF,59,https://oge.fipi.ru/bank/questions.php?proj=DE0E276E497AB3784C3FC4CC20248DC0&page=59&pagesize=10#q4306BF,https://oge.fipi.ru/bank/questions.php?proj=DE0E276E497AB3784C3FC4CC20248DC0&page=59#q4306BF,verified_local_archive
16,446ABB,59,https://oge.fipi.ru/bank/questions.php?proj=DE0E276E497AB3784C3FC4CC20248DC0&page=59&pagesize=10#q446ABB,https://oge.fipi.ru/bank/questions.php?proj=DE0E276E497AB3784C3FC4CC20248DC0&page=59#q446ABB,verified_local_archive
16,FA41B7,61,https://oge.fipi.ru/bank/questions.php?proj=DE0E276E497AB3784C3FC4CC20248DC0&page=61&pagesize=10#qFA41B7,https://oge.fipi.ru/bank/questions.php?proj=DE0E276E497AB3784C3FC4CC20248DC0&page=61#qFA41B7,verified_local_archive
16,0B92BF,62,https://oge.fipi.ru/bank/questions.php?proj=DE0E276E497AB3784C3FC4CC20248DC0&page=62&pagesize=10#q0B92BF,https://oge.fipi.ru/bank/questions.php?proj=DE0E276E497AB3784C3FC4CC20248DC0&page=62#q0B92BF,verified_local_archive
16,20B8B4,65,https://oge.fipi.ru/bank/questions.php?proj=DE0E276E497AB3784C3FC4CC20248DC0&page=65&pagesize=10#q20B8B4,https://oge.fipi.ru/bank/questions.php?proj=DE0E276E497AB3784C3FC4CC20248DC0&page=65#q20B8B4,verified_local_archive
16,24D2BC,66,https://oge.fipi.ru/bank/questions.php?proj=DE0E276E497AB3784C3FC4CC20248DC0&page=66&pagesize=10#q24D2BC,https://oge.fipi.ru/bank/questions.php?proj=DE0E276E497AB3784C3FC4CC20248DC0&page=66#q24D2BC,verified_local_archive
16,D93BBC,66,https://oge.fipi.ru/bank/questions.php?proj=DE0E276E497AB3784C3FC4CC20248DC0&page=66&pagesize=10#qD93BBC,https://oge.fipi.ru/bank/questions.php?proj=DE0E276E497AB3784C3FC4CC20248DC0&page=66#qD93BBC,verified_local_archive
16,51FCB4,67,https://oge.fipi.ru/bank/questions.php?proj=DE0E276E497AB3784C3FC4CC20248DC0&page=67&pagesize=10#q51FCB4,https://oge.fipi.ru/bank/questions.php?proj=DE0E276E497AB3784C3FC4CC20248DC0&page=67#q51FCB4,verified_local_archive
16,A9C7B1,68,https://oge.fipi.ru/bank/questions.php?proj=DE0E276E497AB3784C3FC4CC20248DC0&page=68&pagesize=10#qA9C7B1,https://oge.fipi.ru/bank/questions.php?proj=DE0E276E497AB3784C3FC4CC20248DC0&page=68#qA9C7B1,verified_local_archive
16,AEDABA,68,https://oge.fipi.ru/bank/questions.php?proj=DE0E276E497AB3784C3FC4CC20248DC0&page=68&pagesize=10#qAEDABA,https://oge.fipi.ru/bank/questions.php?proj=DE0E276E497AB3784C3FC4CC20248DC0&page=68#qAEDABA,verified_local_archive
16,AB32B8,69,https://oge.fipi.ru/bank/questions.php?proj=DE0E276E497AB3784C3FC4CC20248DC0&page=69&pagesize=10#qAB32B8,https://oge.fipi.ru/bank/questions.php?proj=DE0E276E497AB3784C3FC4CC20248DC0&page=69#qAB32B8,verified_local_archive
16,E6E8B9,71,https://oge.fipi.ru/bank/questions.php?proj=DE0E276E497AB3784C3FC4CC20248DC0&page=71&pagesize=10#qE6E8B9,https://oge.fipi.ru/bank/questions.php?proj=DE0E276E497AB3784C3FC4CC20248DC0&page=71#qE6E8B9,verified_local_archive
16,3D92BD,72,https://oge.fipi.ru/bank/questions.php?proj=DE0E276E497AB3784C3FC4CC20248DC0&page=72&pagesize=10#q3D92BD,https://oge.fipi.ru/bank/questions.php?proj=DE0E276E497AB3784C3FC4CC20248DC0&page=72#q3D92BD,verified_local_archive
16,3561BE,72,https://oge.fipi.ru/bank/questions.php?proj=DE0E276E497AB3784C3FC4CC20248DC0&page=72&pagesize=10#q3561BE,https://oge.fipi.ru/bank/questions.php?proj=DE0E276E497AB3784C3FC4CC20248DC0&page=72#q3561BE,verified_local_archive
16,4AB81B,72,https://oge.fipi.ru/bank/questions.php?proj=DE0E276E497AB3784C3FC4CC20248DC0&page=72&pagesize=10#q4AB81B,https://oge.fipi.ru/bank/questions.php?proj=DE0E276E497AB3784C3FC4CC20248DC0&page=72#q4AB81B,verified_local_archive
16,4E821A,73,https://oge.fipi.ru/bank/questions.php?proj=DE0E276E497AB3784C3FC4CC20248DC0&page=73&pagesize=10#q4E821A,https://oge.fipi.ru/bank/questions.php?proj=DE0E276E497AB3784C3FC4CC20248DC0&page=73#q4E821A,verified_local_archive
16,4F371C,73,https://oge.fipi.ru/bank/questions.php?proj=DE0E276E497AB3784C3FC4CC20248DC0&page=73&pagesize=10#q4F371C,https://oge.fipi.ru/bank/questions.php?proj=DE0E276E497AB3784C3FC4CC20248DC0&page=73#q4F371C,verified_local_archive
16,466413,73,https://oge.fipi.ru/bank/questions.php?proj=DE0E276E497AB3784C3FC4CC20248DC0&page=73&pagesize=10#q466413,https://oge.fipi.ru/bank/questions.php?proj=DE0E276E497AB3784C3FC4CC20248DC0&page=73#q466413,verified_local_archive
16,07781B,74,https://oge.fipi.ru/bank/questions.php?proj=DE0E276E497AB3784C3FC4CC20248DC0&page=74&pagesize=10#q07781B,https://oge.fipi.ru/bank/questions.php?proj=DE0E276E497AB3784C3FC4CC20248DC0&page=74#q07781B,verified_local_archive
16,71EE14,75,https://oge.fipi.ru/bank/questions.php?proj=DE0E276E497AB3784C3FC4CC20248DC0&page=75&pagesize=10#q71EE14,https://oge.fipi.ru/bank/questions.php?proj=DE0E276E497AB3784C3FC4CC20248DC0&page=75#q71EE14,verified_local_archive
16,7BE617,75,https://oge.fipi.ru/bank/questions.php?proj=DE0E276E497AB3784C3FC4CC20248DC0&page=75&pagesize=10#q7BE617,https://oge.fipi.ru/bank/questions.php?proj=DE0E276E497AB3784C3FC4CC20248DC0&page=75#q7BE617,verified_local_archive
16,74C519,76,https://oge.fipi.ru/bank/questions.php?proj=DE0E276E497AB3784C3FC4CC20248DC0&page=76&pagesize=10#q74C519,https://oge.fipi.ru/bank/questions.php?proj=DE0E276E497AB3784C3FC4CC20248DC0&page=76#q74C519,verified_local_archive
16,7A7116,76,https://oge.fipi.ru/bank/questions.php?proj=DE0E276E497AB3784C3FC4CC20248DC0&page=76&pagesize=10#q7A7116,https://oge.fipi.ru/bank/questions.php?proj=DE0E276E497AB3784C3FC4CC20248DC0&page=76#q7A7116,verified_local_archive
16,B1F719,77,https://oge.fipi.ru/bank/questions.php?proj=DE0E276E497AB3784C3FC4CC20248DC0&page=77&pagesize=10#qB1F719,https://oge.fipi.ru/bank/questions.php?proj=DE0E276E497AB3784C3FC4CC20248DC0&page=77#qB1F719,verified_local_archive
16,1DC714,78,https://oge.fipi.ru/bank/questions.php?proj=DE0E276E497AB3784C3FC4CC20248DC0&page=78&pagesize=10#q1DC714,https://oge.fipi.ru/bank/questions.php?proj=DE0E276E497AB3784C3FC4CC20248DC0&page=78#q1DC714,verified_local_archive
16,288717,79,https://oge.fipi.ru/bank/questions.php?proj=DE0E276E497AB3784C3FC4CC20248DC0&page=79&pagesize=10#q288717,https://oge.fipi.ru/bank/questions.php?proj=DE0E276E497AB3784C3FC4CC20248DC0&page=79#q288717,verified_local_archive
16,D07B18,81,https://oge.fipi.ru/bank/questions.php?proj=DE0E276E497AB3784C3FC4CC20248DC0&page=81&pagesize=10#qD07B18,https://oge.fipi.ru/bank/questions.php?proj=DE0E276E497AB3784C3FC4CC20248DC0&page=81#qD07B18,verified_local_archive
16,541118,82,https://oge.fipi.ru/bank/questions.php?proj=DE0E276E497AB3784C3FC4CC20248DC0&page=82&pagesize=10#q541118,https://oge.fipi.ru/bank/questions.php?proj=DE0E276E497AB3784C3FC4CC20248DC0&page=82#q541118,verified_local_archive
16,AF2B19,82,https://oge.fipi.ru/bank/questions.php?proj=DE0E276E497AB3784C3FC4CC20248DC0&page=82&pagesize=10#qAF2B19,https://oge.fipi.ru/bank/questions.php?proj=DE0E276E497AB3784C3FC4CC20248DC0&page=82#qAF2B19,verified_local_archive
16,C4F011,83,https://oge.fipi.ru/bank/questions.php?proj=DE0E276E497AB3784C3FC4CC20248DC0&page=83&pagesize=10#qC4F011,https://oge.fipi.ru/bank/questions.php?proj=DE0E276E497AB3784C3FC4CC20248DC0&page=83#qC4F011,verified_local_archive
16,9FA314,83,https://oge.fipi.ru/bank/questions.php?proj=DE0E276E497AB3784C3FC4CC20248DC0&page=83&pagesize=10#q9FA314,https://oge.fipi.ru/bank/questions.php?proj=DE0E276E497AB3784C3FC4CC20248DC0&page=83#q9FA314,verified_local_archive
16,939A13,84,https://oge.fipi.ru/bank/questions.php?proj=DE0E276E497AB3784C3FC4CC20248DC0&page=84&pagesize=10#q939A13,https://oge.fipi.ru/bank/questions.php?proj=DE0E276E497AB3784C3FC4CC20248DC0&page=84#q939A13,verified_local_archive
16,691110,86,https://oge.fipi.ru/bank/questions.php?proj=DE0E276E497AB3784C3FC4CC20248DC0&page=86&pagesize=10#q691110,https://oge.fipi.ru/bank/questions.php?proj=DE0E276E497AB3784C3FC4CC20248DC0&page=86#q691110,verified_local_archive
16,68AB10,86,https://oge.fipi.ru/bank/questions.php?proj=DE0E276E497AB3784C3FC4CC20248DC0&page=86&pagesize=10#q68AB10,https://oge.fipi.ru/bank/questions.php?proj=DE0E276E497AB3784C3FC4CC20248DC0&page=86#q68AB10,verified_local_archive
16,3CB110,87,https://oge.fipi.ru/bank/questions.php?proj=DE0E276E497AB3784C3FC4CC20248DC0&page=87&pagesize=10#q3CB110,https://oge.fipi.ru/bank/questions.php?proj=DE0E276E497AB3784C3FC4CC20248DC0&page=87#q3CB110,verified_local_archive
16,89A311,88,https://oge.fipi.ru/bank/questions.php?proj=DE0E276E497AB3784C3FC4CC20248DC0&page=88&pagesize=10#q89A311,https://oge.fipi.ru/bank/questions.php?proj=DE0E276E497AB3784C3FC4CC20248DC0&page=88#q89A311,verified_local_archive
16,82E915,89,https://oge.fipi.ru/bank/questions.php?proj=DE0E276E497AB3784C3FC4CC20248DC0&page=89&pagesize=10#q82E915,https://oge.fipi.ru/bank/questions.php?proj=DE0E276E497AB3784C3FC4CC20248DC0&page=89#q82E915,verified_local_archive
16,897F1A,89,https://oge.fipi.ru/bank/questions.php?proj=DE0E276E497AB3784C3FC4CC20248DC0&page=89&pagesize=10#q897F1A,https://oge.fipi.ru/bank/questions.php?proj=DE0E276E497AB3784C3FC4CC20248DC0&page=89#q897F1A,verified_local_archive
16,4CC220,89,https://oge.fipi.ru/bank/questions.php?proj=DE0E276E497AB3784C3FC4CC20248DC0&page=89&pagesize=10#q4CC220,https://oge.fipi.ru/bank/questions.php?proj=DE0E276E497AB3784C3FC4CC20248DC0&page=89#q4CC220,verified_local_archive
16,FF0C20,90,https://oge.fipi.ru/bank/questions.php?proj=DE0E276E497AB3784C3FC4CC20248DC0&page=90&pagesize=10#qFF0C20,https://oge.fipi.ru/bank/questions.php?proj=DE0E276E497AB3784C3FC4CC20248DC0&page=90#qFF0C20,verified_local_archive
16,7EE52B,93,https://oge.fipi.ru/bank/questions.php?proj=DE0E276E497AB3784C3FC4CC20248DC0&page=93&pagesize=10#q7EE52B,https://oge.fipi.ru/bank/questions.php?proj=DE0E276E497AB3784C3FC4CC20248DC0&page=93#q7EE52B,verified_local_archive
16,BC3721,94,https://oge.fipi.ru/bank/questions.php?proj=DE0E276E497AB3784C3FC4CC20248DC0&page=94&pagesize=10#qBC3721,https://oge.fipi.ru/bank/questions.php?proj=DE0E276E497AB3784C3FC4CC20248DC0&page=94#qBC3721,verified_local_archive
16,B56E23,95,https://oge.fipi.ru/bank/questions.php?proj=DE0E276E497AB3784C3FC4CC20248DC0&page=95&pagesize=10#qB56E23,https://oge.fipi.ru/bank/questions.php?proj=DE0E276E497AB3784C3FC4CC20248DC0&page=95#qB56E23,verified_local_archive
16,B59D28,95,https://oge.fipi.ru/bank/questions.php?proj=DE0E276E497AB3784C3FC4CC20248DC0&page=95&pagesize=10#qB59D28,https://oge.fipi.ru/bank/questions.php?proj=DE0E276E497AB3784C3FC4CC20248DC0&page=95#qB59D28,verified_local_archive
16,12F228,96,https://oge.fipi.ru/bank/questions.php?proj=DE0E276E497AB3784C3FC4CC20248DC0&page=96&pagesize=10#q12F228,https://oge.fipi.ru/bank/questions.php?proj=DE0E276E497AB3784C3FC4CC20248DC0&page=96#q12F228,verified_local_archive
16,5F2721,98,https://oge.fipi.ru/bank/questions.php?proj=DE0E276E497AB3784C3FC4CC20248DC0&page=98&pagesize=10#q5F2721,https://oge.fipi.ru/bank/questions.php?proj=DE0E276E497AB3784C3FC4CC20248DC0&page=98#q5F2721,verified_local_archive
16,CAC621,100,https://oge.fipi.ru/bank/questions.php?proj=DE0E276E497AB3784C3FC4CC20248DC0&page=100&pagesize=10#qCAC621,https://oge.fipi.ru/bank/questions.php?proj=DE0E276E497AB3784C3FC4CC20248DC0&page=100#qCAC621,verified_local_archive
16,CABA26,101,https://oge.fipi.ru/bank/questions.php?proj=DE0E276E497AB3784C3FC4CC20248DC0&page=101&pagesize=10#qCABA26,https://oge.fipi.ru/bank/questions.php?proj=DE0E276E497AB3784C3FC4CC20248DC0&page=101#qCABA26,verified_local_archive
16,C0C526,101,https://oge.fipi.ru/bank/questions.php?proj=DE0E276E497AB3784C3FC4CC20248DC0&page=101&pagesize=10#qC0C526,https://oge.fipi.ru/bank/questions.php?proj=DE0E276E497AB3784C3FC4CC20248DC0&page=101#qC0C526,verified_local_archive
16,9CDD2B,101,https://oge.fipi.ru/bank/questions.php?proj=DE0E276E497AB3784C3FC4CC20248DC0&page=101&pagesize=10#q9CDD2B,https://oge.fipi.ru/bank/questions.php?proj=DE0E276E497AB3784C3FC4CC20248DC0&page=101#q9CDD2B,verified_local_archive
16,953423,102,https://oge.fipi.ru/bank/questions.php?proj=DE0E276E497AB3784C3FC4CC20248DC0&page=102&pagesize=10#q953423,https://oge.fipi.ru/bank/questions.php?proj=DE0E276E497AB3784C3FC4CC20248DC0&page=102#q953423,verified_local_archive
16,E7C22E,102,https://oge.fipi.ru/bank/questions.php?proj=DE0E276E497AB3784C3FC4CC20248DC0&page=102&pagesize=10#qE7C22E,https://oge.fipi.ru/bank/questions.php?proj=DE0E276E497AB3784C3FC4CC20248DC0&page=102#qE7C22E,verified_local_archive
16,301A24,103,https://oge.fipi.ru/bank/questions.php?proj=DE0E276E497AB3784C3FC4CC20248DC0&page=103&pagesize=10#q301A24,https://oge.fipi.ru/bank/questions.php?proj=DE0E276E497AB3784C3FC4CC20248DC0&page=103#q301A24,verified_local_archive
16,34CB26,104,https://oge.fipi.ru/bank/questions.php?proj=DE0E276E497AB3784C3FC4CC20248DC0&page=104&pagesize=10#q34CB26,https://oge.fipi.ru/bank/questions.php?proj=DE0E276E497AB3784C3FC4CC20248DC0&page=104#q34CB26,verified_local_archive
16,80FB25,105,https://oge.fipi.ru/bank/questions.php?proj=DE0E276E497AB3784C3FC4CC20248DC0&page=105&pagesize=10#q80FB25,https://oge.fipi.ru/bank/questions.php?proj=DE0E276E497AB3784C3FC4CC20248DC0&page=105#q80FB25,verified_local_archive
16,4DCFDB,106,https://oge.fipi.ru/bank/questions.php?proj=DE0E276E497AB3784C3FC4CC20248DC0&page=106&pagesize=10#q4DCFDB,https://oge.fipi.ru/bank/questions.php?proj=DE0E276E497AB3784C3FC4CC20248DC0&page=106#q4DCFDB,verified_local_archive
16,4864D6,106,https://oge.fipi.ru/bank/questions.php?proj=DE0E276E497AB3784C3FC4CC20248DC0&page=106&pagesize=10#q4864D6,https://oge.fipi.ru/bank/questions.php?proj=DE0E276E497AB3784C3FC4CC20248DC0&page=106#q4864D6,verified_local_archive
16,03DDD9,107,https://oge.fipi.ru/bank/questions.php?proj=DE0E276E497AB3784C3FC4CC20248DC0&page=107&pagesize=10#q03DDD9,https://oge.fipi.ru/bank/questions.php?proj=DE0E276E497AB3784C3FC4CC20248DC0&page=107#q03DDD9,verified_local_archive
16,047CDE,107,https://oge.fipi.ru/bank/questions.php?proj=DE0E276E497AB3784C3FC4CC20248DC0&page=107&pagesize=10#q047CDE,https://oge.fipi.ru/bank/questions.php?proj=DE0E276E497AB3784C3FC4CC20248DC0&page=107#q047CDE,verified_local_archive
16,B702D4,108,https://oge.fipi.ru/bank/questions.php?proj=DE0E276E497AB3784C3FC4CC20248DC0&page=108&pagesize=10#qB702D4,https://oge.fipi.ru/bank/questions.php?proj=DE0E276E497AB3784C3FC4CC20248DC0&page=108#qB702D4,verified_local_archive
16,B927DB,109,https://oge.fipi.ru/bank/questions.php?proj=DE0E276E497AB3784C3FC4CC20248DC0&page=109&pagesize=10#qB927DB,https://oge.fipi.ru/bank/questions.php?proj=DE0E276E497AB3784C3FC4CC20248DC0&page=109#qB927DB,verified_local_archive
16,B404D2,109,https://oge.fipi.ru/bank/questions.php?proj=DE0E276E497AB3784C3FC4CC20248DC0&page=109&pagesize=10#qB404D2,https://oge.fipi.ru/bank/questions.php?proj=DE0E276E497AB3784C3FC4CC20248DC0&page=109#qB404D2,verified_local_archive
16,1F54D7,109,https://oge.fipi.ru/bank/questions.php?proj=DE0E276E497AB3784C3FC4CC20248DC0&page=109&pagesize=10#q1F54D7,https://oge.fipi.ru/bank/questions.php?proj=DE0E276E497AB3784C3FC4CC20248DC0&page=109#q1F54D7,verified_local_archive
16,2E1DDF,110,https://oge.fipi.ru/bank/questions.php?proj=DE0E276E497AB3784C3FC4CC20248DC0&page=110&pagesize=10#q2E1DDF,https://oge.fipi.ru/bank/questions.php?proj=DE0E276E497AB3784C3FC4CC20248DC0&page=110#q2E1DDF,verified_local_archive
16,2360D1,110,https://oge.fipi.ru/bank/questions.php?proj=DE0E276E497AB3784C3FC4CC20248DC0&page=110&pagesize=10#q2360D1,https://oge.fipi.ru/bank/questions.php?proj=DE0E276E497AB3784C3FC4CC20248DC0&page=110#q2360D1,verified_local_archive
16,2FF9D2,110,https://oge.fipi.ru/bank/questions.php?proj=DE0E276E497AB3784C3FC4CC20248DC0&page=110&pagesize=10#q2FF9D2,https://oge.fipi.ru/bank/questions.php?proj=DE0E276E497AB3784C3FC4CC20248DC0&page=110#q2FF9D2,verified_local_archive
16,D91FD7,111,https://oge.fipi.ru/bank/questions.php?proj=DE0E276E497AB3784C3FC4CC20248DC0&page=111&pagesize=10#qD91FD7,https://oge.fipi.ru/bank/questions.php?proj=DE0E276E497AB3784C3FC4CC20248DC0&page=111#qD91FD7,verified_local_archive
16,D173D1,111,https://oge.fipi.ru/bank/questions.php?proj=DE0E276E497AB3784C3FC4CC20248DC0&page=111&pagesize=10#qD173D1,https://oge.fipi.ru/bank/questions.php?proj=DE0E276E497AB3784C3FC4CC20248DC0&page=111#qD173D1,verified_local_archive
16,DD88DC,112,https://oge.fipi.ru/bank/questions.php?proj=DE0E276E497AB3784C3FC4CC20248DC0&page=112&pagesize=10#qDD88DC,https://oge.fipi.ru/bank/questions.php?proj=DE0E276E497AB3784C3FC4CC20248DC0&page=112#qDD88DC,verified_local_archive
16,D20CD3,112,https://oge.fipi.ru/bank/questions.php?proj=DE0E276E497AB3784C3FC4CC20248DC0&page=112&pagesize=10#qD20CD3,https://oge.fipi.ru/bank/questions.php?proj=DE0E276E497AB3784C3FC4CC20248DC0&page=112#qD20CD3,verified_local_archive
16,54EED4,112,https://oge.fipi.ru/bank/questions.php?proj=DE0E276E497AB3784C3FC4CC20248DC0&page=112&pagesize=10#q54EED4,https://oge.fipi.ru/bank/questions.php?proj=DE0E276E497AB3784C3FC4CC20248DC0&page=112#q54EED4,verified_local_archive
16,5821D7,113,https://oge.fipi.ru/bank/questions.php?proj=DE0E276E497AB3784C3FC4CC20248DC0&page=113&pagesize=10#q5821D7,https://oge.fipi.ru/bank/questions.php?proj=DE0E276E497AB3784C3FC4CC20248DC0&page=113#q5821D7,verified_local_archive
16,5E6CD2,113,https://oge.fipi.ru/bank/questions.php?proj=DE0E276E497AB3784C3FC4CC20248DC0&page=113&pagesize=10#q5E6CD2,https://oge.fipi.ru/bank/questions.php?proj=DE0E276E497AB3784C3FC4CC20248DC0&page=113#q5E6CD2,verified_local_archive
16,E0EAD5,115,https://oge.fipi.ru/bank/questions.php?proj=DE0E276E497AB3784C3FC4CC20248DC0&page=115&pagesize=10#qE0EAD5,https://oge.fipi.ru/bank/questions.php?proj=DE0E276E497AB3784C3FC4CC20248DC0&page=115#qE0EAD5,verified_local_archive
16,ED02DC,116,https://oge.fipi.ru/bank/questions.php?proj=DE0E276E497AB3784C3FC4CC20248DC0&page=116&pagesize=10#qED02DC,https://oge.fipi.ru/bank/questions.php?proj=DE0E276E497AB3784C3FC4CC20248DC0&page=116#qED02DC,verified_local_archive
16,E5A7D3,116,https://oge.fipi.ru/bank/questions.php?proj=DE0E276E497AB3784C3FC4CC20248DC0&page=116&pagesize=10#qE5A7D3,https://oge.fipi.ru/bank/questions.php?proj=DE0E276E497AB3784C3FC4CC20248DC0&page=116#qE5A7D3,verified_local_archive
16,3519DC,117,https://oge.fipi.ru/bank/questions.php?proj=DE0E276E497AB3784C3FC4CC20248DC0&page=117&pagesize=10#q3519DC,https://oge.fipi.ru/bank/questions.php?proj=DE0E276E497AB3784C3FC4CC20248DC0&page=117#q3519DC,verified_local_archive
16,81B7DF,118,https://oge.fipi.ru/bank/questions.php?proj=DE0E276E497AB3784C3FC4CC20248DC0&page=118&pagesize=10#q81B7DF,https://oge.fipi.ru/bank/questions.php?proj=DE0E276E497AB3784C3FC4CC20248DC0&page=118#q81B7DF,verified_local_archive
16,40FF58,120,https://oge.fipi.ru/bank/questions.php?proj=DE0E276E497AB3784C3FC4CC20248DC0&page=120&pagesize=10#q40FF58,https://oge.fipi.ru/bank/questions.php?proj=DE0E276E497AB3784C3FC4CC20248DC0&page=120#q40FF58,verified_local_archive
16,443158,120,https://oge.fipi.ru/bank/questions.php?proj=DE0E276E497AB3784C3FC4CC20248DC0&page=120&pagesize=10#q443158,https://oge.fipi.ru/bank/questions.php?proj=DE0E276E497AB3784C3FC4CC20248DC0&page=120#q443158,verified_local_archive
16,7F1E51,121,https://oge.fipi.ru/bank/questions.php?proj=DE0E276E497AB3784C3FC4CC20248DC0&page=121&pagesize=10#q7F1E51,https://oge.fipi.ru/bank/questions.php?proj=DE0E276E497AB3784C3FC4CC20248DC0&page=121#q7F1E51,verified_local_archive
16,74C85E,122,https://oge.fipi.ru/bank/questions.php?proj=DE0E276E497AB3784C3FC4CC20248DC0&page=122&pagesize=10#q74C85E,https://oge.fipi.ru/bank/questions.php?proj=DE0E276E497AB3784C3FC4CC20248DC0&page=122#q74C85E,verified_local_archive
16,B1C05F,122,https://oge.fipi.ru/bank/questions.php?proj=DE0E276E497AB3784C3FC4CC20248DC0&page=122&pagesize=10#qB1C05F,https://oge.fipi.ru/bank/questions.php?proj=DE0E276E497AB3784C3FC4CC20248DC0&page=122#qB1C05F,verified_local_archive
16,1A1A54,123,https://oge.fipi.ru/bank/questions.php?proj=DE0E276E497AB3784C3FC4CC20248DC0&page=123&pagesize=10#q1A1A54,https://oge.fipi.ru/bank/questions.php?proj=DE0E276E497AB3784C3FC4CC20248DC0&page=123#q1A1A54,verified_local_archive
16,2E895A,124,https://oge.fipi.ru/bank/questions.php?proj=DE0E276E497AB3784C3FC4CC20248DC0&page=124&pagesize=10#q2E895A,https://oge.fipi.ru/bank/questions.php?proj=DE0E276E497AB3784C3FC4CC20248DC0&page=124#q2E895A,verified_local_archive
16,2B335C,124,https://oge.fipi.ru/bank/questions.php?proj=DE0E276E497AB3784C3FC4CC20248DC0&page=124&pagesize=10#q2B335C,https://oge.fipi.ru/bank/questions.php?proj=DE0E276E497AB3784C3FC4CC20248DC0&page=124#q2B335C,verified_local_archive
16,D1DC53,125,https://oge.fipi.ru/bank/questions.php?proj=DE0E276E497AB3784C3FC4CC20248DC0&page=125&pagesize=10#qD1DC53,https://oge.fipi.ru/bank/questions.php?proj=DE0E276E497AB3784C3FC4CC20248DC0&page=125#qD1DC53,verified_local_archive
16,CD5252,127,https://oge.fipi.ru/bank/questions.php?proj=DE0E276E497AB3784C3FC4CC20248DC0&page=127&pagesize=10#qCD5252,https://oge.fipi.ru/bank/questions.php?proj=DE0E276E497AB3784C3FC4CC20248DC0&page=127#qCD5252,verified_local_archive
16,E5AF5A,129,https://oge.fipi.ru/bank/questions.php?proj=DE0E276E497AB3784C3FC4CC20248DC0&page=129&pagesize=10#qE5AF5A,https://oge.fipi.ru/bank/questions.php?proj=DE0E276E497AB3784C3FC4CC20248DC0&page=129#qE5AF5A,verified_local_archive
16,69CD50,130,https://oge.fipi.ru/bank/questions.php?proj=DE0E276E497AB3784C3FC4CC20248DC0&page=130&pagesize=10#q69CD50,https://oge.fipi.ru/bank/questions.php?proj=DE0E276E497AB3784C3FC4CC20248DC0&page=130#q69CD50,verified_local_archive
16,65845E,131,https://oge.fipi.ru/bank/questions.php?proj=DE0E276E497AB3784C3FC4CC20248DC0&page=131&pagesize=10#q65845E,https://oge.fipi.ru/bank/questions.php?proj=DE0E276E497AB3784C3FC4CC20248DC0&page=131#q65845E,verified_local_archive
16,3C9359,131,https://oge.fipi.ru/bank/questions.php?proj=DE0E276E497AB3784C3FC4CC20248DC0&page=131&pagesize=10#q3C9359,https://oge.fipi.ru/bank/questions.php?proj=DE0E276E497AB3784C3FC4CC20248DC0&page=131#q3C9359,verified_local_archive
16,36955E,132,https://oge.fipi.ru/bank/questions.php?proj=DE0E276E497AB3784C3FC4CC20248DC0&page=132&pagesize=10#q36955E,https://oge.fipi.ru/bank/questions.php?proj=DE0E276E497AB3784C3FC4CC20248DC0&page=132#q36955E,verified_local_archive
16,4045A6,134,https://oge.fipi.ru/bank/questions.php?proj=DE0E276E497AB3784C3FC4CC20248DC0&page=134&pagesize=10#q4045A6,https://oge.fipi.ru/bank/questions.php?proj=DE0E276E497AB3784C3FC4CC20248DC0&page=134#q4045A6,verified_local_archive
16,074CAF,134,https://oge.fipi.ru/bank/questions.php?proj=DE0E276E497AB3784C3FC4CC20248DC0&page=134&pagesize=10#q074CAF,https://oge.fipi.ru/bank/questions.php?proj=DE0E276E497AB3784C3FC4CC20248DC0&page=134#q074CAF,verified_local_archive
16,078FAF,135,https://oge.fipi.ru/bank/questions.php?proj=DE0E276E497AB3784C3FC4CC20248DC0&page=135&pagesize=10#q078FAF,https://oge.fipi.ru/bank/questions.php?proj=DE0E276E497AB3784C3FC4CC20248DC0&page=135#q078FAF,verified_local_archive
16,7B13AD,135,https://oge.fipi.ru/bank/questions.php?proj=DE0E276E497AB3784C3FC4CC20248DC0&page=135&pagesize=10#q7B13AD,https://oge.fipi.ru/bank/questions.php?proj=DE0E276E497AB3784C3FC4CC20248DC0&page=135#q7B13AD,verified_local_archive
16,7CD3A9,136,https://oge.fipi.ru/bank/questions.php?proj=DE0E276E497AB3784C3FC4CC20248DC0&page=136&pagesize=10#q7CD3A9,https://oge.fipi.ru/bank/questions.php?proj=DE0E276E497AB3784C3FC4CC20248DC0&page=136#q7CD3A9,verified_local_archive
16,BA0CAE,137,https://oge.fipi.ru/bank/questions.php?proj=DE0E276E497AB3784C3FC4CC20248DC0&page=137&pagesize=10#qBA0CAE,https://oge.fipi.ru/bank/questions.php?proj=DE0E276E497AB3784C3FC4CC20248DC0&page=137#qBA0CAE,verified_local_archive
16,1314AB,137,https://oge.fipi.ru/bank/questions.php?proj=DE0E276E497AB3784C3FC4CC20248DC0&page=137&pagesize=10#q1314AB,https://oge.fipi.ru/bank/questions.php?proj=DE0E276E497AB3784C3FC4CC20248DC0&page=137#q1314AB,verified_local_archive
16,246FA5,138,https://oge.fipi.ru/bank/questions.php?proj=DE0E276E497AB3784C3FC4CC20248DC0&page=138&pagesize=10#q246FA5,https://oge.fipi.ru/bank/questions.php?proj=DE0E276E497AB3784C3FC4CC20248DC0&page=138#q246FA5,verified_local_archive
16,2438AC,138,https://oge.fipi.ru/bank/questions.php?proj=DE0E276E497AB3784C3FC4CC20248DC0&page=138&pagesize=10#q2438AC,https://oge.fipi.ru/bank/questions.php?proj=DE0E276E497AB3784C3FC4CC20248DC0&page=138#q2438AC,verified_local_archive
16,D96BAF,139,https://oge.fipi.ru/bank/questions.php?proj=DE0E276E497AB3784C3FC4CC20248DC0&page=139&pagesize=10#qD96BAF,https://oge.fipi.ru/bank/questions.php?proj=DE0E276E497AB3784C3FC4CC20248DC0&page=139#qD96BAF,verified_local_archive
16,DAE6A6,139,https://oge.fipi.ru/bank/questions.php?proj=DE0E276E497AB3784C3FC4CC20248DC0&page=139&pagesize=10#qDAE6A6,https://oge.fipi.ru/bank/questions.php?proj=DE0E276E497AB3784C3FC4CC20248DC0&page=139#qDAE6A6,verified_local_archive
16,569EAC,140,https://oge.fipi.ru/bank/questions.php?proj=DE0E276E497AB3784C3FC4CC20248DC0&page=140&pagesize=10#q569EAC,https://oge.fipi.ru/bank/questions.php?proj=DE0E276E497AB3784C3FC4CC20248DC0&page=140#q569EAC,verified_local_archive
16,5F0DA8,140,https://oge.fipi.ru/bank/questions.php?proj=DE0E276E497AB3784C3FC4CC20248DC0&page=140&pagesize=10#q5F0DA8,https://oge.fipi.ru/bank/questions.php?proj=DE0E276E497AB3784C3FC4CC20248DC0&page=140#q5F0DA8,verified_local_archive
16,AC3FA1,140,https://oge.fipi.ru/bank/questions.php?proj=DE0E276E497AB3784C3FC4CC20248DC0&page=140&pagesize=10#qAC3FA1,https://oge.fipi.ru/bank/questions.php?proj=DE0E276E497AB3784C3FC4CC20248DC0&page=140#qAC3FA1,verified_local_archive
16,C03CA1,141,https://oge.fipi.ru/bank/questions.php?proj=DE0E276E497AB3784C3FC4CC20248DC0&page=141&pagesize=10#qC03CA1,https://oge.fipi.ru/bank/questions.php?proj=DE0E276E497AB3784C3FC4CC20248DC0&page=141#qC03CA1,verified_local_archive
16,E4E4A6,142,https://oge.fipi.ru/bank/questions.php?proj=DE0E276E497AB3784C3FC4CC20248DC0&page=142&pagesize=10#qE4E4A6,https://oge.fipi.ru/bank/questions.php?proj=DE0E276E497AB3784C3FC4CC20248DC0&page=142#qE4E4A6,verified_local_archive
16,66A5A3,143,https://oge.fipi.ru/bank/questions.php?proj=DE0E276E497AB3784C3FC4CC20248DC0&page=143&pagesize=10#q66A5A3,https://oge.fipi.ru/bank/questions.php?proj=DE0E276E497AB3784C3FC4CC20248DC0&page=143#q66A5A3,verified_local_archive
16,31C2A9,144,https://oge.fipi.ru/bank/questions.php?proj=DE0E276E497AB3784C3FC4CC20248DC0&page=144&pagesize=10#q31C2A9,https://oge.fipi.ru/bank/questions.php?proj=DE0E276E497AB3784C3FC4CC20248DC0&page=144#q31C2A9,verified_local_archive
16,3A4AAE,144,https://oge.fipi.ru/bank/questions.php?proj=DE0E276E497AB3784C3FC4CC20248DC0&page=144&pagesize=10#q3A4AAE,https://oge.fipi.ru/bank/questions.php?proj=DE0E276E497AB3784C3FC4CC20248DC0&page=144#q3A4AAE,verified_local_archive
16,4FB9C5,146,https://oge.fipi.ru/bank/questions.php?proj=DE0E276E497AB3784C3FC4CC20248DC0&page=146&pagesize=10#q4FB9C5,https://oge.fipi.ru/bank/questions.php?proj=DE0E276E497AB3784C3FC4CC20248DC0&page=146#q4FB9C5,verified_local_archive
16,FE4FCD,147,https://oge.fipi.ru/bank/questions.php?proj=DE0E276E497AB3784C3FC4CC20248DC0&page=147&pagesize=10#qFE4FCD,https://oge.fipi.ru/bank/questions.php?proj=DE0E276E497AB3784C3FC4CC20248DC0&page=147#qFE4FCD,verified_local_archive
16,FE43C5,147,https://oge.fipi.ru/bank/questions.php?proj=DE0E276E497AB3784C3FC4CC20248DC0&page=147&pagesize=10#qFE43C5,https://oge.fipi.ru/bank/questions.php?proj=DE0E276E497AB3784C3FC4CC20248DC0&page=147#qFE43C5,verified_local_archive
16,F368CE,148,https://oge.fipi.ru/bank/questions.php?proj=DE0E276E497AB3784C3FC4CC20248DC0&page=148&pagesize=10#qF368CE,https://oge.fipi.ru/bank/questions.php?proj=DE0E276E497AB3784C3FC4CC20248DC0&page=148#qF368CE,verified_local_archive
16,0C87C3,149,https://oge.fipi.ru/bank/questions.php?proj=DE0E276E497AB3784C3FC4CC20248DC0&page=149&pagesize=10#q0C87C3,https://oge.fipi.ru/bank/questions.php?proj=DE0E276E497AB3784C3FC4CC20248DC0&page=149#q0C87C3,verified_local_archive
16,7E4CCF,149,https://oge.fipi.ru/bank/questions.php?proj=DE0E276E497AB3784C3FC4CC20248DC0&page=149&pagesize=10#q7E4CCF,https://oge.fipi.ru/bank/questions.php?proj=DE0E276E497AB3784C3FC4CC20248DC0&page=149#q7E4CCF,verified_local_archive
16,7435CB,149,https://oge.fipi.ru/bank/questions.php?proj=DE0E276E497AB3784C3FC4CC20248DC0&page=149&pagesize=10#q7435CB,https://oge.fipi.ru/bank/questions.php?proj=DE0E276E497AB3784C3FC4CC20248DC0&page=149#q7435CB,verified_local_archive
16,7134CE,150,https://oge.fipi.ru/bank/questions.php?proj=DE0E276E497AB3784C3FC4CC20248DC0&page=150&pagesize=10#q7134CE,https://oge.fipi.ru/bank/questions.php?proj=DE0E276E497AB3784C3FC4CC20248DC0&page=150#q7134CE,verified_local_archive
16,7533C8,150,https://oge.fipi.ru/bank/questions.php?proj=DE0E276E497AB3784C3FC4CC20248DC0&page=150&pagesize=10#q7533C8,https://oge.fipi.ru/bank/questions.php?proj=DE0E276E497AB3784C3FC4CC20248DC0&page=150#q7533C8,verified_local_archive
16,1D31C1,151,https://oge.fipi.ru/bank/questions.php?proj=DE0E276E497AB3784C3FC4CC20248DC0&page=151&pagesize=10#q1D31C1,https://oge.fipi.ru/bank/questions.php?proj=DE0E276E497AB3784C3FC4CC20248DC0&page=151#q1D31C1,verified_local_archive
16,1845C2,151,https://oge.fipi.ru/bank/questions.php?proj=DE0E276E497AB3784C3FC4CC20248DC0&page=151&pagesize=10#q1845C2,https://oge.fipi.ru/bank/questions.php?proj=DE0E276E497AB3784C3FC4CC20248DC0&page=151#q1845C2,verified_local_archive
16,17E9C9,151,https://oge.fipi.ru/bank/questions.php?proj=DE0E276E497AB3784C3FC4CC20248DC0&page=151&pagesize=10#q17E9C9,https://oge.fipi.ru/bank/questions.php?proj=DE0E276E497AB3784C3FC4CC20248DC0&page=151#q17E9C9,verified_local_archive
16,2231C2,152,https://oge.fipi.ru/bank/questions.php?proj=DE0E276E497AB3784C3FC4CC20248DC0&page=152&pagesize=10#q2231C2,https://oge.fipi.ru/bank/questions.php?proj=DE0E276E497AB3784C3FC4CC20248DC0&page=152#q2231C2,verified_local_archive
16,5DB6C1,153,https://oge.fipi.ru/bank/questions.php?proj=DE0E276E497AB3784C3FC4CC20248DC0&page=153&pagesize=10#q5DB6C1,https://oge.fipi.ru/bank/questions.php?proj=DE0E276E497AB3784C3FC4CC20248DC0&page=153#q5DB6C1,verified_local_archive
16,A17BC2,154,https://oge.fipi.ru/bank/questions.php?proj=DE0E276E497AB3784C3FC4CC20248DC0&page=154&pagesize=10#qA17BC2,https://oge.fipi.ru/bank/questions.php?proj=DE0E276E497AB3784C3FC4CC20248DC0&page=154#qA17BC2,verified_local_archive
16,E7F8CF,156,https://oge.fipi.ru/bank/questions.php?proj=DE0E276E497AB3784C3FC4CC20248DC0&page=156&pagesize=10#qE7F8CF,https://oge.fipi.ru/bank/questions.php?proj=DE0E276E497AB3784C3FC4CC20248DC0&page=156#qE7F8CF,verified_local_archive
16,8E90C6,159,https://oge.fipi.ru/bank/questions.php?proj=DE0E276E497AB3784C3FC4CC20248DC0&page=159&pagesize=10#q8E90C6,https://oge.fipi.ru/bank/questions.php?proj=DE0E276E497AB3784C3FC4CC20248DC0&page=159#q8E90C6,verified_local_archive
16,4CDB9E,160,https://oge.fipi.ru/bank/questions.php?proj=DE0E276E497AB3784C3FC4CC20248DC0&page=160&pagesize=10#q4CDB9E,https://oge.fipi.ru/bank/questions.php?proj=DE0E276E497AB3784C3FC4CC20248DC0&page=160#q4CDB9E,verified_local_archive
16,F45C93,161,https://oge.fipi.ru/bank/questions.php?proj=DE0E276E497AB3784C3FC4CC20248DC0&page=161&pagesize=10#qF45C93,https://oge.fipi.ru/bank/questions.php?proj=DE0E276E497AB3784C3FC4CC20248DC0&page=161#qF45C93,verified_local_archive
16,7BA393,163,https://oge.fipi.ru/bank/questions.php?proj=DE0E276E497AB3784C3FC4CC20248DC0&page=163&pagesize=10#q7BA393,https://oge.fipi.ru/bank/questions.php?proj=DE0E276E497AB3784C3FC4CC20248DC0&page=163#q7BA393,verified_local_archive
16,BBAB97,163,https://oge.fipi.ru/bank/questions.php?proj=DE0E276E497AB3784C3FC4CC20248DC0&page=163&pagesize=10#qBBAB97,https://oge.fipi.ru/bank/questions.php?proj=DE0E276E497AB3784C3FC4CC20248DC0&page=163#qBBAB97,verified_local_archive
16,B04F9A,163,https://oge.fipi.ru/bank/questions.php?proj=DE0E276E497AB3784C3FC4CC20248DC0&page=163&pagesize=10#qB04F9A,https://oge.fipi.ru/bank/questions.php?proj=DE0E276E497AB3784C3FC4CC20248DC0&page=163#qB04F9A,verified_local_archive
16,211998,165,https://oge.fipi.ru/bank/questions.php?proj=DE0E276E497AB3784C3FC4CC20248DC0&page=165&pagesize=10#q211998,https://oge.fipi.ru/bank/questions.php?proj=DE0E276E497AB3784C3FC4CC20248DC0&page=165#q211998,verified_local_archive
16,D00494,165,https://oge.fipi.ru/bank/questions.php?proj=DE0E276E497AB3784C3FC4CC20248DC0&page=165&pagesize=10#qD00494,https://oge.fipi.ru/bank/questions.php?proj=DE0E276E497AB3784C3FC4CC20248DC0&page=165#qD00494,verified_local_archive
16,565F9D,166,https://oge.fipi.ru/bank/questions.php?proj=DE0E276E497AB3784C3FC4CC20248DC0&page=166&pagesize=10#q565F9D,https://oge.fipi.ru/bank/questions.php?proj=DE0E276E497AB3784C3FC4CC20248DC0&page=166#q565F9D,verified_local_archive
16,A70D9B,167,https://oge.fipi.ru/bank/questions.php?proj=DE0E276E497AB3784C3FC4CC20248DC0&page=167&pagesize=10#qA70D9B,https://oge.fipi.ru/bank/questions.php?proj=DE0E276E497AB3784C3FC4CC20248DC0&page=167#qA70D9B,verified_local_archive
16,C2A29C,168,https://oge.fipi.ru/bank/questions.php?proj=DE0E276E497AB3784C3FC4CC20248DC0&page=168&pagesize=10#qC2A29C,https://oge.fipi.ru/bank/questions.php?proj=DE0E276E497AB3784C3FC4CC20248DC0&page=168#qC2A29C,verified_local_archive
16,C84B98,168,https://oge.fipi.ru/bank/questions.php?proj=DE0E276E497AB3784C3FC4CC20248DC0&page=168&pagesize=10#qC84B98,https://oge.fipi.ru/bank/questions.php?proj=DE0E276E497AB3784C3FC4CC20248DC0&page=168#qC84B98,verified_local_archive
16,9EF990,169,https://oge.fipi.ru/bank/questions.php?proj=DE0E276E497AB3784C3FC4CC20248DC0&page=169&pagesize=10#q9EF990,https://oge.fipi.ru/bank/questions.php?proj=DE0E276E497AB3784C3FC4CC20248DC0&page=169#q9EF990,verified_local_archive
16,9DA99C,170,https://oge.fipi.ru/bank/questions.php?proj=DE0E276E497AB3784C3FC4CC20248DC0&page=170&pagesize=10#q9DA99C,https://oge.fipi.ru/bank/questions.php?proj=DE0E276E497AB3784C3FC4CC20248DC0&page=170#q9DA99C,verified_local_archive
16,34D194,172,https://oge.fipi.ru/bank/questions.php?proj=DE0E276E497AB3784C3FC4CC20248DC0&page=172&pagesize=10#q34D194,https://oge.fipi.ru/bank/questions.php?proj=DE0E276E497AB3784C3FC4CC20248DC0&page=172#q34D194,verified_local_archive
16,80EA92,173,https://oge.fipi.ru/bank/questions.php?proj=DE0E276E497AB3784C3FC4CC20248DC0&page=173&pagesize=10#q80EA92,https://oge.fipi.ru/bank/questions.php?proj=DE0E276E497AB3784C3FC4CC20248DC0&page=173#q80EA92,verified_local_archive
16,44F7E4,173,https://oge.fipi.ru/bank/questions.php?proj=DE0E276E497AB3784C3FC4CC20248DC0&page=173&pagesize=10#q44F7E4,https://oge.fipi.ru/bank/questions.php?proj=DE0E276E497AB3784C3FC4CC20248DC0&page=173#q44F7E4,verified_local_archive
16,44DCE7,174,https://oge.fipi.ru/bank/questions.php?proj=DE0E276E497AB3784C3FC4CC20248DC0&page=174&pagesize=10#q44DCE7,https://oge.fipi.ru/bank/questions.php?proj=DE0E276E497AB3784C3FC4CC20248DC0&page=174#q44DCE7,verified_local_archive
16,0370EF,175,https://oge.fipi.ru/bank/questions.php?proj=DE0E276E497AB3784C3FC4CC20248DC0&page=175&pagesize=10#q0370EF,https://oge.fipi.ru/bank/questions.php?proj=DE0E276E497AB3784C3FC4CC20248DC0&page=175#q0370EF,verified_local_archive
16,7C5CEF,176,https://oge.fipi.ru/bank/questions.php?proj=DE0E276E497AB3784C3FC4CC20248DC0&page=176&pagesize=10#q7C5CEF,https://oge.fipi.ru/bank/questions.php?proj=DE0E276E497AB3784C3FC4CC20248DC0&page=176#q7C5CEF,verified_local_archive
16,7CF9EB,176,https://oge.fipi.ru/bank/questions.php?proj=DE0E276E497AB3784C3FC4CC20248DC0&page=176&pagesize=10#q7CF9EB,https://oge.fipi.ru/bank/questions.php?proj=DE0E276E497AB3784C3FC4CC20248DC0&page=176#q7CF9EB,verified_local_archive
16,BC46E4,177,https://oge.fipi.ru/bank/questions.php?proj=DE0E276E497AB3784C3FC4CC20248DC0&page=177&pagesize=10#qBC46E4,https://oge.fipi.ru/bank/questions.php?proj=DE0E276E497AB3784C3FC4CC20248DC0&page=177#qBC46E4,verified_local_archive
16,10A0E2,178,https://oge.fipi.ru/bank/questions.php?proj=DE0E276E497AB3784C3FC4CC20248DC0&page=178&pagesize=10#q10A0E2,https://oge.fipi.ru/bank/questions.php?proj=DE0E276E497AB3784C3FC4CC20248DC0&page=178#q10A0E2,verified_local_archive
16,1962E6,178,https://oge.fipi.ru/bank/questions.php?proj=DE0E276E497AB3784C3FC4CC20248DC0&page=178&pagesize=10#q1962E6,https://oge.fipi.ru/bank/questions.php?proj=DE0E276E497AB3784C3FC4CC20248DC0&page=178#q1962E6,verified_local_archive
16,2137EB,178,https://oge.fipi.ru/bank/questions.php?proj=DE0E276E497AB3784C3FC4CC20248DC0&page=178&pagesize=10#q2137EB,https://oge.fipi.ru/bank/questions.php?proj=DE0E276E497AB3784C3FC4CC20248DC0&page=178#q2137EB,verified_local_archive
16,2933EB,178,https://oge.fipi.ru/bank/questions.php?proj=DE0E276E497AB3784C3FC4CC20248DC0&page=178&pagesize=10#q2933EB,https://oge.fipi.ru/bank/questions.php?proj=DE0E276E497AB3784C3FC4CC20248DC0&page=178#q2933EB,verified_local_archive
16,D136EB,180,https://oge.fipi.ru/bank/questions.php?proj=DE0E276E497AB3784C3FC4CC20248DC0&page=180&pagesize=10#qD136EB,https://oge.fipi.ru/bank/questions.php?proj=DE0E276E497AB3784C3FC4CC20248DC0&page=180#qD136EB,verified_local_archive
16,D852E5,180,https://oge.fipi.ru/bank/questions.php?proj=DE0E276E497AB3784C3FC4CC20248DC0&page=180&pagesize=10#qD852E5,https://oge.fipi.ru/bank/questions.php?proj=DE0E276E497AB3784C3FC4CC20248DC0&page=180#qD852E5,verified_local_archive
16,D82EE3,180,https://oge.fipi.ru/bank/questions.php?proj=DE0E276E497AB3784C3FC4CC20248DC0&page=180&pagesize=10#qD82EE3,https://oge.fipi.ru/bank/questions.php?proj=DE0E276E497AB3784C3FC4CC20248DC0&page=180#qD82EE3,verified_local_archive
16,5435EA,181,https://oge.fipi.ru/bank/questions.php?proj=DE0E276E497AB3784C3FC4CC20248DC0&page=181&pagesize=10#q5435EA,https://oge.fipi.ru/bank/questions.php?proj=DE0E276E497AB3784C3FC4CC20248DC0&page=181#q5435EA,verified_local_archive
16,5D89E6,182,https://oge.fipi.ru/bank/questions.php?proj=DE0E276E497AB3784C3FC4CC20248DC0&page=182&pagesize=10#q5D89E6,https://oge.fipi.ru/bank/questions.php?proj=DE0E276E497AB3784C3FC4CC20248DC0&page=182#q5D89E6,verified_local_archive
16,A625E2,182,https://oge.fipi.ru/bank/questions.php?proj=DE0E276E497AB3784C3FC4CC20248DC0&page=182&pagesize=10#qA625E2,https://oge.fipi.ru/bank/questions.php?proj=DE0E276E497AB3784C3FC4CC20248DC0&page=182#qA625E2,verified_local_archive
16,C8A9ED,183,https://oge.fipi.ru/bank/questions.php?proj=DE0E276E497AB3784C3FC4CC20248DC0&page=183&pagesize=10#qC8A9ED,https://oge.fipi.ru/bank/questions.php?proj=DE0E276E497AB3784C3FC4CC20248DC0&page=183#qC8A9ED,verified_local_archive
16,6D03EB,185,https://oge.fipi.ru/bank/questions.php?proj=DE0E276E497AB3784C3FC4CC20248DC0&page=185&pagesize=10#q6D03EB,https://oge.fipi.ru/bank/questions.php?proj=DE0E276E497AB3784C3FC4CC20248DC0&page=185#q6D03EB,verified_local_archive
16,3B61EF,185,https://oge.fipi.ru/bank/questions.php?proj=DE0E276E497AB3784C3FC4CC20248DC0&page=185&pagesize=10#q3B61EF,https://oge.fipi.ru/bank/questions.php?proj=DE0E276E497AB3784C3FC4CC20248DC0&page=185#q3B61EF,verified_local_archive
16,3816E1,185,https://oge.fipi.ru/bank/questions.php?proj=DE0E276E497AB3784C3FC4CC20248DC0&page=185&pagesize=10#q3816E1,https://oge.fipi.ru/bank/questions.php?proj=DE0E276E497AB3784C3FC4CC20248DC0&page=185#q3816E1,verified_local_archive
16,3739E9,186,https://oge.fipi.ru/bank/questions.php?proj=DE0E276E497AB3784C3FC4CC20248DC0&page=186&pagesize=10#q3739E9,https://oge.fipi.ru/bank/questions.php?proj=DE0E276E497AB3784C3FC4CC20248DC0&page=186#q3739E9,verified_local_archive
16,3978E6,186,https://oge.fipi.ru/bank/questions.php?proj=DE0E276E497AB3784C3FC4CC20248DC0&page=186&pagesize=10#q3978E6,https://oge.fipi.ru/bank/questions.php?proj=DE0E276E497AB3784C3FC4CC20248DC0&page=186#q3978E6,verified_local_archive
16,4B2B64,188,https://oge.fipi.ru/bank/questions.php?proj=DE0E276E497AB3784C3FC4CC20248DC0&page=188&pagesize=10#q4B2B64,https://oge.fipi.ru/bank/questions.php?proj=DE0E276E497AB3784C3FC4CC20248DC0&page=188#q4B2B64,verified_local_archive
16,F83E67,189,https://oge.fipi.ru/bank/questions.php?proj=DE0E276E497AB3784C3FC4CC20248DC0&page=189&pagesize=10#qF83E67,https://oge.fipi.ru/bank/questions.php?proj=DE0E276E497AB3784C3FC4CC20248DC0&page=189#qF83E67,verified_local_archive
16,0AEB63,190,https://oge.fipi.ru/bank/questions.php?proj=DE0E276E497AB3784C3FC4CC20248DC0&page=190&pagesize=10#q0AEB63,https://oge.fipi.ru/bank/questions.php?proj=DE0E276E497AB3784C3FC4CC20248DC0&page=190#q0AEB63,verified_local_archive
16,1C5C6F,192,https://oge.fipi.ru/bank/questions.php?proj=DE0E276E497AB3784C3FC4CC20248DC0&page=192&pagesize=10#q1C5C6F,https://oge.fipi.ru/bank/questions.php?proj=DE0E276E497AB3784C3FC4CC20248DC0&page=192#q1C5C6F,verified_local_archive
16,16B266,193,https://oge.fipi.ru/bank/questions.php?proj=DE0E276E497AB3784C3FC4CC20248DC0&page=193&pagesize=10#q16B266,https://oge.fipi.ru/bank/questions.php?proj=DE0E276E497AB3784C3FC4CC20248DC0&page=193#q16B266,verified_local_archive
16,A4486B,196,https://oge.fipi.ru/bank/questions.php?proj=DE0E276E497AB3784C3FC4CC20248DC0&page=196&pagesize=10#qA4486B,https://oge.fipi.ru/bank/questions.php?proj=DE0E276E497AB3784C3FC4CC20248DC0&page=196#qA4486B,verified_local_archive
16,C0C769,197,https://oge.fipi.ru/bank/questions.php?proj=DE0E276E497AB3784C3FC4CC20248DC0&page=197&pagesize=10#qC0C769,https://oge.fipi.ru/bank/questions.php?proj=DE0E276E497AB3784C3FC4CC20248DC0&page=197#qC0C769,verified_local_archive
16,983363,198,https://oge.fipi.ru/bank/questions.php?proj=DE0E276E497AB3784C3FC4CC20248DC0&page=198&pagesize=10#q983363,https://oge.fipi.ru/bank/questions.php?proj=DE0E276E497AB3784C3FC4CC20248DC0&page=198#q983363,verified_local_archive
16,E17B64,199,https://oge.fipi.ru/bank/questions.php?proj=DE0E276E497AB3784C3FC4CC20248DC0&page=199&pagesize=10#qE17B64,https://oge.fipi.ru/bank/questions.php?proj=DE0E276E497AB3784C3FC4CC20248DC0&page=199#qE17B64,verified_local_archive
16,EF5960,199,https://oge.fipi.ru/bank/questions.php?proj=DE0E276E497AB3784C3FC4CC20248DC0&page=199&pagesize=10#qEF5960,https://oge.fipi.ru/bank/questions.php?proj=DE0E276E497AB3784C3FC4CC20248DC0&page=199#qEF5960,verified_local_archive
16,E7626A,199,https://oge.fipi.ru/bank/questions.php?proj=DE0E276E497AB3784C3FC4CC20248DC0&page=199&pagesize=10#qE7626A,https://oge.fipi.ru/bank/questions.php?proj=DE0E276E497AB3784C3FC4CC20248DC0&page=199#qE7626A,verified_local_archive
16,EC1F63,199,https://oge.fipi.ru/bank/questions.php?proj=DE0E276E497AB3784C3FC4CC20248DC0&page=199&pagesize=10#qEC1F63,https://oge.fipi.ru/bank/questions.php?proj=DE0E276E497AB3784C3FC4CC20248DC0&page=199#qEC1F63,verified_local_archive
16,6E696F,200,https://oge.fipi.ru/bank/questions.php?proj=DE0E276E497AB3784C3FC4CC20248DC0&page=200&pagesize=10#q6E696F,https://oge.fipi.ru/bank/questions.php?proj=DE0E276E497AB3784C3FC4CC20248DC0&page=200#q6E696F,verified_local_archive
16,6B6C6E,201,https://oge.fipi.ru/bank/questions.php?proj=DE0E276E497AB3784C3FC4CC20248DC0&page=201&pagesize=10#q6B6C6E,https://oge.fipi.ru/bank/questions.php?proj=DE0E276E497AB3784C3FC4CC20248DC0&page=201#q6B6C6E,verified_local_archive
16,385365,201,https://oge.fipi.ru/bank/questions.php?proj=DE0E276E497AB3784C3FC4CC20248DC0&page=201&pagesize=10#q385365,https://oge.fipi.ru/bank/questions.php?proj=DE0E276E497AB3784C3FC4CC20248DC0&page=201#q385365,verified_local_archive
16,88F766,202,https://oge.fipi.ru/bank/questions.php?proj=DE0E276E497AB3784C3FC4CC20248DC0&page=202&pagesize=10#q88F766,https://oge.fipi.ru/bank/questions.php?proj=DE0E276E497AB3784C3FC4CC20248DC0&page=202#q88F766,verified_local_archive
16,4A4F32,203,https://oge.fipi.ru/bank/questions.php?proj=DE0E276E497AB3784C3FC4CC20248DC0&page=203&pagesize=10#q4A4F32,https://oge.fipi.ru/bank/questions.php?proj=DE0E276E497AB3784C3FC4CC20248DC0&page=203#q4A4F32,verified_local_archive
16,F27430,203,https://oge.fipi.ru/bank/questions.php?proj=DE0E276E497AB3784C3FC4CC20248DC0&page=203&pagesize=10#qF27430,https://oge.fipi.ru/bank/questions.php?proj=DE0E276E497AB3784C3FC4CC20248DC0&page=203#qF27430,verified_local_archive
16,F4E03B,204,https://oge.fipi.ru/bank/questions.php?proj=DE0E276E497AB3784C3FC4CC20248DC0&page=204&pagesize=10#qF4E03B,https://oge.fipi.ru/bank/questions.php?proj=DE0E276E497AB3784C3FC4CC20248DC0&page=204#qF4E03B,verified_local_archive
16,F99836,204,https://oge.fipi.ru/bank/questions.php?proj=DE0E276E497AB3784C3FC4CC20248DC0&page=204&pagesize=10#qF99836,https://oge.fipi.ru/bank/questions.php?proj=DE0E276E497AB3784C3FC4CC20248DC0&page=204#qF99836,verified_local_archive
16,093734,204,https://oge.fipi.ru/bank/questions.php?proj=DE0E276E497AB3784C3FC4CC20248DC0&page=204&pagesize=10#q093734,https://oge.fipi.ru/bank/questions.php?proj=DE0E276E497AB3784C3FC4CC20248DC0&page=204#q093734,verified_local_archive
16,BA3134,206,https://oge.fipi.ru/bank/questions.php?proj=DE0E276E497AB3784C3FC4CC20248DC0&page=206&pagesize=10#qBA3134,https://oge.fipi.ru/bank/questions.php?proj=DE0E276E497AB3784C3FC4CC20248DC0&page=206#qBA3134,verified_local_archive
16,BD4933,206,https://oge.fipi.ru/bank/questions.php?proj=DE0E276E497AB3784C3FC4CC20248DC0&page=206&pagesize=10#qBD4933,https://oge.fipi.ru/bank/questions.php?proj=DE0E276E497AB3784C3FC4CC20248DC0&page=206#qBD4933,verified_local_archive
16,1B393E,207,https://oge.fipi.ru/bank/questions.php?proj=DE0E276E497AB3784C3FC4CC20248DC0&page=207&pagesize=10#q1B393E,https://oge.fipi.ru/bank/questions.php?proj=DE0E276E497AB3784C3FC4CC20248DC0&page=207#q1B393E,verified_local_archive
16,2A7231,208,https://oge.fipi.ru/bank/questions.php?proj=DE0E276E497AB3784C3FC4CC20248DC0&page=208&pagesize=10#q2A7231,https://oge.fipi.ru/bank/questions.php?proj=DE0E276E497AB3784C3FC4CC20248DC0&page=208#q2A7231,verified_local_archive
16,D5823B,209,https://oge.fipi.ru/bank/questions.php?proj=DE0E276E497AB3784C3FC4CC20248DC0&page=209&pagesize=10#qD5823B,https://oge.fipi.ru/bank/questions.php?proj=DE0E276E497AB3784C3FC4CC20248DC0&page=209#qD5823B,verified_local_archive
16,DDDC3E,209,https://oge.fipi.ru/bank/questions.php?proj=DE0E276E497AB3784C3FC4CC20248DC0&page=209&pagesize=10#qDDDC3E,https://oge.fipi.ru/bank/questions.php?proj=DE0E276E497AB3784C3FC4CC20248DC0&page=209#qDDDC3E,verified_local_archive
16,D41B33,209,https://oge.fipi.ru/bank/questions.php?proj=DE0E276E497AB3784C3FC4CC20248DC0&page=209&pagesize=10#qD41B33,https://oge.fipi.ru/bank/questions.php?proj=DE0E276E497AB3784C3FC4CC20248DC0&page=209#qD41B33,verified_local_archive
16,CBE537,211,https://oge.fipi.ru/bank/questions.php?proj=DE0E276E497AB3784C3FC4CC20248DC0&page=211&pagesize=10#qCBE537,https://oge.fipi.ru/bank/questions.php?proj=DE0E276E497AB3784C3FC4CC20248DC0&page=211#qCBE537,verified_local_archive
16,E12730,213,https://oge.fipi.ru/bank/questions.php?proj=DE0E276E497AB3784C3FC4CC20248DC0&page=213&pagesize=10#qE12730,https://oge.fipi.ru/bank/questions.php?proj=DE0E276E497AB3784C3FC4CC20248DC0&page=213#qE12730,verified_local_archive
16,ED6F3D,213,https://oge.fipi.ru/bank/questions.php?proj=DE0E276E497AB3784C3FC4CC20248DC0&page=213&pagesize=10#qED6F3D,https://oge.fipi.ru/bank/questions.php?proj=DE0E276E497AB3784C3FC4CC20248DC0&page=213#qED6F3D,verified_local_archive
16,6A4430,214,https://oge.fipi.ru/bank/questions.php?proj=DE0E276E497AB3784C3FC4CC20248DC0&page=214&pagesize=10#q6A4430,https://oge.fipi.ru/bank/questions.php?proj=DE0E276E497AB3784C3FC4CC20248DC0&page=214#q6A4430,verified_local_archive
16,6C273B,214,https://oge.fipi.ru/bank/questions.php?proj=DE0E276E497AB3784C3FC4CC20248DC0&page=214&pagesize=10#q6C273B,https://oge.fipi.ru/bank/questions.php?proj=DE0E276E497AB3784C3FC4CC20248DC0&page=214#q6C273B,verified_local_archive
16,654235,215,https://oge.fipi.ru/bank/questions.php?proj=DE0E276E497AB3784C3FC4CC20248DC0&page=215&pagesize=10#q654235,https://oge.fipi.ru/bank/questions.php?proj=DE0E276E497AB3784C3FC4CC20248DC0&page=215#q654235,verified_local_archive
16,341F31,215,https://oge.fipi.ru/bank/questions.php?proj=DE0E276E497AB3784C3FC4CC20248DC0&page=215&pagesize=10#q341F31,https://oge.fipi.ru/bank/questions.php?proj=DE0E276E497AB3784C3FC4CC20248DC0&page=215#q341F31,verified_local_archive
16,4D798A,217,https://oge.fipi.ru/bank/questions.php?proj=DE0E276E497AB3784C3FC4CC20248DC0&page=217&pagesize=10#q4D798A,https://oge.fipi.ru/bank/questions.php?proj=DE0E276E497AB3784C3FC4CC20248DC0&page=217#q4D798A,verified_local_archive
16,F90F80,217,https://oge.fipi.ru/bank/questions.php?proj=DE0E276E497AB3784C3FC4CC20248DC0&page=217&pagesize=10#qF90F80,https://oge.fipi.ru/bank/questions.php?proj=DE0E276E497AB3784C3FC4CC20248DC0&page=217#qF90F80,verified_local_archive
16,FA828D,218,https://oge.fipi.ru/bank/questions.php?proj=DE0E276E497AB3784C3FC4CC20248DC0&page=218&pagesize=10#qFA828D,https://oge.fipi.ru/bank/questions.php?proj=DE0E276E497AB3784C3FC4CC20248DC0&page=218#qFA828D,verified_local_archive
16,FF8B8C,218,https://oge.fipi.ru/bank/questions.php?proj=DE0E276E497AB3784C3FC4CC20248DC0&page=218&pagesize=10#qFF8B8C,https://oge.fipi.ru/bank/questions.php?proj=DE0E276E497AB3784C3FC4CC20248DC0&page=218#qFF8B8C,verified_local_archive
16,24D584,221,https://oge.fipi.ru/bank/questions.php?proj=DE0E276E497AB3784C3FC4CC20248DC0&page=221&pagesize=10#q24D584,https://oge.fipi.ru/bank/questions.php?proj=DE0E276E497AB3784C3FC4CC20248DC0&page=221#q24D584,verified_local_archive
16,202F8B,222,https://oge.fipi.ru/bank/questions.php?proj=DE0E276E497AB3784C3FC4CC20248DC0&page=222&pagesize=10#q202F8B,https://oge.fipi.ru/bank/questions.php?proj=DE0E276E497AB3784C3FC4CC20248DC0&page=222#q202F8B,verified_local_archive
16,D00D8E,223,https://oge.fipi.ru/bank/questions.php?proj=DE0E276E497AB3784C3FC4CC20248DC0&page=223&pagesize=10#qD00D8E,https://oge.fipi.ru/bank/questions.php?proj=DE0E276E497AB3784C3FC4CC20248DC0&page=223#qD00D8E,verified_local_archive
16,DE7F8E,223,https://oge.fipi.ru/bank/questions.php?proj=DE0E276E497AB3784C3FC4CC20248DC0&page=223&pagesize=10#qDE7F8E,https://oge.fipi.ru/bank/questions.php?proj=DE0E276E497AB3784C3FC4CC20248DC0&page=223#qDE7F8E,verified_local_archive
16,A54182,224,https://oge.fipi.ru/bank/questions.php?proj=DE0E276E497AB3784C3FC4CC20248DC0&page=224&pagesize=10#qA54182,https://oge.fipi.ru/bank/questions.php?proj=DE0E276E497AB3784C3FC4CC20248DC0&page=224#qA54182,verified_local_archive
16,C5328F,224,https://oge.fipi.ru/bank/questions.php?proj=DE0E276E497AB3784C3FC4CC20248DC0&page=224&pagesize=10#qC5328F,https://oge.fipi.ru/bank/questions.php?proj=DE0E276E497AB3784C3FC4CC20248DC0&page=224#qC5328F,verified_local_archive
16,911082,226,https://oge.fipi.ru/bank/questions.php?proj=DE0E276E497AB3784C3FC4CC20248DC0&page=226&pagesize=10#q911082,https://oge.fipi.ru/bank/questions.php?proj=DE0E276E497AB3784C3FC4CC20248DC0&page=226#q911082,verified_local_archive
16,91D482,226,https://oge.fipi.ru/bank/questions.php?proj=DE0E276E497AB3784C3FC4CC20248DC0&page=226&pagesize=10#q91D482,https://oge.fipi.ru/bank/questions.php?proj=DE0E276E497AB3784C3FC4CC20248DC0&page=226#q91D482,verified_local_archive
16,E74D85,227,https://oge.fipi.ru/bank/questions.php?proj=DE0E276E497AB3784C3FC4CC20248DC0&page=227&pagesize=10#qE74D85,https://oge.fipi.ru/bank/questions.php?proj=DE0E276E497AB3784C3FC4CC20248DC0&page=227#qE74D85,verified_local_archive
16,6D0284,228,https://oge.fipi.ru/bank/questions.php?proj=DE0E276E497AB3784C3FC4CC20248DC0&page=228&pagesize=10#q6D0284,https://oge.fipi.ru/bank/questions.php?proj=DE0E276E497AB3784C3FC4CC20248DC0&page=228#q6D0284,verified_local_archive
16,7EA942,232,https://oge.fipi.ru/bank/questions.php?proj=DE0E276E497AB3784C3FC4CC20248DC0&page=232&pagesize=10#q7EA942,https://oge.fipi.ru/bank/questions.php?proj=DE0E276E497AB3784C3FC4CC20248DC0&page=232#q7EA942,verified_local_archive
16,25984A,233,https://oge.fipi.ru/bank/questions.php?proj=DE0E276E497AB3784C3FC4CC20248DC0&page=233&pagesize=10#q25984A,https://oge.fipi.ru/bank/questions.php?proj=DE0E276E497AB3784C3FC4CC20248DC0&page=233#q25984A,verified_local_archive
16,A1E947,234,https://oge.fipi.ru/bank/questions.php?proj=DE0E276E497AB3784C3FC4CC20248DC0&page=234&pagesize=10#qA1E947,https://oge.fipi.ru/bank/questions.php?proj=DE0E276E497AB3784C3FC4CC20248DC0&page=234#qA1E947,verified_local_archive
16,967D41,235,https://oge.fipi.ru/bank/questions.php?proj=DE0E276E497AB3784C3FC4CC20248DC0&page=235&pagesize=10#q967D41,https://oge.fipi.ru/bank/questions.php?proj=DE0E276E497AB3784C3FC4CC20248DC0&page=235#q967D41,verified_local_archive
16,85B940,236,https://oge.fipi.ru/bank/questions.php?proj=DE0E276E497AB3784C3FC4CC20248DC0&page=236&pagesize=10#q85B940,https://oge.fipi.ru/bank/questions.php?proj=DE0E276E497AB3784C3FC4CC20248DC0&page=236#q85B940,verified_local_archive
16,92CEF5,241,https://oge.fipi.ru/bank/questions.php?proj=DE0E276E497AB3784C3FC4CC20248DC0&page=241&pagesize=10#q92CEF5,https://oge.fipi.ru/bank/questions.php?proj=DE0E276E497AB3784C3FC4CC20248DC0&page=241#q92CEF5,verified_local_archive
16,3F98F8,243,https://oge.fipi.ru/bank/questions.php?proj=DE0E276E497AB3784C3FC4CC20248DC0&page=243&pagesize=10#q3F98F8,https://oge.fipi.ru/bank/questions.php?proj=DE0E276E497AB3784C3FC4CC20248DC0&page=243#q3F98F8,verified_local_archive
16,B37007,244,https://oge.fipi.ru/bank/questions.php?proj=DE0E276E497AB3784C3FC4CC20248DC0&page=244&pagesize=10#qB37007,https://oge.fipi.ru/bank/questions.php?proj=DE0E276E497AB3784C3FC4CC20248DC0&page=244#qB37007,verified_local_archive
16,136701,244,https://oge.fipi.ru/bank/questions.php?proj=DE0E276E497AB3784C3FC4CC20248DC0&page=244&pagesize=10#q136701,https://oge.fipi.ru/bank/questions.php?proj=DE0E276E497AB3784C3FC4CC20248DC0&page=244#q136701,verified_local_archive
16,11D206,244,https://oge.fipi.ru/bank/questions.php?proj=DE0E276E497AB3784C3FC4CC20248DC0&page=244&pagesize=10#q11D206,https://oge.fipi.ru/bank/questions.php?proj=DE0E276E497AB3784C3FC4CC20248DC0&page=244#q11D206,verified_local_archive
16,F0857F,248,https://oge.fipi.ru/bank/questions.php?proj=DE0E276E497AB3784C3FC4CC20248DC0&page=248&pagesize=10#qF0857F,https://oge.fipi.ru/bank/questions.php?proj=DE0E276E497AB3784C3FC4CC20248DC0&page=248#qF0857F,verified_local_archive
16,04CA75,249,https://oge.fipi.ru/bank/questions.php?proj=DE0E276E497AB3784C3FC4CC20248DC0&page=249&pagesize=10#q04CA75,https://oge.fipi.ru/bank/questions.php?proj=DE0E276E497AB3784C3FC4CC20248DC0&page=249#q04CA75,verified_local_archive
16,74A67E,249,https://oge.fipi.ru/bank/questions.php?proj=DE0E276E497AB3784C3FC4CC20248DC0&page=249&pagesize=10#q74A67E,https://oge.fipi.ru/bank/questions.php?proj=DE0E276E497AB3784C3FC4CC20248DC0&page=249#q74A67E,verified_local_archive
16,D51D7A,251,https://oge.fipi.ru/bank/questions.php?proj=DE0E276E497AB3784C3FC4CC20248DC0&page=251&pagesize=10#qD51D7A,https://oge.fipi.ru/bank/questions.php?proj=DE0E276E497AB3784C3FC4CC20248DC0&page=251#qD51D7A,verified_local_archive
16,EB107F,252,https://oge.fipi.ru/bank/questions.php?proj=DE0E276E497AB3784C3FC4CC20248DC0&page=252&pagesize=10#qEB107F,https://oge.fipi.ru/bank/questions.php?proj=DE0E276E497AB3784C3FC4CC20248DC0&page=252#qEB107F,verified_local_archive
16,0735B5,254,https://oge.fipi.ru/bank/questions.php?proj=DE0E276E497AB3784C3FC4CC20248DC0&page=254&pagesize=10#q0735B5,https://oge.fipi.ru/bank/questions.php?proj=DE0E276E497AB3784C3FC4CC20248DC0&page=254#q0735B5,verified_local_archive
16,F3C6D5,272,https://oge.fipi.ru/bank/questions.php?proj=DE0E276E497AB3784C3FC4CC20248DC0&page=272&pagesize=10#qF3C6D5,https://oge.fipi.ru/bank/questions.php?proj=DE0E276E497AB3784C3FC4CC20248DC0&page=272#qF3C6D5,verified_local_archive
16,D323D4,274,https://oge.fipi.ru/bank/questions.php?proj=DE0E276E497AB3784C3FC4CC20248DC0&page=274&pagesize=10#qD323D4,https://oge.fipi.ru/bank/questions.php?proj=DE0E276E497AB3784C3FC4CC20248DC0&page=274#qD323D4,verified_local_archive
16,5339DB,275,https://oge.fipi.ru/bank/questions.php?proj=DE0E276E497AB3784C3FC4CC20248DC0&page=275&pagesize=10#q5339DB,https://oge.fipi.ru/bank/questions.php?proj=DE0E276E497AB3784C3FC4CC20248DC0&page=275#q5339DB,verified_local_archive
16,E9B8D4,276,https://oge.fipi.ru/bank/questions.php?proj=DE0E276E497AB3784C3FC4CC20248DC0&page=276&pagesize=10#qE9B8D4,https://oge.fipi.ru/bank/questions.php?proj=DE0E276E497AB3784C3FC4CC20248DC0&page=276#qE9B8D4,verified_local_archive
16,40FA58,277,https://oge.fipi.ru/bank/questions.php?proj=DE0E276E497AB3784C3FC4CC20248DC0&page=277&pagesize=10#q40FA58,https://oge.fipi.ru/bank/questions.php?proj=DE0E276E497AB3784C3FC4CC20248DC0&page=277#q40FA58,verified_local_archive
16,084057,277,https://oge.fipi.ru/bank/questions.php?proj=DE0E276E497AB3784C3FC4CC20248DC0&page=277&pagesize=10#q084057,https://oge.fipi.ru/bank/questions.php?proj=DE0E276E497AB3784C3FC4CC20248DC0&page=277#q084057,verified_local_archive
16,058757,277,https://oge.fipi.ru/bank/questions.php?proj=DE0E276E497AB3784C3FC4CC20248DC0&page=277&pagesize=10#q058757,https://oge.fipi.ru/bank/questions.php?proj=DE0E276E497AB3784C3FC4CC20248DC0&page=277#q058757,verified_local_archive
16,139758,279,https://oge.fipi.ru/bank/questions.php?proj=DE0E276E497AB3784C3FC4CC20248DC0&page=279&pagesize=10#q139758,https://oge.fipi.ru/bank/questions.php?proj=DE0E276E497AB3784C3FC4CC20248DC0&page=279#q139758,verified_local_archive
16,CD2C58,281,https://oge.fipi.ru/bank/questions.php?proj=DE0E276E497AB3784C3FC4CC20248DC0&page=281&pagesize=10#qCD2C58,https://oge.fipi.ru/bank/questions.php?proj=DE0E276E497AB3784C3FC4CC20248DC0&page=281#qCD2C58,verified_local_archive
16,65C65C,282,https://oge.fipi.ru/bank/questions.php?proj=DE0E276E497AB3784C3FC4CC20248DC0&page=282&pagesize=10#q65C65C,https://oge.fipi.ru/bank/questions.php?proj=DE0E276E497AB3784C3FC4CC20248DC0&page=282#q65C65C,verified_local_archive
16,3ACE56,283,https://oge.fipi.ru/bank/questions.php?proj=DE0E276E497AB3784C3FC4CC20248DC0&page=283&pagesize=10#q3ACE56,https://oge.fipi.ru/bank/questions.php?proj=DE0E276E497AB3784C3FC4CC20248DC0&page=283#q3ACE56,verified_local_archive
16,3EE8A1,287,https://oge.fipi.ru/bank/questions.php?proj=DE0E276E497AB3784C3FC4CC20248DC0&page=287&pagesize=10#q3EE8A1,https://oge.fipi.ru/bank/questions.php?proj=DE0E276E497AB3784C3FC4CC20248DC0&page=287#q3EE8A1,verified_local_archive
16,13AAC3,290,https://oge.fipi.ru/bank/questions.php?proj=DE0E276E497AB3784C3FC4CC20248DC0&page=290&pagesize=10#q13AAC3,https://oge.fipi.ru/bank/questions.php?proj=DE0E276E497AB3784C3FC4CC20248DC0&page=290#q13AAC3,verified_local_archive
16,9940C8,293,https://oge.fipi.ru/bank/questions.php?proj=DE0E276E497AB3784C3FC4CC20248DC0&page=293&pagesize=10#q9940C8,https://oge.fipi.ru/bank/questions.php?proj=DE0E276E497AB3784C3FC4CC20248DC0&page=293#q9940C8,verified_local_archive
16,EBE0C0,293,https://oge.fipi.ru/bank/questions.php?proj=DE0E276E497AB3784C3FC4CC20248DC0&page=293&pagesize=10#qEBE0C0,https://oge.fipi.ru/bank/questions.php?proj=DE0E276E497AB3784C3FC4CC20248DC0&page=293#qEBE0C0,verified_local_archive
16,49FE9E,295,https://oge.fipi.ru/bank/questions.php?proj=DE0E276E497AB3784C3FC4CC20248DC0&page=295&pagesize=10#q49FE9E,https://oge.fipi.ru/bank/questions.php?proj=DE0E276E497AB3784C3FC4CC20248DC0&page=295#q49FE9E,verified_local_archive
16,47709E,295,https://oge.fipi.ru/bank/questions.php?proj=DE0E276E497AB3784C3FC4CC20248DC0&page=295&pagesize=10#q47709E,https://oge.fipi.ru/bank/questions.php?proj=DE0E276E497AB3784C3FC4CC20248DC0&page=295#q47709E,verified_local_archive
16,285A97,297,https://oge.fipi.ru/bank/questions.php?proj=DE0E276E497AB3784C3FC4CC20248DC0&page=297&pagesize=10#q285A97,https://oge.fipi.ru/bank/questions.php?proj=DE0E276E497AB3784C3FC4CC20248DC0&page=297#q285A97,verified_local_archive
16,6D9F94,300,https://oge.fipi.ru/bank/questions.php?proj=DE0E276E497AB3784C3FC4CC20248DC0&page=300&pagesize=10#q6D9F94,https://oge.fipi.ru/bank/questions.php?proj=DE0E276E497AB3784C3FC4CC20248DC0&page=300#q6D9F94,verified_local_archive
16,7991E8,302,https://oge.fipi.ru/bank/questions.php?proj=DE0E276E497AB3784C3FC4CC20248DC0&page=302&pagesize=10#q7991E8,https://oge.fipi.ru/bank/questions.php?proj=DE0E276E497AB3784C3FC4CC20248DC0&page=302#q7991E8,verified_local_archive
16,56B36C,310,https://oge.fipi.ru/bank/questions.php?proj=DE0E276E497AB3784C3FC4CC20248DC0&page=310&pagesize=10#q56B36C,https://oge.fipi.ru/bank/questions.php?proj=DE0E276E497AB3784C3FC4CC20248DC0&page=310#q56B36C,verified_local_archive
16,BC5E3B,314,https://oge.fipi.ru/bank/questions.php?proj=DE0E276E497AB3784C3FC4CC20248DC0&page=314&pagesize=10#qBC5E3B,https://oge.fipi.ru/bank/questions.php?proj=DE0E276E497AB3784C3FC4CC20248DC0&page=314#qBC5E3B,verified_local_archive
16,2E0233,315,https://oge.fipi.ru/bank/questions.php?proj=DE0E276E497AB3784C3FC4CC20248DC0&page=315&pagesize=10#q2E0233,https://oge.fipi.ru/bank/questions.php?proj=DE0E276E497AB3784C3FC4CC20248DC0&page=315#q2E0233,verified_local_archive
16,CB2F35,317,https://oge.fipi.ru/bank/questions.php?proj=DE0E276E497AB3784C3FC4CC20248DC0&page=317&pagesize=10#qCB2F35,https://oge.fipi.ru/bank/questions.php?proj=DE0E276E497AB3784C3FC4CC20248DC0&page=317#qCB2F35,verified_local_archive
16,95A838,317,https://oge.fipi.ru/bank/questions.php?proj=DE0E276E497AB3784C3FC4CC20248DC0&page=317&pagesize=10#q95A838,https://oge.fipi.ru/bank/questions.php?proj=DE0E276E497AB3784C3FC4CC20248DC0&page=317#q95A838,verified_local_archive
16,F58589,319,https://oge.fipi.ru/bank/questions.php?proj=DE0E276E497AB3784C3FC4CC20248DC0&page=319&pagesize=10#qF58589,https://oge.fipi.ru/bank/questions.php?proj=DE0E276E497AB3784C3FC4CC20248DC0&page=319#qF58589,verified_local_archive
17,4F5745,0,https://oge.fipi.ru/bank/questions.php?proj=DE0E276E497AB3784C3FC4CC20248DC0&page=0&pagesize=10#q4F5745,https://oge.fipi.ru/bank/questions.php?proj=DE0E276E497AB3784C3FC4CC20248DC0&page=0#q4F5745,verified_local_archive
17,F77141,1,https://oge.fipi.ru/bank/questions.php?proj=DE0E276E497AB3784C3FC4CC20248DC0&page=1&pagesize=10#qF77141,https://oge.fipi.ru/bank/questions.php?proj=DE0E276E497AB3784C3FC4CC20248DC0&page=1#qF77141,verified_local_archive
17,FA194C,1,https://oge.fipi.ru/bank/questions.php?proj=DE0E276E497AB3784C3FC4CC20248DC0&page=1&pagesize=10#qFA194C,https://oge.fipi.ru/bank/questions.php?proj=DE0E276E497AB3784C3FC4CC20248DC0&page=1#qFA194C,verified_local_archive
17,146E47,4,https://oge.fipi.ru/bank/questions.php?proj=DE0E276E497AB3784C3FC4CC20248DC0&page=4&pagesize=10#q146E47,https://oge.fipi.ru/bank/questions.php?proj=DE0E276E497AB3784C3FC4CC20248DC0&page=4#q146E47,verified_local_archive
17,12BC49,4,https://oge.fipi.ru/bank/questions.php?proj=DE0E276E497AB3784C3FC4CC20248DC0&page=4&pagesize=10#q12BC49,https://oge.fipi.ru/bank/questions.php?proj=DE0E276E497AB3784C3FC4CC20248DC0&page=4#q12BC49,verified_local_archive
17,D5D947,6,https://oge.fipi.ru/bank/questions.php?proj=DE0E276E497AB3784C3FC4CC20248DC0&page=6&pagesize=10#qD5D947,https://oge.fipi.ru/bank/questions.php?proj=DE0E276E497AB3784C3FC4CC20248DC0&page=6#qD5D947,verified_local_archive
17,5D3C40,7,https://oge.fipi.ru/bank/questions.php?proj=DE0E276E497AB3784C3FC4CC20248DC0&page=7&pagesize=10#q5D3C40,https://oge.fipi.ru/bank/questions.php?proj=DE0E276E497AB3784C3FC4CC20248DC0&page=7#q5D3C40,verified_local_archive
17,936640,10,https://oge.fipi.ru/bank/questions.php?proj=DE0E276E497AB3784C3FC4CC20248DC0&page=10&pagesize=10#q936640,https://oge.fipi.ru/bank/questions.php?proj=DE0E276E497AB3784C3FC4CC20248DC0&page=10#q936640,verified_local_archive
17,EFEB4B,11,https://oge.fipi.ru/bank/questions.php?proj=DE0E276E497AB3784C3FC4CC20248DC0&page=11&pagesize=10#qEFEB4B,https://oge.fipi.ru/bank/questions.php?proj=DE0E276E497AB3784C3FC4CC20248DC0&page=11#qEFEB4B,verified_local_archive
17,E13348,12,https://oge.fipi.ru/bank/questions.php?proj=DE0E276E497AB3784C3FC4CC20248DC0&page=12&pagesize=10#qE13348,https://oge.fipi.ru/bank/questions.php?proj=DE0E276E497AB3784C3FC4CC20248DC0&page=12#qE13348,verified_local_archive
17,E63248,12,https://oge.fipi.ru/bank/questions.php?proj=DE0E276E497AB3784C3FC4CC20248DC0&page=12&pagesize=10#qE63248,https://oge.fipi.ru/bank/questions.php?proj=DE0E276E497AB3784C3FC4CC20248DC0&page=12#qE63248,verified_local_archive
17,6F6044,12,https://oge.fipi.ru/bank/questions.php?proj=DE0E276E497AB3784C3FC4CC20248DC0&page=12&pagesize=10#q6F6044,https://oge.fipi.ru/bank/questions.php?proj=DE0E276E497AB3784C3FC4CC20248DC0&page=12#q6F6044,verified_local_archive
17,4B3FF8,17,https://oge.fipi.ru/bank/questions.php?proj=DE0E276E497AB3784C3FC4CC20248DC0&page=17&pagesize=10#q4B3FF8,https://oge.fipi.ru/bank/questions.php?proj=DE0E276E497AB3784C3FC4CC20248DC0&page=17#q4B3FF8,verified_local_archive
17,FF47FC,18,https://oge.fipi.ru/bank/questions.php?proj=DE0E276E497AB3784C3FC4CC20248DC0&page=18&pagesize=10#qFF47FC,https://oge.fipi.ru/bank/questions.php?proj=DE0E276E497AB3784C3FC4CC20248DC0&page=18#qFF47FC,verified_local_archive
17,0E2BF9,19,https://oge.fipi.ru/bank/questions.php?proj=DE0E276E497AB3784C3FC4CC20248DC0&page=19&pagesize=10#q0E2BF9,https://oge.fipi.ru/bank/questions.php?proj=DE0E276E497AB3784C3FC4CC20248DC0&page=19#q0E2BF9,verified_local_archive
17,D9A2FF,22,https://oge.fipi.ru/bank/questions.php?proj=DE0E276E497AB3784C3FC4CC20248DC0&page=22&pagesize=10#qD9A2FF,https://oge.fipi.ru/bank/questions.php?proj=DE0E276E497AB3784C3FC4CC20248DC0&page=22#qD9A2FF,verified_local_archive
17,C6D6F9,26,https://oge.fipi.ru/bank/questions.php?proj=DE0E276E497AB3784C3FC4CC20248DC0&page=26&pagesize=10#qC6D6F9,https://oge.fipi.ru/bank/questions.php?proj=DE0E276E497AB3784C3FC4CC20248DC0&page=26#qC6D6F9,verified_local_archive
17,9764FC,26,https://oge.fipi.ru/bank/questions.php?proj=DE0E276E497AB3784C3FC4CC20248DC0&page=26&pagesize=10#q9764FC,https://oge.fipi.ru/bank/questions.php?proj=DE0E276E497AB3784C3FC4CC20248DC0&page=26#q9764FC,verified_local_archive
17,9327FE,26,https://oge.fipi.ru/bank/questions.php?proj=DE0E276E497AB3784C3FC4CC20248DC0&page=26&pagesize=10#q9327FE,https://oge.fipi.ru/bank/questions.php?proj=DE0E276E497AB3784C3FC4CC20248DC0&page=26#q9327FE,verified_local_archive
17,9C43F6,27,https://oge.fipi.ru/bank/questions.php?proj=DE0E276E497AB3784C3FC4CC20248DC0&page=27&pagesize=10#q9C43F6,https://oge.fipi.ru/bank/questions.php?proj=DE0E276E497AB3784C3FC4CC20248DC0&page=27#q9C43F6,verified_local_archive
17,E13DF9,28,https://oge.fipi.ru/bank/questions.php?proj=DE0E276E497AB3784C3FC4CC20248DC0&page=28&pagesize=10#qE13DF9,https://oge.fipi.ru/bank/questions.php?proj=DE0E276E497AB3784C3FC4CC20248DC0&page=28#qE13DF9,verified_local_archive
17,8131F5,30,https://oge.fipi.ru/bank/questions.php?proj=DE0E276E497AB3784C3FC4CC20248DC0&page=30&pagesize=10#q8131F5,https://oge.fipi.ru/bank/questions.php?proj=DE0E276E497AB3784C3FC4CC20248DC0&page=30#q8131F5,verified_local_archive
17,4CAF07,31,https://oge.fipi.ru/bank/questions.php?proj=DE0E276E497AB3784C3FC4CC20248DC0&page=31&pagesize=10#q4CAF07,https://oge.fipi.ru/bank/questions.php?proj=DE0E276E497AB3784C3FC4CC20248DC0&page=31#q4CAF07,verified_local_archive
17,F70300,31,https://oge.fipi.ru/bank/questions.php?proj=DE0E276E497AB3784C3FC4CC20248DC0&page=31&pagesize=10#qF70300,https://oge.fipi.ru/bank/questions.php?proj=DE0E276E497AB3784C3FC4CC20248DC0&page=31#qF70300,verified_local_archive
17,F07A0E,31,https://oge.fipi.ru/bank/questions.php?proj=DE0E276E497AB3784C3FC4CC20248DC0&page=31&pagesize=10#qF07A0E,https://oge.fipi.ru/bank/questions.php?proj=DE0E276E497AB3784C3FC4CC20248DC0&page=31#qF07A0E,verified_local_archive
17,095900,32,https://oge.fipi.ru/bank/questions.php?proj=DE0E276E497AB3784C3FC4CC20248DC0&page=32&pagesize=10#q095900,https://oge.fipi.ru/bank/questions.php?proj=DE0E276E497AB3784C3FC4CC20248DC0&page=32#q095900,verified_local_archive
17,79590F,32,https://oge.fipi.ru/bank/questions.php?proj=DE0E276E497AB3784C3FC4CC20248DC0&page=32&pagesize=10#q79590F,https://oge.fipi.ru/bank/questions.php?proj=DE0E276E497AB3784C3FC4CC20248DC0&page=32#q79590F,verified_local_archive
17,C70802,38,https://oge.fipi.ru/bank/questions.php?proj=DE0E276E497AB3784C3FC4CC20248DC0&page=38&pagesize=10#qC70802,https://oge.fipi.ru/bank/questions.php?proj=DE0E276E497AB3784C3FC4CC20248DC0&page=38#qC70802,verified_local_archive
17,925604,39,https://oge.fipi.ru/bank/questions.php?proj=DE0E276E497AB3784C3FC4CC20248DC0&page=39&pagesize=10#q925604,https://oge.fipi.ru/bank/questions.php?proj=DE0E276E497AB3784C3FC4CC20248DC0&page=39#q925604,verified_local_archive
17,9E760F,39,https://oge.fipi.ru/bank/questions.php?proj=DE0E276E497AB3784C3FC4CC20248DC0&page=39&pagesize=10#q9E760F,https://oge.fipi.ru/bank/questions.php?proj=DE0E276E497AB3784C3FC4CC20248DC0&page=39#q9E760F,verified_local_archive
17,444775,44,https://oge.fipi.ru/bank/questions.php?proj=DE0E276E497AB3784C3FC4CC20248DC0&page=44&pagesize=10#q444775,https://oge.fipi.ru/bank/questions.php?proj=DE0E276E497AB3784C3FC4CC20248DC0&page=44#q444775,verified_local_archive
17,72C87D,47,https://oge.fipi.ru/bank/questions.php?proj=DE0E276E497AB3784C3FC4CC20248DC0&page=47&pagesize=10#q72C87D,https://oge.fipi.ru/bank/questions.php?proj=DE0E276E497AB3784C3FC4CC20248DC0&page=47#q72C87D,verified_local_archive
17,72397A,47,https://oge.fipi.ru/bank/questions.php?proj=DE0E276E497AB3784C3FC4CC20248DC0&page=47&pagesize=10#q72397A,https://oge.fipi.ru/bank/questions.php?proj=DE0E276E497AB3784C3FC4CC20248DC0&page=47#q72397A,verified_local_archive
17,B30F7F,48,https://oge.fipi.ru/bank/questions.php?proj=DE0E276E497AB3784C3FC4CC20248DC0&page=48&pagesize=10#qB30F7F,https://oge.fipi.ru/bank/questions.php?proj=DE0E276E497AB3784C3FC4CC20248DC0&page=48#qB30F7F,verified_local_archive
17,B23770,48,https://oge.fipi.ru/bank/questions.php?proj=DE0E276E497AB3784C3FC4CC20248DC0&page=48&pagesize=10#qB23770,https://oge.fipi.ru/bank/questions.php?proj=DE0E276E497AB3784C3FC4CC20248DC0&page=48#qB23770,verified_local_archive
17,B08979,49,https://oge.fipi.ru/bank/questions.php?proj=DE0E276E497AB3784C3FC4CC20248DC0&page=49&pagesize=10#qB08979,https://oge.fipi.ru/bank/questions.php?proj=DE0E276E497AB3784C3FC4CC20248DC0&page=49#qB08979,verified_local_archive
17,1F937D,49,https://oge.fipi.ru/bank/questions.php?proj=DE0E276E497AB3784C3FC4CC20248DC0&page=49&pagesize=10#q1F937D,https://oge.fipi.ru/bank/questions.php?proj=DE0E276E497AB3784C3FC4CC20248DC0&page=49#q1F937D,verified_local_archive
17,151F75,49,https://oge.fipi.ru/bank/questions.php?proj=DE0E276E497AB3784C3FC4CC20248DC0&page=49&pagesize=10#q151F75,https://oge.fipi.ru/bank/questions.php?proj=DE0E276E497AB3784C3FC4CC20248DC0&page=49#q151F75,verified_local_archive
17,51BD7F,51,https://oge.fipi.ru/bank/questions.php?proj=DE0E276E497AB3784C3FC4CC20248DC0&page=51&pagesize=10#q51BD7F,https://oge.fipi.ru/bank/questions.php?proj=DE0E276E497AB3784C3FC4CC20248DC0&page=51#q51BD7F,verified_local_archive
17,C0017A,53,https://oge.fipi.ru/bank/questions.php?proj=DE0E276E497AB3784C3FC4CC20248DC0&page=53&pagesize=10#qC0017A,https://oge.fipi.ru/bank/questions.php?proj=DE0E276E497AB3784C3FC4CC20248DC0&page=53#qC0017A,verified_local_archive
17,3A1E7F,57,https://oge.fipi.ru/bank/questions.php?proj=DE0E276E497AB3784C3FC4CC20248DC0&page=57&pagesize=10#q3A1E7F,https://oge.fipi.ru/bank/questions.php?proj=DE0E276E497AB3784C3FC4CC20248DC0&page=57#q3A1E7F,verified_local_archive
17,39FB77,57,https://oge.fipi.ru/bank/questions.php?proj=DE0E276E497AB3784C3FC4CC20248DC0&page=57&pagesize=10#q39FB77,https://oge.fipi.ru/bank/questions.php?proj=DE0E276E497AB3784C3FC4CC20248DC0&page=57#q39FB77,verified_local_archive
17,8C5C72,58,https://oge.fipi.ru/bank/questions.php?proj=DE0E276E497AB3784C3FC4CC20248DC0&page=58&pagesize=10#q8C5C72,https://oge.fipi.ru/bank/questions.php?proj=DE0E276E497AB3784C3FC4CC20248DC0&page=58#q8C5C72,verified_local_archive
17,4912B6,60,https://oge.fipi.ru/bank/questions.php?proj=DE0E276E497AB3784C3FC4CC20248DC0&page=60&pagesize=10#q4912B6,https://oge.fipi.ru/bank/questions.php?proj=DE0E276E497AB3784C3FC4CC20248DC0&page=60#q4912B6,verified_local_archive
17,FB21B9,61,https://oge.fipi.ru/bank/questions.php?proj=DE0E276E497AB3784C3FC4CC20248DC0&page=61&pagesize=10#qFB21B9,https://oge.fipi.ru/bank/questions.php?proj=DE0E276E497AB3784C3FC4CC20248DC0&page=61#qFB21B9,verified_local_archive
17,F22DB9,61,https://oge.fipi.ru/bank/questions.php?proj=DE0E276E497AB3784C3FC4CC20248DC0&page=61&pagesize=10#qF22DB9,https://oge.fipi.ru/bank/questions.php?proj=DE0E276E497AB3784C3FC4CC20248DC0&page=61#qF22DB9,verified_local_archive
17,F489B6,62,https://oge.fipi.ru/bank/questions.php?proj=DE0E276E497AB3784C3FC4CC20248DC0&page=62&pagesize=10#qF489B6,https://oge.fipi.ru/bank/questions.php?proj=DE0E276E497AB3784C3FC4CC20248DC0&page=62#qF489B6,verified_local_archive
17,0996BF,62,https://oge.fipi.ru/bank/questions.php?proj=DE0E276E497AB3784C3FC4CC20248DC0&page=62&pagesize=10#q0996BF,https://oge.fipi.ru/bank/questions.php?proj=DE0E276E497AB3784C3FC4CC20248DC0&page=62#q0996BF,verified_local_archive
17,1632B0,64,https://oge.fipi.ru/bank/questions.php?proj=DE0E276E497AB3784C3FC4CC20248DC0&page=64&pagesize=10#q1632B0,https://oge.fipi.ru/bank/questions.php?proj=DE0E276E497AB3784C3FC4CC20248DC0&page=64#q1632B0,verified_local_archive
17,1520BE,65,https://oge.fipi.ru/bank/questions.php?proj=DE0E276E497AB3784C3FC4CC20248DC0&page=65&pagesize=10#q1520BE,https://oge.fipi.ru/bank/questions.php?proj=DE0E276E497AB3784C3FC4CC20248DC0&page=65#q1520BE,verified_local_archive
17,5AEBBA,67,https://oge.fipi.ru/bank/questions.php?proj=DE0E276E497AB3784C3FC4CC20248DC0&page=67&pagesize=10#q5AEBBA,https://oge.fipi.ru/bank/questions.php?proj=DE0E276E497AB3784C3FC4CC20248DC0&page=67#q5AEBBA,verified_local_archive
17,CA87B1,69,https://oge.fipi.ru/bank/questions.php?proj=DE0E276E497AB3784C3FC4CC20248DC0&page=69&pagesize=10#qCA87B1,https://oge.fipi.ru/bank/questions.php?proj=DE0E276E497AB3784C3FC4CC20248DC0&page=69#qCA87B1,verified_local_archive
17,E84DB4,70,https://oge.fipi.ru/bank/questions.php?proj=DE0E276E497AB3784C3FC4CC20248DC0&page=70&pagesize=10#qE84DB4,https://oge.fipi.ru/bank/questions.php?proj=DE0E276E497AB3784C3FC4CC20248DC0&page=70#qE84DB4,verified_local_archive
17,822BB2,72,https://oge.fipi.ru/bank/questions.php?proj=DE0E276E497AB3784C3FC4CC20248DC0&page=72&pagesize=10#q822BB2,https://oge.fipi.ru/bank/questions.php?proj=DE0E276E497AB3784C3FC4CC20248DC0&page=72#q822BB2,verified_local_archive
17,7C9C1D,76,https://oge.fipi.ru/bank/questions.php?proj=DE0E276E497AB3784C3FC4CC20248DC0&page=76&pagesize=10#q7C9C1D,https://oge.fipi.ru/bank/questions.php?proj=DE0E276E497AB3784C3FC4CC20248DC0&page=76#q7C9C1D,verified_local_archive
17,735F1A,76,https://oge.fipi.ru/bank/questions.php?proj=DE0E276E497AB3784C3FC4CC20248DC0&page=76&pagesize=10#q735F1A,https://oge.fipi.ru/bank/questions.php?proj=DE0E276E497AB3784C3FC4CC20248DC0&page=76#q735F1A,verified_local_archive
17,B68C17,76,https://oge.fipi.ru/bank/questions.php?proj=DE0E276E497AB3784C3FC4CC20248DC0&page=76&pagesize=10#qB68C17,https://oge.fipi.ru/bank/questions.php?proj=DE0E276E497AB3784C3FC4CC20248DC0&page=76#qB68C17,verified_local_archive
17,B04913,77,https://oge.fipi.ru/bank/questions.php?proj=DE0E276E497AB3784C3FC4CC20248DC0&page=77&pagesize=10#qB04913,https://oge.fipi.ru/bank/questions.php?proj=DE0E276E497AB3784C3FC4CC20248DC0&page=77#qB04913,verified_local_archive
17,1D1310,78,https://oge.fipi.ru/bank/questions.php?proj=DE0E276E497AB3784C3FC4CC20248DC0&page=78&pagesize=10#q1D1310,https://oge.fipi.ru/bank/questions.php?proj=DE0E276E497AB3784C3FC4CC20248DC0&page=78#q1D1310,verified_local_archive
17,1B181B,78,https://oge.fipi.ru/bank/questions.php?proj=DE0E276E497AB3784C3FC4CC20248DC0&page=78&pagesize=10#q1B181B,https://oge.fipi.ru/bank/questions.php?proj=DE0E276E497AB3784C3FC4CC20248DC0&page=78#q1B181B,verified_local_archive
17,17061A,78,https://oge.fipi.ru/bank/questions.php?proj=DE0E276E497AB3784C3FC4CC20248DC0&page=78&pagesize=10#q17061A,https://oge.fipi.ru/bank/questions.php?proj=DE0E276E497AB3784C3FC4CC20248DC0&page=78#q17061A,verified_local_archive
17,2E2E14,79,https://oge.fipi.ru/bank/questions.php?proj=DE0E276E497AB3784C3FC4CC20248DC0&page=79&pagesize=10#q2E2E14,https://oge.fipi.ru/bank/questions.php?proj=DE0E276E497AB3784C3FC4CC20248DC0&page=79#q2E2E14,verified_local_archive
17,DF571C,81,https://oge.fipi.ru/bank/questions.php?proj=DE0E276E497AB3784C3FC4CC20248DC0&page=81&pagesize=10#qDF571C,https://oge.fipi.ru/bank/questions.php?proj=DE0E276E497AB3784C3FC4CC20248DC0&page=81#qDF571C,verified_local_archive
17,A3751A,82,https://oge.fipi.ru/bank/questions.php?proj=DE0E276E497AB3784C3FC4CC20248DC0&page=82&pagesize=10#qA3751A,https://oge.fipi.ru/bank/questions.php?proj=DE0E276E497AB3784C3FC4CC20248DC0&page=82#qA3751A,verified_local_archive
17,EF6511,85,https://oge.fipi.ru/bank/questions.php?proj=DE0E276E497AB3784C3FC4CC20248DC0&page=85&pagesize=10#qEF6511,https://oge.fipi.ru/bank/questions.php?proj=DE0E276E497AB3784C3FC4CC20248DC0&page=85#qEF6511,verified_local_archive
17,32151E,87,https://oge.fipi.ru/bank/questions.php?proj=DE0E276E497AB3784C3FC4CC20248DC0&page=87&pagesize=10#q32151E,https://oge.fipi.ru/bank/questions.php?proj=DE0E276E497AB3784C3FC4CC20248DC0&page=87#q32151E,verified_local_archive
17,895412,88,https://oge.fipi.ru/bank/questions.php?proj=DE0E276E497AB3784C3FC4CC20248DC0&page=88&pagesize=10#q895412,https://oge.fipi.ru/bank/questions.php?proj=DE0E276E497AB3784C3FC4CC20248DC0&page=88#q895412,verified_local_archive
17,83A912,89,https://oge.fipi.ru/bank/questions.php?proj=DE0E276E497AB3784C3FC4CC20248DC0&page=89&pagesize=10#q83A912,https://oge.fipi.ru/bank/questions.php?proj=DE0E276E497AB3784C3FC4CC20248DC0&page=89#q83A912,verified_local_archive
17,8D3F15,89,https://oge.fipi.ru/bank/questions.php?proj=DE0E276E497AB3784C3FC4CC20248DC0&page=89&pagesize=10#q8D3F15,https://oge.fipi.ru/bank/questions.php?proj=DE0E276E497AB3784C3FC4CC20248DC0&page=89#q8D3F15,verified_local_archive
17,4C0223,90,https://oge.fipi.ru/bank/questions.php?proj=DE0E276E497AB3784C3FC4CC20248DC0&page=90&pagesize=10#q4C0223,https://oge.fipi.ru/bank/questions.php?proj=DE0E276E497AB3784C3FC4CC20248DC0&page=90#q4C0223,verified_local_archive
17,F0772B,90,https://oge.fipi.ru/bank/questions.php?proj=DE0E276E497AB3784C3FC4CC20248DC0&page=90&pagesize=10#qF0772B,https://oge.fipi.ru/bank/questions.php?proj=DE0E276E497AB3784C3FC4CC20248DC0&page=90#qF0772B,verified_local_archive
17,FE1E2B,91,https://oge.fipi.ru/bank/questions.php?proj=DE0E276E497AB3784C3FC4CC20248DC0&page=91&pagesize=10#qFE1E2B,https://oge.fipi.ru/bank/questions.php?proj=DE0E276E497AB3784C3FC4CC20248DC0&page=91#qFE1E2B,verified_local_archive
17,0CC123,92,https://oge.fipi.ru/bank/questions.php?proj=DE0E276E497AB3784C3FC4CC20248DC0&page=92&pagesize=10#q0CC123,https://oge.fipi.ru/bank/questions.php?proj=DE0E276E497AB3784C3FC4CC20248DC0&page=92#q0CC123,verified_local_archive
17,7F3322,93,https://oge.fipi.ru/bank/questions.php?proj=DE0E276E497AB3784C3FC4CC20248DC0&page=93&pagesize=10#q7F3322,https://oge.fipi.ru/bank/questions.php?proj=DE0E276E497AB3784C3FC4CC20248DC0&page=93#q7F3322,verified_local_archive
17,7C9123,94,https://oge.fipi.ru/bank/questions.php?proj=DE0E276E497AB3784C3FC4CC20248DC0&page=94&pagesize=10#q7C9123,https://oge.fipi.ru/bank/questions.php?proj=DE0E276E497AB3784C3FC4CC20248DC0&page=94#q7C9123,verified_local_archive
17,BD132F,94,https://oge.fipi.ru/bank/questions.php?proj=DE0E276E497AB3784C3FC4CC20248DC0&page=94&pagesize=10#qBD132F,https://oge.fipi.ru/bank/questions.php?proj=DE0E276E497AB3784C3FC4CC20248DC0&page=94#qBD132F,verified_local_archive
17,BABF20,94,https://oge.fipi.ru/bank/questions.php?proj=DE0E276E497AB3784C3FC4CC20248DC0&page=94&pagesize=10#qBABF20,https://oge.fipi.ru/bank/questions.php?proj=DE0E276E497AB3784C3FC4CC20248DC0&page=94#qBABF20,verified_local_archive
17,2D6020,96,https://oge.fipi.ru/bank/questions.php?proj=DE0E276E497AB3784C3FC4CC20248DC0&page=96&pagesize=10#q2D6020,https://oge.fipi.ru/bank/questions.php?proj=DE0E276E497AB3784C3FC4CC20248DC0&page=96#q2D6020,verified_local_archive
17,DC3C24,97,https://oge.fipi.ru/bank/questions.php?proj=DE0E276E497AB3784C3FC4CC20248DC0&page=97&pagesize=10#qDC3C24,https://oge.fipi.ru/bank/questions.php?proj=DE0E276E497AB3784C3FC4CC20248DC0&page=97#qDC3C24,verified_local_archive
17,D2652B,97,https://oge.fipi.ru/bank/questions.php?proj=DE0E276E497AB3784C3FC4CC20248DC0&page=97&pagesize=10#qD2652B,https://oge.fipi.ru/bank/questions.php?proj=DE0E276E497AB3784C3FC4CC20248DC0&page=97#qD2652B,verified_local_archive
17,55322A,98,https://oge.fipi.ru/bank/questions.php?proj=DE0E276E497AB3784C3FC4CC20248DC0&page=98&pagesize=10#q55322A,https://oge.fipi.ru/bank/questions.php?proj=DE0E276E497AB3784C3FC4CC20248DC0&page=98#q55322A,verified_local_archive
17,584A28,99,https://oge.fipi.ru/bank/questions.php?proj=DE0E276E497AB3784C3FC4CC20248DC0&page=99&pagesize=10#q584A28,https://oge.fipi.ru/bank/questions.php?proj=DE0E276E497AB3784C3FC4CC20248DC0&page=99#q584A28,verified_local_archive
17,A11227,99,https://oge.fipi.ru/bank/questions.php?proj=DE0E276E497AB3784C3FC4CC20248DC0&page=99&pagesize=10#qA11227,https://oge.fipi.ru/bank/questions.php?proj=DE0E276E497AB3784C3FC4CC20248DC0&page=99#qA11227,verified_local_archive
17,AA4721,99,https://oge.fipi.ru/bank/questions.php?proj=DE0E276E497AB3784C3FC4CC20248DC0&page=99&pagesize=10#qAA4721,https://oge.fipi.ru/bank/questions.php?proj=DE0E276E497AB3784C3FC4CC20248DC0&page=99#qAA4721,verified_local_archive
17,CBFC2D,100,https://oge.fipi.ru/bank/questions.php?proj=DE0E276E497AB3784C3FC4CC20248DC0&page=100&pagesize=10#qCBFC2D,https://oge.fipi.ru/bank/questions.php?proj=DE0E276E497AB3784C3FC4CC20248DC0&page=100#qCBFC2D,verified_local_archive
17,EFBE26,102,https://oge.fipi.ru/bank/questions.php?proj=DE0E276E497AB3784C3FC4CC20248DC0&page=102&pagesize=10#qEFBE26,https://oge.fipi.ru/bank/questions.php?proj=DE0E276E497AB3784C3FC4CC20248DC0&page=102#qEFBE26,verified_local_archive
17,33462D,104,https://oge.fipi.ru/bank/questions.php?proj=DE0E276E497AB3784C3FC4CC20248DC0&page=104&pagesize=10#q33462D,https://oge.fipi.ru/bank/questions.php?proj=DE0E276E497AB3784C3FC4CC20248DC0&page=104#q33462D,verified_local_archive
17,40DFD2,106,https://oge.fipi.ru/bank/questions.php?proj=DE0E276E497AB3784C3FC4CC20248DC0&page=106&pagesize=10#q40DFD2,https://oge.fipi.ru/bank/questions.php?proj=DE0E276E497AB3784C3FC4CC20248DC0&page=106#q40DFD2,verified_local_archive
17,F609D2,106,https://oge.fipi.ru/bank/questions.php?proj=DE0E276E497AB3784C3FC4CC20248DC0&page=106&pagesize=10#qF609D2,https://oge.fipi.ru/bank/questions.php?proj=DE0E276E497AB3784C3FC4CC20248DC0&page=106#qF609D2,verified_local_archive
17,03F9DB,107,https://oge.fipi.ru/bank/questions.php?proj=DE0E276E497AB3784C3FC4CC20248DC0&page=107&pagesize=10#q03F9DB,https://oge.fipi.ru/bank/questions.php?proj=DE0E276E497AB3784C3FC4CC20248DC0&page=107#q03F9DB,verified_local_archive
17,7FE0DC,108,https://oge.fipi.ru/bank/questions.php?proj=DE0E276E497AB3784C3FC4CC20248DC0&page=108&pagesize=10#q7FE0DC,https://oge.fipi.ru/bank/questions.php?proj=DE0E276E497AB3784C3FC4CC20248DC0&page=108#q7FE0DC,verified_local_archive
17,135ADE,110,https://oge.fipi.ru/bank/questions.php?proj=DE0E276E497AB3784C3FC4CC20248DC0&page=110&pagesize=10#q135ADE,https://oge.fipi.ru/bank/questions.php?proj=DE0E276E497AB3784C3FC4CC20248DC0&page=110#q135ADE,verified_local_archive
17,5CB1D4,112,https://oge.fipi.ru/bank/questions.php?proj=DE0E276E497AB3784C3FC4CC20248DC0&page=112&pagesize=10#q5CB1D4,https://oge.fipi.ru/bank/questions.php?proj=DE0E276E497AB3784C3FC4CC20248DC0&page=112#q5CB1D4,verified_local_archive
17,956EDE,115,https://oge.fipi.ru/bank/questions.php?proj=DE0E276E497AB3784C3FC4CC20248DC0&page=115&pagesize=10#q956EDE,https://oge.fipi.ru/bank/questions.php?proj=DE0E276E497AB3784C3FC4CC20248DC0&page=115#q956EDE,verified_local_archive
17,E30CD4,115,https://oge.fipi.ru/bank/questions.php?proj=DE0E276E497AB3784C3FC4CC20248DC0&page=115&pagesize=10#qE30CD4,https://oge.fipi.ru/bank/questions.php?proj=DE0E276E497AB3784C3FC4CC20248DC0&page=115#qE30CD4,verified_local_archive
17,6D6AD2,117,https://oge.fipi.ru/bank/questions.php?proj=DE0E276E497AB3784C3FC4CC20248DC0&page=117&pagesize=10#q6D6AD2,https://oge.fipi.ru/bank/questions.php?proj=DE0E276E497AB3784C3FC4CC20248DC0&page=117#q6D6AD2,verified_local_archive
17,8F0AD7,118,https://oge.fipi.ru/bank/questions.php?proj=DE0E276E497AB3784C3FC4CC20248DC0&page=118&pagesize=10#q8F0AD7,https://oge.fipi.ru/bank/questions.php?proj=DE0E276E497AB3784C3FC4CC20248DC0&page=118#q8F0AD7,verified_local_archive
17,465856,119,https://oge.fipi.ru/bank/questions.php?proj=DE0E276E497AB3784C3FC4CC20248DC0&page=119&pagesize=10#q465856,https://oge.fipi.ru/bank/questions.php?proj=DE0E276E497AB3784C3FC4CC20248DC0&page=119#q465856,verified_local_archive
17,0BC157,120,https://oge.fipi.ru/bank/questions.php?proj=DE0E276E497AB3784C3FC4CC20248DC0&page=120&pagesize=10#q0BC157,https://oge.fipi.ru/bank/questions.php?proj=DE0E276E497AB3784C3FC4CC20248DC0&page=120#q0BC157,verified_local_archive
17,703153,122,https://oge.fipi.ru/bank/questions.php?proj=DE0E276E497AB3784C3FC4CC20248DC0&page=122&pagesize=10#q703153,https://oge.fipi.ru/bank/questions.php?proj=DE0E276E497AB3784C3FC4CC20248DC0&page=122#q703153,verified_local_archive
17,111C58,124,https://oge.fipi.ru/bank/questions.php?proj=DE0E276E497AB3784C3FC4CC20248DC0&page=124&pagesize=10#q111C58,https://oge.fipi.ru/bank/questions.php?proj=DE0E276E497AB3784C3FC4CC20248DC0&page=124#q111C58,verified_local_archive
17,2EAA56,124,https://oge.fipi.ru/bank/questions.php?proj=DE0E276E497AB3784C3FC4CC20248DC0&page=124&pagesize=10#q2EAA56,https://oge.fipi.ru/bank/questions.php?proj=DE0E276E497AB3784C3FC4CC20248DC0&page=124#q2EAA56,verified_local_archive
17,54505A,126,https://oge.fipi.ru/bank/questions.php?proj=DE0E276E497AB3784C3FC4CC20248DC0&page=126&pagesize=10#q54505A,https://oge.fipi.ru/bank/questions.php?proj=DE0E276E497AB3784C3FC4CC20248DC0&page=126#q54505A,verified_local_archive
17,A9A357,126,https://oge.fipi.ru/bank/questions.php?proj=DE0E276E497AB3784C3FC4CC20248DC0&page=126&pagesize=10#qA9A357,https://oge.fipi.ru/bank/questions.php?proj=DE0E276E497AB3784C3FC4CC20248DC0&page=126#qA9A357,verified_local_archive
17,A6EA51,126,https://oge.fipi.ru/bank/questions.php?proj=DE0E276E497AB3784C3FC4CC20248DC0&page=126&pagesize=10#qA6EA51,https://oge.fipi.ru/bank/questions.php?proj=DE0E276E497AB3784C3FC4CC20248DC0&page=126#qA6EA51,verified_local_archive
17,C56952,127,https://oge.fipi.ru/bank/questions.php?proj=DE0E276E497AB3784C3FC4CC20248DC0&page=127&pagesize=10#qC56952,https://oge.fipi.ru/bank/questions.php?proj=DE0E276E497AB3784C3FC4CC20248DC0&page=127#qC56952,verified_local_archive
17,C42955,127,https://oge.fipi.ru/bank/questions.php?proj=DE0E276E497AB3784C3FC4CC20248DC0&page=127&pagesize=10#qC42955,https://oge.fipi.ru/bank/questions.php?proj=DE0E276E497AB3784C3FC4CC20248DC0&page=127#qC42955,verified_local_archive
17,6C9A50,130,https://oge.fipi.ru/bank/questions.php?proj=DE0E276E497AB3784C3FC4CC20248DC0&page=130&pagesize=10#q6C9A50,https://oge.fipi.ru/bank/questions.php?proj=DE0E276E497AB3784C3FC4CC20248DC0&page=130#q6C9A50,verified_local_archive
17,8BEE54,132,https://oge.fipi.ru/bank/questions.php?proj=DE0E276E497AB3784C3FC4CC20248DC0&page=132&pagesize=10#q8BEE54,https://oge.fipi.ru/bank/questions.php?proj=DE0E276E497AB3784C3FC4CC20248DC0&page=132#q8BEE54,verified_local_archive
17,4A48AF,133,https://oge.fipi.ru/bank/questions.php?proj=DE0E276E497AB3784C3FC4CC20248DC0&page=133&pagesize=10#q4A48AF,https://oge.fipi.ru/bank/questions.php?proj=DE0E276E497AB3784C3FC4CC20248DC0&page=133#q4A48AF,verified_local_archive
17,F547A6,134,https://oge.fipi.ru/bank/questions.php?proj=DE0E276E497AB3784C3FC4CC20248DC0&page=134&pagesize=10#qF547A6,https://oge.fipi.ru/bank/questions.php?proj=DE0E276E497AB3784C3FC4CC20248DC0&page=134#qF547A6,verified_local_archive
17,FEC9A6,134,https://oge.fipi.ru/bank/questions.php?proj=DE0E276E497AB3784C3FC4CC20248DC0&page=134&pagesize=10#qFEC9A6,https://oge.fipi.ru/bank/questions.php?proj=DE0E276E497AB3784C3FC4CC20248DC0&page=134#qFEC9A6,verified_local_archive
17,7E48AD,135,https://oge.fipi.ru/bank/questions.php?proj=DE0E276E497AB3784C3FC4CC20248DC0&page=135&pagesize=10#q7E48AD,https://oge.fipi.ru/bank/questions.php?proj=DE0E276E497AB3784C3FC4CC20248DC0&page=135#q7E48AD,verified_local_archive
17,B72AA0,136,https://oge.fipi.ru/bank/questions.php?proj=DE0E276E497AB3784C3FC4CC20248DC0&page=136&pagesize=10#qB72AA0,https://oge.fipi.ru/bank/questions.php?proj=DE0E276E497AB3784C3FC4CC20248DC0&page=136#qB72AA0,verified_local_archive
17,109DA1,137,https://oge.fipi.ru/bank/questions.php?proj=DE0E276E497AB3784C3FC4CC20248DC0&page=137&pagesize=10#q109DA1,https://oge.fipi.ru/bank/questions.php?proj=DE0E276E497AB3784C3FC4CC20248DC0&page=137#q109DA1,verified_local_archive
17,E677A3,142,https://oge.fipi.ru/bank/questions.php?proj=DE0E276E497AB3784C3FC4CC20248DC0&page=142&pagesize=10#qE677A3,https://oge.fipi.ru/bank/questions.php?proj=DE0E276E497AB3784C3FC4CC20248DC0&page=142#qE677A3,verified_local_archive
17,3E05A1,144,https://oge.fipi.ru/bank/questions.php?proj=DE0E276E497AB3784C3FC4CC20248DC0&page=144&pagesize=10#q3E05A1,https://oge.fipi.ru/bank/questions.php?proj=DE0E276E497AB3784C3FC4CC20248DC0&page=144#q3E05A1,verified_local_archive
17,8DCDA9,145,https://oge.fipi.ru/bank/questions.php?proj=DE0E276E497AB3784C3FC4CC20248DC0&page=145&pagesize=10#q8DCDA9,https://oge.fipi.ru/bank/questions.php?proj=DE0E276E497AB3784C3FC4CC20248DC0&page=145#q8DCDA9,verified_local_archive
17,4647CD,146,https://oge.fipi.ru/bank/questions.php?proj=DE0E276E497AB3784C3FC4CC20248DC0&page=146&pagesize=10#q4647CD,https://oge.fipi.ru/bank/questions.php?proj=DE0E276E497AB3784C3FC4CC20248DC0&page=146#q4647CD,verified_local_archive
17,466CCD,146,https://oge.fipi.ru/bank/questions.php?proj=DE0E276E497AB3784C3FC4CC20248DC0&page=146&pagesize=10#q466CCD,https://oge.fipi.ru/bank/questions.php?proj=DE0E276E497AB3784C3FC4CC20248DC0&page=146#q466CCD,verified_local_archive
17,F499CB,147,https://oge.fipi.ru/bank/questions.php?proj=DE0E276E497AB3784C3FC4CC20248DC0&page=147&pagesize=10#qF499CB,https://oge.fipi.ru/bank/questions.php?proj=DE0E276E497AB3784C3FC4CC20248DC0&page=147#qF499CB,verified_local_archive
17,0A07C8,149,https://oge.fipi.ru/bank/questions.php?proj=DE0E276E497AB3784C3FC4CC20248DC0&page=149&pagesize=10#q0A07C8,https://oge.fipi.ru/bank/questions.php?proj=DE0E276E497AB3784C3FC4CC20248DC0&page=149#q0A07C8,verified_local_archive
17,79C6CA,150,https://oge.fipi.ru/bank/questions.php?proj=DE0E276E497AB3784C3FC4CC20248DC0&page=150&pagesize=10#q79C6CA,https://oge.fipi.ru/bank/questions.php?proj=DE0E276E497AB3784C3FC4CC20248DC0&page=150#q79C6CA,verified_local_archive
17,B0B1CC,150,https://oge.fipi.ru/bank/questions.php?proj=DE0E276E497AB3784C3FC4CC20248DC0&page=150&pagesize=10#qB0B1CC,https://oge.fipi.ru/bank/questions.php?proj=DE0E276E497AB3784C3FC4CC20248DC0&page=150#qB0B1CC,verified_local_archive
17,1CEEC4,150,https://oge.fipi.ru/bank/questions.php?proj=DE0E276E497AB3784C3FC4CC20248DC0&page=150&pagesize=10#q1CEEC4,https://oge.fipi.ru/bank/questions.php?proj=DE0E276E497AB3784C3FC4CC20248DC0&page=150#q1CEEC4,verified_local_archive
17,148EC1,151,https://oge.fipi.ru/bank/questions.php?proj=DE0E276E497AB3784C3FC4CC20248DC0&page=151&pagesize=10#q148EC1,https://oge.fipi.ru/bank/questions.php?proj=DE0E276E497AB3784C3FC4CC20248DC0&page=151#q148EC1,verified_local_archive
17,1C57C9,151,https://oge.fipi.ru/bank/questions.php?proj=DE0E276E497AB3784C3FC4CC20248DC0&page=151&pagesize=10#q1C57C9,https://oge.fipi.ru/bank/questions.php?proj=DE0E276E497AB3784C3FC4CC20248DC0&page=151#q1C57C9,verified_local_archive
17,D6F8CF,152,https://oge.fipi.ru/bank/questions.php?proj=DE0E276E497AB3784C3FC4CC20248DC0&page=152&pagesize=10#qD6F8CF,https://oge.fipi.ru/bank/questions.php?proj=DE0E276E497AB3784C3FC4CC20248DC0&page=152#qD6F8CF,verified_local_archive
17,AAF3C7,153,https://oge.fipi.ru/bank/questions.php?proj=DE0E276E497AB3784C3FC4CC20248DC0&page=153&pagesize=10#qAAF3C7,https://oge.fipi.ru/bank/questions.php?proj=DE0E276E497AB3784C3FC4CC20248DC0&page=153#qAAF3C7,verified_local_archive
17,A002C2,153,https://oge.fipi.ru/bank/questions.php?proj=DE0E276E497AB3784C3FC4CC20248DC0&page=153&pagesize=10#qA002C2,https://oge.fipi.ru/bank/questions.php?proj=DE0E276E497AB3784C3FC4CC20248DC0&page=153#qA002C2,verified_local_archive
17,AA4DCC,154,https://oge.fipi.ru/bank/questions.php?proj=DE0E276E497AB3784C3FC4CC20248DC0&page=154&pagesize=10#qAA4DCC,https://oge.fipi.ru/bank/questions.php?proj=DE0E276E497AB3784C3FC4CC20248DC0&page=154#qAA4DCC,verified_local_archive
17,6839CB,157,https://oge.fipi.ru/bank/questions.php?proj=DE0E276E497AB3784C3FC4CC20248DC0&page=157&pagesize=10#q6839CB,https://oge.fipi.ru/bank/questions.php?proj=DE0E276E497AB3784C3FC4CC20248DC0&page=157#q6839CB,verified_local_archive
17,6F62C1,157,https://oge.fipi.ru/bank/questions.php?proj=DE0E276E497AB3784C3FC4CC20248DC0&page=157&pagesize=10#q6F62C1,https://oge.fipi.ru/bank/questions.php?proj=DE0E276E497AB3784C3FC4CC20248DC0&page=157#q6F62C1,verified_local_archive
17,6F74CD,157,https://oge.fipi.ru/bank/questions.php?proj=DE0E276E497AB3784C3FC4CC20248DC0&page=157&pagesize=10#q6F74CD,https://oge.fipi.ru/bank/questions.php?proj=DE0E276E497AB3784C3FC4CC20248DC0&page=157#q6F74CD,verified_local_archive
17,33F1C7,158,https://oge.fipi.ru/bank/questions.php?proj=DE0E276E497AB3784C3FC4CC20248DC0&page=158&pagesize=10#q33F1C7,https://oge.fipi.ru/bank/questions.php?proj=DE0E276E497AB3784C3FC4CC20248DC0&page=158#q33F1C7,verified_local_archive
17,460490,159,https://oge.fipi.ru/bank/questions.php?proj=DE0E276E497AB3784C3FC4CC20248DC0&page=159&pagesize=10#q460490,https://oge.fipi.ru/bank/questions.php?proj=DE0E276E497AB3784C3FC4CC20248DC0&page=159#q460490,verified_local_archive
17,F9EB9A,160,https://oge.fipi.ru/bank/questions.php?proj=DE0E276E497AB3784C3FC4CC20248DC0&page=160&pagesize=10#qF9EB9A,https://oge.fipi.ru/bank/questions.php?proj=DE0E276E497AB3784C3FC4CC20248DC0&page=160#qF9EB9A,verified_local_archive
17,0B7B91,161,https://oge.fipi.ru/bank/questions.php?proj=DE0E276E497AB3784C3FC4CC20248DC0&page=161&pagesize=10#q0B7B91,https://oge.fipi.ru/bank/questions.php?proj=DE0E276E497AB3784C3FC4CC20248DC0&page=161#q0B7B91,verified_local_archive
17,021B92,162,https://oge.fipi.ru/bank/questions.php?proj=DE0E276E497AB3784C3FC4CC20248DC0&page=162&pagesize=10#q021B92,https://oge.fipi.ru/bank/questions.php?proj=DE0E276E497AB3784C3FC4CC20248DC0&page=162#q021B92,verified_local_archive
17,799B93,163,https://oge.fipi.ru/bank/questions.php?proj=DE0E276E497AB3784C3FC4CC20248DC0&page=163&pagesize=10#q799B93,https://oge.fipi.ru/bank/questions.php?proj=DE0E276E497AB3784C3FC4CC20248DC0&page=163#q799B93,verified_local_archive
17,2AD397,165,https://oge.fipi.ru/bank/questions.php?proj=DE0E276E497AB3784C3FC4CC20248DC0&page=165&pagesize=10#q2AD397,https://oge.fipi.ru/bank/questions.php?proj=DE0E276E497AB3784C3FC4CC20248DC0&page=165#q2AD397,verified_local_archive
17,267796,165,https://oge.fipi.ru/bank/questions.php?proj=DE0E276E497AB3784C3FC4CC20248DC0&page=165&pagesize=10#q267796,https://oge.fipi.ru/bank/questions.php?proj=DE0E276E497AB3784C3FC4CC20248DC0&page=165#q267796,verified_local_archive
17,5ECD98,167,https://oge.fipi.ru/bank/questions.php?proj=DE0E276E497AB3784C3FC4CC20248DC0&page=167&pagesize=10#q5ECD98,https://oge.fipi.ru/bank/questions.php?proj=DE0E276E497AB3784C3FC4CC20248DC0&page=167#q5ECD98,verified_local_archive
17,99B09B,169,https://oge.fipi.ru/bank/questions.php?proj=DE0E276E497AB3784C3FC4CC20248DC0&page=169&pagesize=10#q99B09B,https://oge.fipi.ru/bank/questions.php?proj=DE0E276E497AB3784C3FC4CC20248DC0&page=169#q99B09B,verified_local_archive
17,95389D,169,https://oge.fipi.ru/bank/questions.php?proj=DE0E276E497AB3784C3FC4CC20248DC0&page=169&pagesize=10#q95389D,https://oge.fipi.ru/bank/questions.php?proj=DE0E276E497AB3784C3FC4CC20248DC0&page=169#q95389D,verified_local_archive
17,9AF89A,169,https://oge.fipi.ru/bank/questions.php?proj=DE0E276E497AB3784C3FC4CC20248DC0&page=169&pagesize=10#q9AF89A,https://oge.fipi.ru/bank/questions.php?proj=DE0E276E497AB3784C3FC4CC20248DC0&page=169#q9AF89A,verified_local_archive
17,E8FC9F,170,https://oge.fipi.ru/bank/questions.php?proj=DE0E276E497AB3784C3FC4CC20248DC0&page=170&pagesize=10#qE8FC9F,https://oge.fipi.ru/bank/questions.php?proj=DE0E276E497AB3784C3FC4CC20248DC0&page=170#qE8FC9F,verified_local_archive
17,EDC29B,170,https://oge.fipi.ru/bank/questions.php?proj=DE0E276E497AB3784C3FC4CC20248DC0&page=170&pagesize=10#qEDC29B,https://oge.fipi.ru/bank/questions.php?proj=DE0E276E497AB3784C3FC4CC20248DC0&page=170#qEDC29B,verified_local_archive
17,84D692,173,https://oge.fipi.ru/bank/questions.php?proj=DE0E276E497AB3784C3FC4CC20248DC0&page=173&pagesize=10#q84D692,https://oge.fipi.ru/bank/questions.php?proj=DE0E276E497AB3784C3FC4CC20248DC0&page=173#q84D692,verified_local_archive
17,83689C,173,https://oge.fipi.ru/bank/questions.php?proj=DE0E276E497AB3784C3FC4CC20248DC0&page=173&pagesize=10#q83689C,https://oge.fipi.ru/bank/questions.php?proj=DE0E276E497AB3784C3FC4CC20248DC0&page=173#q83689C,verified_local_archive
17,4FA4EB,174,https://oge.fipi.ru/bank/questions.php?proj=DE0E276E497AB3784C3FC4CC20248DC0&page=174&pagesize=10#q4FA4EB,https://oge.fipi.ru/bank/questions.php?proj=DE0E276E497AB3784C3FC4CC20248DC0&page=174#q4FA4EB,verified_local_archive
17,7C57E0,176,https://oge.fipi.ru/bank/questions.php?proj=DE0E276E497AB3784C3FC4CC20248DC0&page=176&pagesize=10#q7C57E0,https://oge.fipi.ru/bank/questions.php?proj=DE0E276E497AB3784C3FC4CC20248DC0&page=176#q7C57E0,verified_local_archive
17,72FCEC,176,https://oge.fipi.ru/bank/questions.php?proj=DE0E276E497AB3784C3FC4CC20248DC0&page=176&pagesize=10#q72FCEC,https://oge.fipi.ru/bank/questions.php?proj=DE0E276E497AB3784C3FC4CC20248DC0&page=176#q72FCEC,verified_local_archive
17,B072E0,177,https://oge.fipi.ru/bank/questions.php?proj=DE0E276E497AB3784C3FC4CC20248DC0&page=177&pagesize=10#qB072E0,https://oge.fipi.ru/bank/questions.php?proj=DE0E276E497AB3784C3FC4CC20248DC0&page=177#qB072E0,verified_local_archive
17,2FCAE5,179,https://oge.fipi.ru/bank/questions.php?proj=DE0E276E497AB3784C3FC4CC20248DC0&page=179&pagesize=10#q2FCAE5,https://oge.fipi.ru/bank/questions.php?proj=DE0E276E497AB3784C3FC4CC20248DC0&page=179#q2FCAE5,verified_local_archive
17,24CEEC,179,https://oge.fipi.ru/bank/questions.php?proj=DE0E276E497AB3784C3FC4CC20248DC0&page=179&pagesize=10#q24CEEC,https://oge.fipi.ru/bank/questions.php?proj=DE0E276E497AB3784C3FC4CC20248DC0&page=179#q24CEEC,verified_local_archive
17,20E8E9,179,https://oge.fipi.ru/bank/questions.php?proj=DE0E276E497AB3784C3FC4CC20248DC0&page=179&pagesize=10#q20E8E9,https://oge.fipi.ru/bank/questions.php?proj=DE0E276E497AB3784C3FC4CC20248DC0&page=179#q20E8E9,verified_local_archive
17,29E2E9,179,https://oge.fipi.ru/bank/questions.php?proj=DE0E276E497AB3784C3FC4CC20248DC0&page=179&pagesize=10#q29E2E9,https://oge.fipi.ru/bank/questions.php?proj=DE0E276E497AB3784C3FC4CC20248DC0&page=179#q29E2E9,verified_local_archive
17,DE5CEA,180,https://oge.fipi.ru/bank/questions.php?proj=DE0E276E497AB3784C3FC4CC20248DC0&page=180&pagesize=10#qDE5CEA,https://oge.fipi.ru/bank/questions.php?proj=DE0E276E497AB3784C3FC4CC20248DC0&page=180#qDE5CEA,verified_local_archive
17,D774E6,180,https://oge.fipi.ru/bank/questions.php?proj=DE0E276E497AB3784C3FC4CC20248DC0&page=180&pagesize=10#qD774E6,https://oge.fipi.ru/bank/questions.php?proj=DE0E276E497AB3784C3FC4CC20248DC0&page=180#qD774E6,verified_local_archive
17,D4E3E6,180,https://oge.fipi.ru/bank/questions.php?proj=DE0E276E497AB3784C3FC4CC20248DC0&page=180&pagesize=10#qD4E3E6,https://oge.fipi.ru/bank/questions.php?proj=DE0E276E497AB3784C3FC4CC20248DC0&page=180#qD4E3E6,verified_local_archive
17,C764EF,183,https://oge.fipi.ru/bank/questions.php?proj=DE0E276E497AB3784C3FC4CC20248DC0&page=183&pagesize=10#qC764EF,https://oge.fipi.ru/bank/questions.php?proj=DE0E276E497AB3784C3FC4CC20248DC0&page=183#qC764EF,verified_local_archive
17,C432E5,183,https://oge.fipi.ru/bank/questions.php?proj=DE0E276E497AB3784C3FC4CC20248DC0&page=183&pagesize=10#qC432E5,https://oge.fipi.ru/bank/questions.php?proj=DE0E276E497AB3784C3FC4CC20248DC0&page=183#qC432E5,verified_local_archive
17,CA2EEA,183,https://oge.fipi.ru/bank/questions.php?proj=DE0E276E497AB3784C3FC4CC20248DC0&page=183&pagesize=10#qCA2EEA,https://oge.fipi.ru/bank/questions.php?proj=DE0E276E497AB3784C3FC4CC20248DC0&page=183#qCA2EEA,verified_local_archive
17,CE33E8,183,https://oge.fipi.ru/bank/questions.php?proj=DE0E276E497AB3784C3FC4CC20248DC0&page=183&pagesize=10#qCE33E8,https://oge.fipi.ru/bank/questions.php?proj=DE0E276E497AB3784C3FC4CC20248DC0&page=183#qCE33E8,verified_local_archive
17,98EEE4,183,https://oge.fipi.ru/bank/questions.php?proj=DE0E276E497AB3784C3FC4CC20248DC0&page=183&pagesize=10#q98EEE4,https://oge.fipi.ru/bank/questions.php?proj=DE0E276E497AB3784C3FC4CC20248DC0&page=183#q98EEE4,verified_local_archive
17,3310E3,186,https://oge.fipi.ru/bank/questions.php?proj=DE0E276E497AB3784C3FC4CC20248DC0&page=186&pagesize=10#q3310E3,https://oge.fipi.ru/bank/questions.php?proj=DE0E276E497AB3784C3FC4CC20248DC0&page=186#q3310E3,verified_local_archive
17,8F7CEA,187,https://oge.fipi.ru/bank/questions.php?proj=DE0E276E497AB3784C3FC4CC20248DC0&page=187&pagesize=10#q8F7CEA,https://oge.fipi.ru/bank/questions.php?proj=DE0E276E497AB3784C3FC4CC20248DC0&page=187#q8F7CEA,verified_local_archive
17,4E7064,187,https://oge.fipi.ru/bank/questions.php?proj=DE0E276E497AB3784C3FC4CC20248DC0&page=187&pagesize=10#q4E7064,https://oge.fipi.ru/bank/questions.php?proj=DE0E276E497AB3784C3FC4CC20248DC0&page=187#q4E7064,verified_local_archive
17,F45E6B,189,https://oge.fipi.ru/bank/questions.php?proj=DE0E276E497AB3784C3FC4CC20248DC0&page=189&pagesize=10#qF45E6B,https://oge.fipi.ru/bank/questions.php?proj=DE0E276E497AB3784C3FC4CC20248DC0&page=189#qF45E6B,verified_local_archive
17,0D236F,190,https://oge.fipi.ru/bank/questions.php?proj=DE0E276E497AB3784C3FC4CC20248DC0&page=190&pagesize=10#q0D236F,https://oge.fipi.ru/bank/questions.php?proj=DE0E276E497AB3784C3FC4CC20248DC0&page=190#q0D236F,verified_local_archive
17,74C966,191,https://oge.fipi.ru/bank/questions.php?proj=DE0E276E497AB3784C3FC4CC20248DC0&page=191&pagesize=10#q74C966,https://oge.fipi.ru/bank/questions.php?proj=DE0E276E497AB3784C3FC4CC20248DC0&page=191#q74C966,verified_local_archive
17,B5FC63,192,https://oge.fipi.ru/bank/questions.php?proj=DE0E276E497AB3784C3FC4CC20248DC0&page=192&pagesize=10#qB5FC63,https://oge.fipi.ru/bank/questions.php?proj=DE0E276E497AB3784C3FC4CC20248DC0&page=192#qB5FC63,verified_local_archive
17,B16663,192,https://oge.fipi.ru/bank/questions.php?proj=DE0E276E497AB3784C3FC4CC20248DC0&page=192&pagesize=10#qB16663,https://oge.fipi.ru/bank/questions.php?proj=DE0E276E497AB3784C3FC4CC20248DC0&page=192#qB16663,verified_local_archive
17,214369,194,https://oge.fipi.ru/bank/questions.php?proj=DE0E276E497AB3784C3FC4CC20248DC0&page=194&pagesize=10#q214369,https://oge.fipi.ru/bank/questions.php?proj=DE0E276E497AB3784C3FC4CC20248DC0&page=194#q214369,verified_local_archive
17,2E3469,194,https://oge.fipi.ru/bank/questions.php?proj=DE0E276E497AB3784C3FC4CC20248DC0&page=194&pagesize=10#q2E3469,https://oge.fipi.ru/bank/questions.php?proj=DE0E276E497AB3784C3FC4CC20248DC0&page=194#q2E3469,verified_local_archive
17,559F61,195,https://oge.fipi.ru/bank/questions.php?proj=DE0E276E497AB3784C3FC4CC20248DC0&page=195&pagesize=10#q559F61,https://oge.fipi.ru/bank/questions.php?proj=DE0E276E497AB3784C3FC4CC20248DC0&page=195#q559F61,verified_local_archive
17,508D62,195,https://oge.fipi.ru/bank/questions.php?proj=DE0E276E497AB3784C3FC4CC20248DC0&page=195&pagesize=10#q508D62,https://oge.fipi.ru/bank/questions.php?proj=DE0E276E497AB3784C3FC4CC20248DC0&page=195#q508D62,verified_local_archive
17,EA5060,199,https://oge.fipi.ru/bank/questions.php?proj=DE0E276E497AB3784C3FC4CC20248DC0&page=199&pagesize=10#qEA5060,https://oge.fipi.ru/bank/questions.php?proj=DE0E276E497AB3784C3FC4CC20248DC0&page=199#qEA5060,verified_local_archive
17,365266,201,https://oge.fipi.ru/bank/questions.php?proj=DE0E276E497AB3784C3FC4CC20248DC0&page=201&pagesize=10#q365266,https://oge.fipi.ru/bank/questions.php?proj=DE0E276E497AB3784C3FC4CC20248DC0&page=201#q365266,verified_local_archive
17,30C063,202,https://oge.fipi.ru/bank/questions.php?proj=DE0E276E497AB3784C3FC4CC20248DC0&page=202&pagesize=10#q30C063,https://oge.fipi.ru/bank/questions.php?proj=DE0E276E497AB3784C3FC4CC20248DC0&page=202#q30C063,verified_local_archive
17,8AB667,202,https://oge.fipi.ru/bank/questions.php?proj=DE0E276E497AB3784C3FC4CC20248DC0&page=202&pagesize=10#q8AB667,https://oge.fipi.ru/bank/questions.php?proj=DE0E276E497AB3784C3FC4CC20248DC0&page=202#q8AB667,verified_local_archive
17,488431,203,https://oge.fipi.ru/bank/questions.php?proj=DE0E276E497AB3784C3FC4CC20248DC0&page=203&pagesize=10#q488431,https://oge.fipi.ru/bank/questions.php?proj=DE0E276E497AB3784C3FC4CC20248DC0&page=203#q488431,verified_local_archive
17,74F13B,205,https://oge.fipi.ru/bank/questions.php?proj=DE0E276E497AB3784C3FC4CC20248DC0&page=205&pagesize=10#q74F13B,https://oge.fipi.ru/bank/questions.php?proj=DE0E276E497AB3784C3FC4CC20248DC0&page=205#q74F13B,verified_local_archive
17,10AB30,207,https://oge.fipi.ru/bank/questions.php?proj=DE0E276E497AB3784C3FC4CC20248DC0&page=207&pagesize=10#q10AB30,https://oge.fipi.ru/bank/questions.php?proj=DE0E276E497AB3784C3FC4CC20248DC0&page=207#q10AB30,verified_local_archive
17,157535,207,https://oge.fipi.ru/bank/questions.php?proj=DE0E276E497AB3784C3FC4CC20248DC0&page=207&pagesize=10#q157535,https://oge.fipi.ru/bank/questions.php?proj=DE0E276E497AB3784C3FC4CC20248DC0&page=207#q157535,verified_local_archive
17,169635,207,https://oge.fipi.ru/bank/questions.php?proj=DE0E276E497AB3784C3FC4CC20248DC0&page=207&pagesize=10#q169635,https://oge.fipi.ru/bank/questions.php?proj=DE0E276E497AB3784C3FC4CC20248DC0&page=207#q169635,verified_local_archive
17,29D63A,208,https://oge.fipi.ru/bank/questions.php?proj=DE0E276E497AB3784C3FC4CC20248DC0&page=208&pagesize=10#q29D63A,https://oge.fipi.ru/bank/questions.php?proj=DE0E276E497AB3784C3FC4CC20248DC0&page=208#q29D63A,verified_local_archive
17,51D937,210,https://oge.fipi.ru/bank/questions.php?proj=DE0E276E497AB3784C3FC4CC20248DC0&page=210&pagesize=10#q51D937,https://oge.fipi.ru/bank/questions.php?proj=DE0E276E497AB3784C3FC4CC20248DC0&page=210#q51D937,verified_local_archive
17,5E113B,210,https://oge.fipi.ru/bank/questions.php?proj=DE0E276E497AB3784C3FC4CC20248DC0&page=210&pagesize=10#q5E113B,https://oge.fipi.ru/bank/questions.php?proj=DE0E276E497AB3784C3FC4CC20248DC0&page=210#q5E113B,verified_local_archive
17,C1A434,211,https://oge.fipi.ru/bank/questions.php?proj=DE0E276E497AB3784C3FC4CC20248DC0&page=211&pagesize=10#qC1A434,https://oge.fipi.ru/bank/questions.php?proj=DE0E276E497AB3784C3FC4CC20248DC0&page=211#qC1A434,verified_local_archive
17,6E783C,215,https://oge.fipi.ru/bank/questions.php?proj=DE0E276E497AB3784C3FC4CC20248DC0&page=215&pagesize=10#q6E783C,https://oge.fipi.ru/bank/questions.php?proj=DE0E276E497AB3784C3FC4CC20248DC0&page=215#q6E783C,verified_local_archive
17,336633,215,https://oge.fipi.ru/bank/questions.php?proj=DE0E276E497AB3784C3FC4CC20248DC0&page=215&pagesize=10#q336633,https://oge.fipi.ru/bank/questions.php?proj=DE0E276E497AB3784C3FC4CC20248DC0&page=215#q336633,verified_local_archive
17,8F3B36,216,https://oge.fipi.ru/bank/questions.php?proj=DE0E276E497AB3784C3FC4CC20248DC0&page=216&pagesize=10#q8F3B36,https://oge.fipi.ru/bank/questions.php?proj=DE0E276E497AB3784C3FC4CC20248DC0&page=216#q8F3B36,verified_local_archive
17,FDEE8C,218,https://oge.fipi.ru/bank/questions.php?proj=DE0E276E497AB3784C3FC4CC20248DC0&page=218&pagesize=10#qFDEE8C,https://oge.fipi.ru/bank/questions.php?proj=DE0E276E497AB3784C3FC4CC20248DC0&page=218#qFDEE8C,verified_local_archive
17,06DA84,219,https://oge.fipi.ru/bank/questions.php?proj=DE0E276E497AB3784C3FC4CC20248DC0&page=219&pagesize=10#q06DA84,https://oge.fipi.ru/bank/questions.php?proj=DE0E276E497AB3784C3FC4CC20248DC0&page=219#q06DA84,verified_local_archive
17,0B6487,219,https://oge.fipi.ru/bank/questions.php?proj=DE0E276E497AB3784C3FC4CC20248DC0&page=219&pagesize=10#q0B6487,https://oge.fipi.ru/bank/questions.php?proj=DE0E276E497AB3784C3FC4CC20248DC0&page=219#q0B6487,verified_local_archive
17,0ACA8D,219,https://oge.fipi.ru/bank/questions.php?proj=DE0E276E497AB3784C3FC4CC20248DC0&page=219&pagesize=10#q0ACA8D,https://oge.fipi.ru/bank/questions.php?proj=DE0E276E497AB3784C3FC4CC20248DC0&page=219#q0ACA8D,verified_local_archive
17,BF5E8F,220,https://oge.fipi.ru/bank/questions.php?proj=DE0E276E497AB3784C3FC4CC20248DC0&page=220&pagesize=10#qBF5E8F,https://oge.fipi.ru/bank/questions.php?proj=DE0E276E497AB3784C3FC4CC20248DC0&page=220#qBF5E8F,verified_local_archive
17,1DF080,220,https://oge.fipi.ru/bank/questions.php?proj=DE0E276E497AB3784C3FC4CC20248DC0&page=220&pagesize=10#q1DF080,https://oge.fipi.ru/bank/questions.php?proj=DE0E276E497AB3784C3FC4CC20248DC0&page=220#q1DF080,verified_local_archive
17,D97D85,222,https://oge.fipi.ru/bank/questions.php?proj=DE0E276E497AB3784C3FC4CC20248DC0&page=222&pagesize=10#qD97D85,https://oge.fipi.ru/bank/questions.php?proj=DE0E276E497AB3784C3FC4CC20248DC0&page=222#qD97D85,verified_local_archive
17,AB5A83,224,https://oge.fipi.ru/bank/questions.php?proj=DE0E276E497AB3784C3FC4CC20248DC0&page=224&pagesize=10#qAB5A83,https://oge.fipi.ru/bank/questions.php?proj=DE0E276E497AB3784C3FC4CC20248DC0&page=224#qAB5A83,verified_local_archive
17,C3668A,225,https://oge.fipi.ru/bank/questions.php?proj=DE0E276E497AB3784C3FC4CC20248DC0&page=225&pagesize=10#qC3668A,https://oge.fipi.ru/bank/questions.php?proj=DE0E276E497AB3784C3FC4CC20248DC0&page=225#qC3668A,verified_local_archive
17,99F180,225,https://oge.fipi.ru/bank/questions.php?proj=DE0E276E497AB3784C3FC4CC20248DC0&page=225&pagesize=10#q99F180,https://oge.fipi.ru/bank/questions.php?proj=DE0E276E497AB3784C3FC4CC20248DC0&page=225#q99F180,verified_local_archive
17,E0C08E,228,https://oge.fipi.ru/bank/questions.php?proj=DE0E276E497AB3784C3FC4CC20248DC0&page=228&pagesize=10#qE0C08E,https://oge.fipi.ru/bank/questions.php?proj=DE0E276E497AB3784C3FC4CC20248DC0&page=228#qE0C08E,verified_local_archive
17,66228A,228,https://oge.fipi.ru/bank/questions.php?proj=DE0E276E497AB3784C3FC4CC20248DC0&page=228&pagesize=10#q66228A,https://oge.fipi.ru/bank/questions.php?proj=DE0E276E497AB3784C3FC4CC20248DC0&page=228#q66228A,verified_local_archive
17,65D688,229,https://oge.fipi.ru/bank/questions.php?proj=DE0E276E497AB3784C3FC4CC20248DC0&page=229&pagesize=10#q65D688,https://oge.fipi.ru/bank/questions.php?proj=DE0E276E497AB3784C3FC4CC20248DC0&page=229#q65D688,verified_local_archive
17,3F0881,229,https://oge.fipi.ru/bank/questions.php?proj=DE0E276E497AB3784C3FC4CC20248DC0&page=229&pagesize=10#q3F0881,https://oge.fipi.ru/bank/questions.php?proj=DE0E276E497AB3784C3FC4CC20248DC0&page=229#q3F0881,verified_local_archive
17,3E3F85,229,https://oge.fipi.ru/bank/questions.php?proj=DE0E276E497AB3784C3FC4CC20248DC0&page=229&pagesize=10#q3E3F85,https://oge.fipi.ru/bank/questions.php?proj=DE0E276E497AB3784C3FC4CC20248DC0&page=229#q3E3F85,verified_local_archive
17,427144,231,https://oge.fipi.ru/bank/questions.php?proj=DE0E276E497AB3784C3FC4CC20248DC0&page=231&pagesize=10#q427144,https://oge.fipi.ru/bank/questions.php?proj=DE0E276E497AB3784C3FC4CC20248DC0&page=231#q427144,verified_local_archive
17,465D48,231,https://oge.fipi.ru/bank/questions.php?proj=DE0E276E497AB3784C3FC4CC20248DC0&page=231&pagesize=10#q465D48,https://oge.fipi.ru/bank/questions.php?proj=DE0E276E497AB3784C3FC4CC20248DC0&page=231#q465D48,verified_local_archive
17,075E48,232,https://oge.fipi.ru/bank/questions.php?proj=DE0E276E497AB3784C3FC4CC20248DC0&page=232&pagesize=10#q075E48,https://oge.fipi.ru/bank/questions.php?proj=DE0E276E497AB3784C3FC4CC20248DC0&page=232#q075E48,verified_local_archive
17,D5F84C,234,https://oge.fipi.ru/bank/questions.php?proj=DE0E276E497AB3784C3FC4CC20248DC0&page=234&pagesize=10#qD5F84C,https://oge.fipi.ru/bank/questions.php?proj=DE0E276E497AB3784C3FC4CC20248DC0&page=234#qD5F84C,verified_local_archive
17,504D4D,234,https://oge.fipi.ru/bank/questions.php?proj=DE0E276E497AB3784C3FC4CC20248DC0&page=234&pagesize=10#q504D4D,https://oge.fipi.ru/bank/questions.php?proj=DE0E276E497AB3784C3FC4CC20248DC0&page=234#q504D4D,verified_local_archive
17,AEE74D,234,https://oge.fipi.ru/bank/questions.php?proj=DE0E276E497AB3784C3FC4CC20248DC0&page=234&pagesize=10#qAEE74D,https://oge.fipi.ru/bank/questions.php?proj=DE0E276E497AB3784C3FC4CC20248DC0&page=234#qAEE74D,verified_local_archive
17,FF7AF6,237,https://oge.fipi.ru/bank/questions.php?proj=DE0E276E497AB3784C3FC4CC20248DC0&page=237&pagesize=10#qFF7AF6,https://oge.fipi.ru/bank/questions.php?proj=DE0E276E497AB3784C3FC4CC20248DC0&page=237#qFF7AF6,verified_local_archive
17,DEE4F1,239,https://oge.fipi.ru/bank/questions.php?proj=DE0E276E497AB3784C3FC4CC20248DC0&page=239&pagesize=10#qDEE4F1,https://oge.fipi.ru/bank/questions.php?proj=DE0E276E497AB3784C3FC4CC20248DC0&page=239#qDEE4F1,verified_local_archive
17,D298F3,240,https://oge.fipi.ru/bank/questions.php?proj=DE0E276E497AB3784C3FC4CC20248DC0&page=240&pagesize=10#qD298F3,https://oge.fipi.ru/bank/questions.php?proj=DE0E276E497AB3784C3FC4CC20248DC0&page=240#qD298F3,verified_local_archive
17,D31DF8,240,https://oge.fipi.ru/bank/questions.php?proj=DE0E276E497AB3784C3FC4CC20248DC0&page=240&pagesize=10#qD31DF8,https://oge.fipi.ru/bank/questions.php?proj=DE0E276E497AB3784C3FC4CC20248DC0&page=240#qD31DF8,verified_local_archive
17,E8A9F0,241,https://oge.fipi.ru/bank/questions.php?proj=DE0E276E497AB3784C3FC4CC20248DC0&page=241&pagesize=10#qE8A9F0,https://oge.fipi.ru/bank/questions.php?proj=DE0E276E497AB3784C3FC4CC20248DC0&page=241#qE8A9F0,verified_local_archive
17,60DAFB,242,https://oge.fipi.ru/bank/questions.php?proj=DE0E276E497AB3784C3FC4CC20248DC0&page=242&pagesize=10#q60DAFB,https://oge.fipi.ru/bank/questions.php?proj=DE0E276E497AB3784C3FC4CC20248DC0&page=242#q60DAFB,verified_local_archive
17,659FFB,242,https://oge.fipi.ru/bank/questions.php?proj=DE0E276E497AB3784C3FC4CC20248DC0&page=242&pagesize=10#q659FFB,https://oge.fipi.ru/bank/questions.php?proj=DE0E276E497AB3784C3FC4CC20248DC0&page=242#q659FFB,verified_local_archive
17,6A10FC,242,https://oge.fipi.ru/bank/questions.php?proj=DE0E276E497AB3784C3FC4CC20248DC0&page=242&pagesize=10#q6A10FC,https://oge.fipi.ru/bank/questions.php?proj=DE0E276E497AB3784C3FC4CC20248DC0&page=242#q6A10FC,verified_local_archive
17,042E0B,243,https://oge.fipi.ru/bank/questions.php?proj=DE0E276E497AB3784C3FC4CC20248DC0&page=243&pagesize=10#q042E0B,https://oge.fipi.ru/bank/questions.php?proj=DE0E276E497AB3784C3FC4CC20248DC0&page=243#q042E0B,verified_local_archive
17,B7D500,244,https://oge.fipi.ru/bank/questions.php?proj=DE0E276E497AB3784C3FC4CC20248DC0&page=244&pagesize=10#qB7D500,https://oge.fipi.ru/bank/questions.php?proj=DE0E276E497AB3784C3FC4CC20248DC0&page=244#qB7D500,verified_local_archive
17,BD1901,244,https://oge.fipi.ru/bank/questions.php?proj=DE0E276E497AB3784C3FC4CC20248DC0&page=244&pagesize=10#qBD1901,https://oge.fipi.ru/bank/questions.php?proj=DE0E276E497AB3784C3FC4CC20248DC0&page=244#qBD1901,verified_local_archive
17,544803,245,https://oge.fipi.ru/bank/questions.php?proj=DE0E276E497AB3784C3FC4CC20248DC0&page=245&pagesize=10#q544803,https://oge.fipi.ru/bank/questions.php?proj=DE0E276E497AB3784C3FC4CC20248DC0&page=245#q544803,verified_local_archive
17,60B807,247,https://oge.fipi.ru/bank/questions.php?proj=DE0E276E497AB3784C3FC4CC20248DC0&page=247&pagesize=10#q60B807,https://oge.fipi.ru/bank/questions.php?proj=DE0E276E497AB3784C3FC4CC20248DC0&page=247#q60B807,verified_local_archive
17,83E501,247,https://oge.fipi.ru/bank/questions.php?proj=DE0E276E497AB3784C3FC4CC20248DC0&page=247&pagesize=10#q83E501,https://oge.fipi.ru/bank/questions.php?proj=DE0E276E497AB3784C3FC4CC20248DC0&page=247#q83E501,verified_local_archive
17,496E7A,248,https://oge.fipi.ru/bank/questions.php?proj=DE0E276E497AB3784C3FC4CC20248DC0&page=248&pagesize=10#q496E7A,https://oge.fipi.ru/bank/questions.php?proj=DE0E276E497AB3784C3FC4CC20248DC0&page=248#q496E7A,verified_local_archive
17,77BC78,249,https://oge.fipi.ru/bank/questions.php?proj=DE0E276E497AB3784C3FC4CC20248DC0&page=249&pagesize=10#q77BC78,https://oge.fipi.ru/bank/questions.php?proj=DE0E276E497AB3784C3FC4CC20248DC0&page=249#q77BC78,verified_local_archive
17,D89B7F,251,https://oge.fipi.ru/bank/questions.php?proj=DE0E276E497AB3784C3FC4CC20248DC0&page=251&pagesize=10#qD89B7F,https://oge.fipi.ru/bank/questions.php?proj=DE0E276E497AB3784C3FC4CC20248DC0&page=251#qD89B7F,verified_local_archive
17,920370,252,https://oge.fipi.ru/bank/questions.php?proj=DE0E276E497AB3784C3FC4CC20248DC0&page=252&pagesize=10#q920370,https://oge.fipi.ru/bank/questions.php?proj=DE0E276E497AB3784C3FC4CC20248DC0&page=252#q920370,verified_local_archive
17,6C427C,253,https://oge.fipi.ru/bank/questions.php?proj=DE0E276E497AB3784C3FC4CC20248DC0&page=253&pagesize=10#q6C427C,https://oge.fipi.ru/bank/questions.php?proj=DE0E276E497AB3784C3FC4CC20248DC0&page=253#q6C427C,verified_local_archive
17,311273,253,https://oge.fipi.ru/bank/questions.php?proj=DE0E276E497AB3784C3FC4CC20248DC0&page=253&pagesize=10#q311273,https://oge.fipi.ru/bank/questions.php?proj=DE0E276E497AB3784C3FC4CC20248DC0&page=253#q311273,verified_local_archive
17,F72ABD,254,https://oge.fipi.ru/bank/questions.php?proj=DE0E276E497AB3784C3FC4CC20248DC0&page=254&pagesize=10#qF72ABD,https://oge.fipi.ru/bank/questions.php?proj=DE0E276E497AB3784C3FC4CC20248DC0&page=254#qF72ABD,verified_local_archive
17,5C2EB1,257,https://oge.fipi.ru/bank/questions.php?proj=DE0E276E497AB3784C3FC4CC20248DC0&page=257&pagesize=10#q5C2EB1,https://oge.fipi.ru/bank/questions.php?proj=DE0E276E497AB3784C3FC4CC20248DC0&page=257#q5C2EB1,verified_local_archive
17,EE55B1,258,https://oge.fipi.ru/bank/questions.php?proj=DE0E276E497AB3784C3FC4CC20248DC0&page=258&pagesize=10#qEE55B1,https://oge.fipi.ru/bank/questions.php?proj=DE0E276E497AB3784C3FC4CC20248DC0&page=258#qEE55B1,verified_local_archive
17,EB07BC,258,https://oge.fipi.ru/bank/questions.php?proj=DE0E276E497AB3784C3FC4CC20248DC0&page=258&pagesize=10#qEB07BC,https://oge.fipi.ru/bank/questions.php?proj=DE0E276E497AB3784C3FC4CC20248DC0&page=258#qEB07BC,verified_local_archive
17,3F24B3,259,https://oge.fipi.ru/bank/questions.php?proj=DE0E276E497AB3784C3FC4CC20248DC0&page=259&pagesize=10#q3F24B3,https://oge.fipi.ru/bank/questions.php?proj=DE0E276E497AB3784C3FC4CC20248DC0&page=259#q3F24B3,verified_local_archive
17,413917,259,https://oge.fipi.ru/bank/questions.php?proj=DE0E276E497AB3784C3FC4CC20248DC0&page=259&pagesize=10#q413917,https://oge.fipi.ru/bank/questions.php?proj=DE0E276E497AB3784C3FC4CC20248DC0&page=259#q413917,verified_local_archive
17,4B751D,259,https://oge.fipi.ru/bank/questions.php?proj=DE0E276E497AB3784C3FC4CC20248DC0&page=259&pagesize=10#q4B751D,https://oge.fipi.ru/bank/questions.php?proj=DE0E276E497AB3784C3FC4CC20248DC0&page=259#q4B751D,verified_local_archive
17,F04C1D,260,https://oge.fipi.ru/bank/questions.php?proj=DE0E276E497AB3784C3FC4CC20248DC0&page=260&pagesize=10#qF04C1D,https://oge.fipi.ru/bank/questions.php?proj=DE0E276E497AB3784C3FC4CC20248DC0&page=260#qF04C1D,verified_local_archive
17,F38D13,260,https://oge.fipi.ru/bank/questions.php?proj=DE0E276E497AB3784C3FC4CC20248DC0&page=260&pagesize=10#qF38D13,https://oge.fipi.ru/bank/questions.php?proj=DE0E276E497AB3784C3FC4CC20248DC0&page=260#qF38D13,verified_local_archive
17,07F31C,260,https://oge.fipi.ru/bank/questions.php?proj=DE0E276E497AB3784C3FC4CC20248DC0&page=260&pagesize=10#q07F31C,https://oge.fipi.ru/bank/questions.php?proj=DE0E276E497AB3784C3FC4CC20248DC0&page=260#q07F31C,verified_local_archive
17,7DC81D,261,https://oge.fipi.ru/bank/questions.php?proj=DE0E276E497AB3784C3FC4CC20248DC0&page=261&pagesize=10#q7DC81D,https://oge.fipi.ru/bank/questions.php?proj=DE0E276E497AB3784C3FC4CC20248DC0&page=261#q7DC81D,verified_local_archive
17,105014,261,https://oge.fipi.ru/bank/questions.php?proj=DE0E276E497AB3784C3FC4CC20248DC0&page=261&pagesize=10#q105014,https://oge.fipi.ru/bank/questions.php?proj=DE0E276E497AB3784C3FC4CC20248DC0&page=261#q105014,verified_local_archive
17,1E411A,262,https://oge.fipi.ru/bank/questions.php?proj=DE0E276E497AB3784C3FC4CC20248DC0&page=262&pagesize=10#q1E411A,https://oge.fipi.ru/bank/questions.php?proj=DE0E276E497AB3784C3FC4CC20248DC0&page=262#q1E411A,verified_local_archive
17,2B931B,263,https://oge.fipi.ru/bank/questions.php?proj=DE0E276E497AB3784C3FC4CC20248DC0&page=263&pagesize=10#q2B931B,https://oge.fipi.ru/bank/questions.php?proj=DE0E276E497AB3784C3FC4CC20248DC0&page=263#q2B931B,verified_local_archive
17,D7A91D,263,https://oge.fipi.ru/bank/questions.php?proj=DE0E276E497AB3784C3FC4CC20248DC0&page=263&pagesize=10#qD7A91D,https://oge.fipi.ru/bank/questions.php?proj=DE0E276E497AB3784C3FC4CC20248DC0&page=263#qD7A91D,verified_local_archive
17,E50B1C,264,https://oge.fipi.ru/bank/questions.php?proj=DE0E276E497AB3784C3FC4CC20248DC0&page=264&pagesize=10#qE50B1C,https://oge.fipi.ru/bank/questions.php?proj=DE0E276E497AB3784C3FC4CC20248DC0&page=264#qE50B1C,verified_local_archive
17,3B361E,265,https://oge.fipi.ru/bank/questions.php?proj=DE0E276E497AB3784C3FC4CC20248DC0&page=265&pagesize=10#q3B361E,https://oge.fipi.ru/bank/questions.php?proj=DE0E276E497AB3784C3FC4CC20248DC0&page=265#q3B361E,verified_local_archive
17,464D22,265,https://oge.fipi.ru/bank/questions.php?proj=DE0E276E497AB3784C3FC4CC20248DC0&page=265&pagesize=10#q464D22,https://oge.fipi.ru/bank/questions.php?proj=DE0E276E497AB3784C3FC4CC20248DC0&page=265#q464D22,verified_local_archive
17,D84927,268,https://oge.fipi.ru/bank/questions.php?proj=DE0E276E497AB3784C3FC4CC20248DC0&page=268&pagesize=10#qD84927,https://oge.fipi.ru/bank/questions.php?proj=DE0E276E497AB3784C3FC4CC20248DC0&page=268#qD84927,verified_local_archive
17,A2E728,269,https://oge.fipi.ru/bank/questions.php?proj=DE0E276E497AB3784C3FC4CC20248DC0&page=269&pagesize=10#qA2E728,https://oge.fipi.ru/bank/questions.php?proj=DE0E276E497AB3784C3FC4CC20248DC0&page=269#qA2E728,verified_local_archive
17,697E21,270,https://oge.fipi.ru/bank/questions.php?proj=DE0E276E497AB3784C3FC4CC20248DC0&page=270&pagesize=10#q697E21,https://oge.fipi.ru/bank/questions.php?proj=DE0E276E497AB3784C3FC4CC20248DC0&page=270#q697E21,verified_local_archive
17,660622,271,https://oge.fipi.ru/bank/questions.php?proj=DE0E276E497AB3784C3FC4CC20248DC0&page=271&pagesize=10#q660622,https://oge.fipi.ru/bank/questions.php?proj=DE0E276E497AB3784C3FC4CC20248DC0&page=271#q660622,verified_local_archive
17,67F328,271,https://oge.fipi.ru/bank/questions.php?proj=DE0E276E497AB3784C3FC4CC20248DC0&page=271&pagesize=10#q67F328,https://oge.fipi.ru/bank/questions.php?proj=DE0E276E497AB3784C3FC4CC20248DC0&page=271#q67F328,verified_local_archive
17,33D02A,271,https://oge.fipi.ru/bank/questions.php?proj=DE0E276E497AB3784C3FC4CC20248DC0&page=271&pagesize=10#q33D02A,https://oge.fipi.ru/bank/questions.php?proj=DE0E276E497AB3784C3FC4CC20248DC0&page=271#q33D02A,verified_local_archive
17,3FD623,272,https://oge.fipi.ru/bank/questions.php?proj=DE0E276E497AB3784C3FC4CC20248DC0&page=272&pagesize=10#q3FD623,https://oge.fipi.ru/bank/questions.php?proj=DE0E276E497AB3784C3FC4CC20248DC0&page=272#q3FD623,verified_local_archive
17,3DB928,272,https://oge.fipi.ru/bank/questions.php?proj=DE0E276E497AB3784C3FC4CC20248DC0&page=272&pagesize=10#q3DB928,https://oge.fipi.ru/bank/questions.php?proj=DE0E276E497AB3784C3FC4CC20248DC0&page=272#q3DB928,verified_local_archive
17,8DE129,272,https://oge.fipi.ru/bank/questions.php?proj=DE0E276E497AB3784C3FC4CC20248DC0&page=272&pagesize=10#q8DE129,https://oge.fipi.ru/bank/questions.php?proj=DE0E276E497AB3784C3FC4CC20248DC0&page=272#q8DE129,verified_local_archive
17,4746DE,272,https://oge.fipi.ru/bank/questions.php?proj=DE0E276E497AB3784C3FC4CC20248DC0&page=272&pagesize=10#q4746DE,https://oge.fipi.ru/bank/questions.php?proj=DE0E276E497AB3784C3FC4CC20248DC0&page=272#q4746DE,verified_local_archive
17,7B0DD9,273,https://oge.fipi.ru/bank/questions.php?proj=DE0E276E497AB3784C3FC4CC20248DC0&page=273&pagesize=10#q7B0DD9,https://oge.fipi.ru/bank/questions.php?proj=DE0E276E497AB3784C3FC4CC20248DC0&page=273#q7B0DD9,verified_local_archive
17,B632D5,273,https://oge.fipi.ru/bank/questions.php?proj=DE0E276E497AB3784C3FC4CC20248DC0&page=273&pagesize=10#qB632D5,https://oge.fipi.ru/bank/questions.php?proj=DE0E276E497AB3784C3FC4CC20248DC0&page=273#qB632D5,verified_local_archive
17,AA0FDB,275,https://oge.fipi.ru/bank/questions.php?proj=DE0E276E497AB3784C3FC4CC20248DC0&page=275&pagesize=10#qAA0FDB,https://oge.fipi.ru/bank/questions.php?proj=DE0E276E497AB3784C3FC4CC20248DC0&page=275#qAA0FDB,verified_local_archive
17,AE58DE,275,https://oge.fipi.ru/bank/questions.php?proj=DE0E276E497AB3784C3FC4CC20248DC0&page=275&pagesize=10#qAE58DE,https://oge.fipi.ru/bank/questions.php?proj=DE0E276E497AB3784C3FC4CC20248DC0&page=275#qAE58DE,verified_local_archive
17,C7A7D0,275,https://oge.fipi.ru/bank/questions.php?proj=DE0E276E497AB3784C3FC4CC20248DC0&page=275&pagesize=10#qC7A7D0,https://oge.fipi.ru/bank/questions.php?proj=DE0E276E497AB3784C3FC4CC20248DC0&page=275#qC7A7D0,verified_local_archive
17,E7C2DC,276,https://oge.fipi.ru/bank/questions.php?proj=DE0E276E497AB3784C3FC4CC20248DC0&page=276&pagesize=10#qE7C2DC,https://oge.fipi.ru/bank/questions.php?proj=DE0E276E497AB3784C3FC4CC20248DC0&page=276#qE7C2DC,verified_local_archive
17,BFF75D,279,https://oge.fipi.ru/bank/questions.php?proj=DE0E276E497AB3784C3FC4CC20248DC0&page=279&pagesize=10#qBFF75D,https://oge.fipi.ru/bank/questions.php?proj=DE0E276E497AB3784C3FC4CC20248DC0&page=279#qBFF75D,verified_local_archive
17,110851,279,https://oge.fipi.ru/bank/questions.php?proj=DE0E276E497AB3784C3FC4CC20248DC0&page=279&pagesize=10#q110851,https://oge.fipi.ru/bank/questions.php?proj=DE0E276E497AB3784C3FC4CC20248DC0&page=279#q110851,verified_local_archive
17,590C50,280,https://oge.fipi.ru/bank/questions.php?proj=DE0E276E497AB3784C3FC4CC20248DC0&page=280&pagesize=10#q590C50,https://oge.fipi.ru/bank/questions.php?proj=DE0E276E497AB3784C3FC4CC20248DC0&page=280#q590C50,verified_local_archive
17,CA7E5B,281,https://oge.fipi.ru/bank/questions.php?proj=DE0E276E497AB3784C3FC4CC20248DC0&page=281&pagesize=10#qCA7E5B,https://oge.fipi.ru/bank/questions.php?proj=DE0E276E497AB3784C3FC4CC20248DC0&page=281#qCA7E5B,verified_local_archive
17,6F5053,282,https://oge.fipi.ru/bank/questions.php?proj=DE0E276E497AB3784C3FC4CC20248DC0&page=282&pagesize=10#q6F5053,https://oge.fipi.ru/bank/questions.php?proj=DE0E276E497AB3784C3FC4CC20248DC0&page=282#q6F5053,verified_local_archive
17,888F54,283,https://oge.fipi.ru/bank/questions.php?proj=DE0E276E497AB3784C3FC4CC20248DC0&page=283&pagesize=10#q888F54,https://oge.fipi.ru/bank/questions.php?proj=DE0E276E497AB3784C3FC4CC20248DC0&page=283#q888F54,verified_local_archive
17,F2F2AD,283,https://oge.fipi.ru/bank/questions.php?proj=DE0E276E497AB3784C3FC4CC20248DC0&page=283&pagesize=10#qF2F2AD,https://oge.fipi.ru/bank/questions.php?proj=DE0E276E497AB3784C3FC4CC20248DC0&page=283#qF2F2AD,verified_local_archive
17,1BE1A9,284,https://oge.fipi.ru/bank/questions.php?proj=DE0E276E497AB3784C3FC4CC20248DC0&page=284&pagesize=10#q1BE1A9,https://oge.fipi.ru/bank/questions.php?proj=DE0E276E497AB3784C3FC4CC20248DC0&page=284#q1BE1A9,verified_local_archive
17,AD01AD,285,https://oge.fipi.ru/bank/questions.php?proj=DE0E276E497AB3784C3FC4CC20248DC0&page=285&pagesize=10#qAD01AD,https://oge.fipi.ru/bank/questions.php?proj=DE0E276E497AB3784C3FC4CC20248DC0&page=285#qAD01AD,verified_local_archive
17,CBA1AB,285,https://oge.fipi.ru/bank/questions.php?proj=DE0E276E497AB3784C3FC4CC20248DC0&page=285&pagesize=10#qCBA1AB,https://oge.fipi.ru/bank/questions.php?proj=DE0E276E497AB3784C3FC4CC20248DC0&page=285#qCBA1AB,verified_local_archive
17,C41AAE,285,https://oge.fipi.ru/bank/questions.php?proj=DE0E276E497AB3784C3FC4CC20248DC0&page=285&pagesize=10#qC41AAE,https://oge.fipi.ru/bank/questions.php?proj=DE0E276E497AB3784C3FC4CC20248DC0&page=285#qC41AAE,verified_local_archive
17,61F8A1,287,https://oge.fipi.ru/bank/questions.php?proj=DE0E276E497AB3784C3FC4CC20248DC0&page=287&pagesize=10#q61F8A1,https://oge.fipi.ru/bank/questions.php?proj=DE0E276E497AB3784C3FC4CC20248DC0&page=287#q61F8A1,verified_local_archive
17,380FAE,287,https://oge.fipi.ru/bank/questions.php?proj=DE0E276E497AB3784C3FC4CC20248DC0&page=287&pagesize=10#q380FAE,https://oge.fipi.ru/bank/questions.php?proj=DE0E276E497AB3784C3FC4CC20248DC0&page=287#q380FAE,verified_local_archive
17,8389AF,288,https://oge.fipi.ru/bank/questions.php?proj=DE0E276E497AB3784C3FC4CC20248DC0&page=288&pagesize=10#q8389AF,https://oge.fipi.ru/bank/questions.php?proj=DE0E276E497AB3784C3FC4CC20248DC0&page=288#q8389AF,verified_local_archive
17,F87DC1,288,https://oge.fipi.ru/bank/questions.php?proj=DE0E276E497AB3784C3FC4CC20248DC0&page=288&pagesize=10#qF87DC1,https://oge.fipi.ru/bank/questions.php?proj=DE0E276E497AB3784C3FC4CC20248DC0&page=288#qF87DC1,verified_local_archive
17,7285C7,289,https://oge.fipi.ru/bank/questions.php?proj=DE0E276E497AB3784C3FC4CC20248DC0&page=289&pagesize=10#q7285C7,https://oge.fipi.ru/bank/questions.php?proj=DE0E276E497AB3784C3FC4CC20248DC0&page=289#q7285C7,verified_local_archive
17,295DC6,290,https://oge.fipi.ru/bank/questions.php?proj=DE0E276E497AB3784C3FC4CC20248DC0&page=290&pagesize=10#q295DC6,https://oge.fipi.ru/bank/questions.php?proj=DE0E276E497AB3784C3FC4CC20248DC0&page=290#q295DC6,verified_local_archive
17,C942C0,292,https://oge.fipi.ru/bank/questions.php?proj=DE0E276E497AB3784C3FC4CC20248DC0&page=292&pagesize=10#qC942C0,https://oge.fipi.ru/bank/questions.php?proj=DE0E276E497AB3784C3FC4CC20248DC0&page=292#qC942C0,verified_local_archive
17,C19CCA,292,https://oge.fipi.ru/bank/questions.php?proj=DE0E276E497AB3784C3FC4CC20248DC0&page=292&pagesize=10#qC19CCA,https://oge.fipi.ru/bank/questions.php?proj=DE0E276E497AB3784C3FC4CC20248DC0&page=292#qC19CCA,verified_local_archive
17,9335CD,293,https://oge.fipi.ru/bank/questions.php?proj=DE0E276E497AB3784C3FC4CC20248DC0&page=293&pagesize=10#q9335CD,https://oge.fipi.ru/bank/questions.php?proj=DE0E276E497AB3784C3FC4CC20248DC0&page=293#q9335CD,verified_local_archive
17,9AF7CC,293,https://oge.fipi.ru/bank/questions.php?proj=DE0E276E497AB3784C3FC4CC20248DC0&page=293&pagesize=10#q9AF7CC,https://oge.fipi.ru/bank/questions.php?proj=DE0E276E497AB3784C3FC4CC20248DC0&page=293#q9AF7CC,verified_local_archive
17,9C3CC6,293,https://oge.fipi.ru/bank/questions.php?proj=DE0E276E497AB3784C3FC4CC20248DC0&page=293&pagesize=10#q9C3CC6,https://oge.fipi.ru/bank/questions.php?proj=DE0E276E497AB3784C3FC4CC20248DC0&page=293#q9C3CC6,verified_local_archive
17,9C87C6,293,https://oge.fipi.ru/bank/questions.php?proj=DE0E276E497AB3784C3FC4CC20248DC0&page=293&pagesize=10#q9C87C6,https://oge.fipi.ru/bank/questions.php?proj=DE0E276E497AB3784C3FC4CC20248DC0&page=293#q9C87C6,verified_local_archive
17,443298,295,https://oge.fipi.ru/bank/questions.php?proj=DE0E276E497AB3784C3FC4CC20248DC0&page=295&pagesize=10#q443298,https://oge.fipi.ru/bank/questions.php?proj=DE0E276E497AB3784C3FC4CC20248DC0&page=295#q443298,verified_local_archive
17,B6919A,296,https://oge.fipi.ru/bank/questions.php?proj=DE0E276E497AB3784C3FC4CC20248DC0&page=296&pagesize=10#qB6919A,https://oge.fipi.ru/bank/questions.php?proj=DE0E276E497AB3784C3FC4CC20248DC0&page=296#qB6919A,verified_local_archive
17,D0BC98,298,https://oge.fipi.ru/bank/questions.php?proj=DE0E276E497AB3784C3FC4CC20248DC0&page=298&pagesize=10#qD0BC98,https://oge.fipi.ru/bank/questions.php?proj=DE0E276E497AB3784C3FC4CC20248DC0&page=298#qD0BC98,verified_local_archive
17,A74699,299,https://oge.fipi.ru/bank/questions.php?proj=DE0E276E497AB3784C3FC4CC20248DC0&page=299&pagesize=10#qA74699,https://oge.fipi.ru/bank/questions.php?proj=DE0E276E497AB3784C3FC4CC20248DC0&page=299#qA74699,verified_local_archive
17,605294,300,https://oge.fipi.ru/bank/questions.php?proj=DE0E276E497AB3784C3FC4CC20248DC0&page=300&pagesize=10#q605294,https://oge.fipi.ru/bank/questions.php?proj=DE0E276E497AB3784C3FC4CC20248DC0&page=300#q605294,verified_local_archive
17,872A90,301,https://oge.fipi.ru/bank/questions.php?proj=DE0E276E497AB3784C3FC4CC20248DC0&page=301&pagesize=10#q872A90,https://oge.fipi.ru/bank/questions.php?proj=DE0E276E497AB3784C3FC4CC20248DC0&page=301#q872A90,verified_local_archive
17,0B01EC,302,https://oge.fipi.ru/bank/questions.php?proj=DE0E276E497AB3784C3FC4CC20248DC0&page=302&pagesize=10#q0B01EC,https://oge.fipi.ru/bank/questions.php?proj=DE0E276E497AB3784C3FC4CC20248DC0&page=302#q0B01EC,verified_local_archive
17,2D20ED,303,https://oge.fipi.ru/bank/questions.php?proj=DE0E276E497AB3784C3FC4CC20248DC0&page=303&pagesize=10#q2D20ED,https://oge.fipi.ru/bank/questions.php?proj=DE0E276E497AB3784C3FC4CC20248DC0&page=303#q2D20ED,verified_local_archive
17,445161,307,https://oge.fipi.ru/bank/questions.php?proj=DE0E276E497AB3784C3FC4CC20248DC0&page=307&pagesize=10#q445161,https://oge.fipi.ru/bank/questions.php?proj=DE0E276E497AB3784C3FC4CC20248DC0&page=307#q445161,verified_local_archive
17,41B466,307,https://oge.fipi.ru/bank/questions.php?proj=DE0E276E497AB3784C3FC4CC20248DC0&page=307&pagesize=10#q41B466,https://oge.fipi.ru/bank/questions.php?proj=DE0E276E497AB3784C3FC4CC20248DC0&page=307#q41B466,verified_local_archive
17,F4E56A,307,https://oge.fipi.ru/bank/questions.php?proj=DE0E276E497AB3784C3FC4CC20248DC0&page=307&pagesize=10#qF4E56A,https://oge.fipi.ru/bank/questions.php?proj=DE0E276E497AB3784C3FC4CC20248DC0&page=307#qF4E56A,verified_local_archive
17,D27561,309,https://oge.fipi.ru/bank/questions.php?proj=DE0E276E497AB3784C3FC4CC20248DC0&page=309&pagesize=10#qD27561,https://oge.fipi.ru/bank/questions.php?proj=DE0E276E497AB3784C3FC4CC20248DC0&page=309#qD27561,verified_local_archive
17,978E65,311,https://oge.fipi.ru/bank/questions.php?proj=DE0E276E497AB3784C3FC4CC20248DC0&page=311&pagesize=10#q978E65,https://oge.fipi.ru/bank/questions.php?proj=DE0E276E497AB3784C3FC4CC20248DC0&page=311#q978E65,verified_local_archive
17,829962,312,https://oge.fipi.ru/bank/questions.php?proj=DE0E276E497AB3784C3FC4CC20248DC0&page=312&pagesize=10#q829962,https://oge.fipi.ru/bank/questions.php?proj=DE0E276E497AB3784C3FC4CC20248DC0&page=312#q829962,verified_local_archive
17,7DED37,314,https://oge.fipi.ru/bank/questions.php?proj=DE0E276E497AB3784C3FC4CC20248DC0&page=314&pagesize=10#q7DED37,https://oge.fipi.ru/bank/questions.php?proj=DE0E276E497AB3784C3FC4CC20248DC0&page=314#q7DED37,verified_local_archive
17,96A430,317,https://oge.fipi.ru/bank/questions.php?proj=DE0E276E497AB3784C3FC4CC20248DC0&page=317&pagesize=10#q96A430,https://oge.fipi.ru/bank/questions.php?proj=DE0E276E497AB3784C3FC4CC20248DC0&page=317#q96A430,verified_local_archive
17,EAEF3E,318,https://oge.fipi.ru/bank/questions.php?proj=DE0E276E497AB3784C3FC4CC20248DC0&page=318&pagesize=10#qEAEF3E,https://oge.fipi.ru/bank/questions.php?proj=DE0E276E497AB3784C3FC4CC20248DC0&page=318#qEAEF3E,verified_local_archive
17,B13E84,320,https://oge.fipi.ru/bank/questions.php?proj=DE0E276E497AB3784C3FC4CC20248DC0&page=320&pagesize=10#qB13E84,https://oge.fipi.ru/bank/questions.php?proj=DE0E276E497AB3784C3FC4CC20248DC0&page=320#qB13E84,verified_local_archive
17,AB1B84,322,https://oge.fipi.ru/bank/questions.php?proj=DE0E276E497AB3784C3FC4CC20248DC0&page=322&pagesize=10#qAB1B84,https://oge.fipi.ru/bank/questions.php?proj=DE0E276E497AB3784C3FC4CC20248DC0&page=322#qAB1B84,verified_local_archive
17,A52E8A,322,https://oge.fipi.ru/bank/questions.php?proj=DE0E276E497AB3784C3FC4CC20248DC0&page=322&pagesize=10#qA52E8A,https://oge.fipi.ru/bank/questions.php?proj=DE0E276E497AB3784C3FC4CC20248DC0&page=322#qA52E8A,verified_local_archive
17,C23988,323,https://oge.fipi.ru/bank/questions.php?proj=DE0E276E497AB3784C3FC4CC20248DC0&page=323&pagesize=10#qC23988,https://oge.fipi.ru/bank/questions.php?proj=DE0E276E497AB3784C3FC4CC20248DC0&page=323#qC23988,verified_local_archive
17,912787,323,https://oge.fipi.ru/bank/questions.php?proj=DE0E276E497AB3784C3FC4CC20248DC0&page=323&pagesize=10#q912787,https://oge.fipi.ru/bank/questions.php?proj=DE0E276E497AB3784C3FC4CC20248DC0&page=323#q912787,verified_local_archive
17,66A186,324,https://oge.fipi.ru/bank/questions.php?proj=DE0E276E497AB3784C3FC4CC20248DC0&page=324&pagesize=10#q66A186,https://oge.fipi.ru/bank/questions.php?proj=DE0E276E497AB3784C3FC4CC20248DC0&page=324#q66A186,verified_local_archive
17,33BD88,325,https://oge.fipi.ru/bank/questions.php?proj=DE0E276E497AB3784C3FC4CC20248DC0&page=325&pagesize=10#q33BD88,https://oge.fipi.ru/bank/questions.php?proj=DE0E276E497AB3784C3FC4CC20248DC0&page=325#q33BD88,verified_local_archive
18,0C5645,2,https://oge.fipi.ru/bank/questions.php?proj=DE0E276E497AB3784C3FC4CC20248DC0&page=2&pagesize=10#q0C5645,https://oge.fipi.ru/bank/questions.php?proj=DE0E276E497AB3784C3FC4CC20248DC0&page=2#q0C5645,verified_local_archive
18,1C594B,4,https://oge.fipi.ru/bank/questions.php?proj=DE0E276E497AB3784C3FC4CC20248DC0&page=4&pagesize=10#q1C594B,https://oge.fipi.ru/bank/questions.php?proj=DE0E276E497AB3784C3FC4CC20248DC0&page=4#q1C594B,verified_local_archive
18,2BD44A,5,https://oge.fipi.ru/bank/questions.php?proj=DE0E276E497AB3784C3FC4CC20248DC0&page=5&pagesize=10#q2BD44A,https://oge.fipi.ru/bank/questions.php?proj=DE0E276E497AB3784C3FC4CC20248DC0&page=5#q2BD44A,verified_local_archive
18,D2D94B,6,https://oge.fipi.ru/bank/questions.php?proj=DE0E276E497AB3784C3FC4CC20248DC0&page=6&pagesize=10#qD2D94B,https://oge.fipi.ru/bank/questions.php?proj=DE0E276E497AB3784C3FC4CC20248DC0&page=6#qD2D94B,verified_local_archive
18,566A4E,7,https://oge.fipi.ru/bank/questions.php?proj=DE0E276E497AB3784C3FC4CC20248DC0&page=7&pagesize=10#q566A4E,https://oge.fipi.ru/bank/questions.php?proj=DE0E276E497AB3784C3FC4CC20248DC0&page=7#q566A4E,verified_local_archive
18,5C5046,7,https://oge.fipi.ru/bank/questions.php?proj=DE0E276E497AB3784C3FC4CC20248DC0&page=7&pagesize=10#q5C5046,https://oge.fipi.ru/bank/questions.php?proj=DE0E276E497AB3784C3FC4CC20248DC0&page=7#q5C5046,verified_local_archive
18,6CB64A,13,https://oge.fipi.ru/bank/questions.php?proj=DE0E276E497AB3784C3FC4CC20248DC0&page=13&pagesize=10#q6CB64A,https://oge.fipi.ru/bank/questions.php?proj=DE0E276E497AB3784C3FC4CC20248DC0&page=13#q6CB64A,verified_local_archive
18,383C46,14,https://oge.fipi.ru/bank/questions.php?proj=DE0E276E497AB3784C3FC4CC20248DC0&page=14&pagesize=10#q383C46,https://oge.fipi.ru/bank/questions.php?proj=DE0E276E497AB3784C3FC4CC20248DC0&page=14#q383C46,verified_local_archive
18,45A5FF,16,https://oge.fipi.ru/bank/questions.php?proj=DE0E276E497AB3784C3FC4CC20248DC0&page=16&pagesize=10#q45A5FF,https://oge.fipi.ru/bank/questions.php?proj=DE0E276E497AB3784C3FC4CC20248DC0&page=16#q45A5FF,verified_local_archive
18,4718F7,16,https://oge.fipi.ru/bank/questions.php?proj=DE0E276E497AB3784C3FC4CC20248DC0&page=16&pagesize=10#q4718F7,https://oge.fipi.ru/bank/questions.php?proj=DE0E276E497AB3784C3FC4CC20248DC0&page=16#q4718F7,verified_local_archive
18,4774FE,17,https://oge.fipi.ru/bank/questions.php?proj=DE0E276E497AB3784C3FC4CC20248DC0&page=17&pagesize=10#q4774FE,https://oge.fipi.ru/bank/questions.php?proj=DE0E276E497AB3784C3FC4CC20248DC0&page=17#q4774FE,verified_local_archive
18,F50FF8,18,https://oge.fipi.ru/bank/questions.php?proj=DE0E276E497AB3784C3FC4CC20248DC0&page=18&pagesize=10#qF50FF8,https://oge.fipi.ru/bank/questions.php?proj=DE0E276E497AB3784C3FC4CC20248DC0&page=18#qF50FF8,verified_local_archive
18,686EFB,28,https://oge.fipi.ru/bank/questions.php?proj=DE0E276E497AB3784C3FC4CC20248DC0&page=28&pagesize=10#q686EFB,https://oge.fipi.ru/bank/questions.php?proj=DE0E276E497AB3784C3FC4CC20248DC0&page=28#q686EFB,verified_local_archive
18,DEA70E,36,https://oge.fipi.ru/bank/questions.php?proj=DE0E276E497AB3784C3FC4CC20248DC0&page=36&pagesize=10#qDEA70E,https://oge.fipi.ru/bank/questions.php?proj=DE0E276E497AB3784C3FC4CC20248DC0&page=36#qDEA70E,verified_local_archive
18,9C2804,39,https://oge.fipi.ru/bank/questions.php?proj=DE0E276E497AB3784C3FC4CC20248DC0&page=39&pagesize=10#q9C2804,https://oge.fipi.ru/bank/questions.php?proj=DE0E276E497AB3784C3FC4CC20248DC0&page=39#q9C2804,verified_local_archive
18,94B40E,39,https://oge.fipi.ru/bank/questions.php?proj=DE0E276E497AB3784C3FC4CC20248DC0&page=39&pagesize=10#q94B40E,https://oge.fipi.ru/bank/questions.php?proj=DE0E276E497AB3784C3FC4CC20248DC0&page=39#q94B40E,verified_local_archive
18,ED1F0E,40,https://oge.fipi.ru/bank/questions.php?proj=DE0E276E497AB3784C3FC4CC20248DC0&page=40&pagesize=10#qED1F0E,https://oge.fipi.ru/bank/questions.php?proj=DE0E276E497AB3784C3FC4CC20248DC0&page=40#qED1F0E,verified_local_archive
18,321F00,41,https://oge.fipi.ru/bank/questions.php?proj=DE0E276E497AB3784C3FC4CC20248DC0&page=41&pagesize=10#q321F00,https://oge.fipi.ru/bank/questions.php?proj=DE0E276E497AB3784C3FC4CC20248DC0&page=41#q321F00,verified_local_archive
18,867701,43,https://oge.fipi.ru/bank/questions.php?proj=DE0E276E497AB3784C3FC4CC20248DC0&page=43&pagesize=10#q867701,https://oge.fipi.ru/bank/questions.php?proj=DE0E276E497AB3784C3FC4CC20248DC0&page=43#q867701,verified_local_archive
18,794271,46,https://oge.fipi.ru/bank/questions.php?proj=DE0E276E497AB3784C3FC4CC20248DC0&page=46&pagesize=10#q794271,https://oge.fipi.ru/bank/questions.php?proj=DE0E276E497AB3784C3FC4CC20248DC0&page=46#q794271,verified_local_archive
18,B11571,48,https://oge.fipi.ru/bank/questions.php?proj=DE0E276E497AB3784C3FC4CC20248DC0&page=48&pagesize=10#qB11571,https://oge.fipi.ru/bank/questions.php?proj=DE0E276E497AB3784C3FC4CC20248DC0&page=48#qB11571,verified_local_archive
18,695D77,56,https://oge.fipi.ru/bank/questions.php?proj=DE0E276E497AB3784C3FC4CC20248DC0&page=56&pagesize=10#q695D77,https://oge.fipi.ru/bank/questions.php?proj=DE0E276E497AB3784C3FC4CC20248DC0&page=56#q695D77,verified_local_archive
18,3BD771,57,https://oge.fipi.ru/bank/questions.php?proj=DE0E276E497AB3784C3FC4CC20248DC0&page=57&pagesize=10#q3BD771,https://oge.fipi.ru/bank/questions.php?proj=DE0E276E497AB3784C3FC4CC20248DC0&page=57#q3BD771,verified_local_archive
18,351A72,57,https://oge.fipi.ru/bank/questions.php?proj=DE0E276E497AB3784C3FC4CC20248DC0&page=57&pagesize=10#q351A72,https://oge.fipi.ru/bank/questions.php?proj=DE0E276E497AB3784C3FC4CC20248DC0&page=57#q351A72,verified_local_archive
18,4801B0,59,https://oge.fipi.ru/bank/questions.php?proj=DE0E276E497AB3784C3FC4CC20248DC0&page=59&pagesize=10#q4801B0,https://oge.fipi.ru/bank/questions.php?proj=DE0E276E497AB3784C3FC4CC20248DC0&page=59#q4801B0,verified_local_archive
18,704DB1,63,https://oge.fipi.ru/bank/questions.php?proj=DE0E276E497AB3784C3FC4CC20248DC0&page=63&pagesize=10#q704DB1,https://oge.fipi.ru/bank/questions.php?proj=DE0E276E497AB3784C3FC4CC20248DC0&page=63#q704DB1,verified_local_archive
18,BC4EBE,63,https://oge.fipi.ru/bank/questions.php?proj=DE0E276E497AB3784C3FC4CC20248DC0&page=63&pagesize=10#qBC4EBE,https://oge.fipi.ru/bank/questions.php?proj=DE0E276E497AB3784C3FC4CC20248DC0&page=63#qBC4EBE,verified_local_archive
18,2916B2,65,https://oge.fipi.ru/bank/questions.php?proj=DE0E276E497AB3784C3FC4CC20248DC0&page=65&pagesize=10#q2916B2,https://oge.fipi.ru/bank/questions.php?proj=DE0E276E497AB3784C3FC4CC20248DC0&page=65#q2916B2,verified_local_archive
18,AAC1BC,68,https://oge.fipi.ru/bank/questions.php?proj=DE0E276E497AB3784C3FC4CC20248DC0&page=68&pagesize=10#qAAC1BC,https://oge.fipi.ru/bank/questions.php?proj=DE0E276E497AB3784C3FC4CC20248DC0&page=68#qAAC1BC,verified_local_archive
18,3BD9B6,72,https://oge.fipi.ru/bank/questions.php?proj=DE0E276E497AB3784C3FC4CC20248DC0&page=72&pagesize=10#q3BD9B6,https://oge.fipi.ru/bank/questions.php?proj=DE0E276E497AB3784C3FC4CC20248DC0&page=72#q3BD9B6,verified_local_archive
18,5FC71A,81,https://oge.fipi.ru/bank/questions.php?proj=DE0E276E497AB3784C3FC4CC20248DC0&page=81&pagesize=10#q5FC71A,https://oge.fipi.ru/bank/questions.php?proj=DE0E276E497AB3784C3FC4CC20248DC0&page=81#q5FC71A,verified_local_archive
18,5EFE19,81,https://oge.fipi.ru/bank/questions.php?proj=DE0E276E497AB3784C3FC4CC20248DC0&page=81&pagesize=10#q5EFE19,https://oge.fipi.ru/bank/questions.php?proj=DE0E276E497AB3784C3FC4CC20248DC0&page=81#q5EFE19,verified_local_archive
18,ED4E1A,85,https://oge.fipi.ru/bank/questions.php?proj=DE0E276E497AB3784C3FC4CC20248DC0&page=85&pagesize=10#qED4E1A,https://oge.fipi.ru/bank/questions.php?proj=DE0E276E497AB3784C3FC4CC20248DC0&page=85#qED4E1A,verified_local_archive
18,39A91A,87,https://oge.fipi.ru/bank/questions.php?proj=DE0E276E497AB3784C3FC4CC20248DC0&page=87&pagesize=10#q39A91A,https://oge.fipi.ru/bank/questions.php?proj=DE0E276E497AB3784C3FC4CC20248DC0&page=87#q39A91A,verified_local_archive
18,87C214,88,https://oge.fipi.ru/bank/questions.php?proj=DE0E276E497AB3784C3FC4CC20248DC0&page=88&pagesize=10#q87C214,https://oge.fipi.ru/bank/questions.php?proj=DE0E276E497AB3784C3FC4CC20248DC0&page=88#q87C214,verified_local_archive
18,F8232E,91,https://oge.fipi.ru/bank/questions.php?proj=DE0E276E497AB3784C3FC4CC20248DC0&page=91&pagesize=10#qF8232E,https://oge.fipi.ru/bank/questions.php?proj=DE0E276E497AB3784C3FC4CC20248DC0&page=91#qF8232E,verified_local_archive
18,19D522,95,https://oge.fipi.ru/bank/questions.php?proj=DE0E276E497AB3784C3FC4CC20248DC0&page=95&pagesize=10#q19D522,https://oge.fipi.ru/bank/questions.php?proj=DE0E276E497AB3784C3FC4CC20248DC0&page=95#q19D522,verified_local_archive
18,2EF821,96,https://oge.fipi.ru/bank/questions.php?proj=DE0E276E497AB3784C3FC4CC20248DC0&page=96&pagesize=10#q2EF821,https://oge.fipi.ru/bank/questions.php?proj=DE0E276E497AB3784C3FC4CC20248DC0&page=96#q2EF821,verified_local_archive
18,53C928,99,https://oge.fipi.ru/bank/questions.php?proj=DE0E276E497AB3784C3FC4CC20248DC0&page=99&pagesize=10#q53C928,https://oge.fipi.ru/bank/questions.php?proj=DE0E276E497AB3784C3FC4CC20248DC0&page=99#q53C928,verified_local_archive
18,EE2C25,102,https://oge.fipi.ru/bank/questions.php?proj=DE0E276E497AB3784C3FC4CC20248DC0&page=102&pagesize=10#qEE2C25,https://oge.fipi.ru/bank/questions.php?proj=DE0E276E497AB3784C3FC4CC20248DC0&page=102#qEE2C25,verified_local_archive
18,33E327,104,https://oge.fipi.ru/bank/questions.php?proj=DE0E276E497AB3784C3FC4CC20248DC0&page=104&pagesize=10#q33E327,https://oge.fipi.ru/bank/questions.php?proj=DE0E276E497AB3784C3FC4CC20248DC0&page=104#q33E327,verified_local_archive
18,F519DD,106,https://oge.fipi.ru/bank/questions.php?proj=DE0E276E497AB3784C3FC4CC20248DC0&page=106&pagesize=10#qF519DD,https://oge.fipi.ru/bank/questions.php?proj=DE0E276E497AB3784C3FC4CC20248DC0&page=106#qF519DD,verified_local_archive
18,0B92D0,107,https://oge.fipi.ru/bank/questions.php?proj=DE0E276E497AB3784C3FC4CC20248DC0&page=107&pagesize=10#q0B92D0,https://oge.fipi.ru/bank/questions.php?proj=DE0E276E497AB3784C3FC4CC20248DC0&page=107#q0B92D0,verified_local_archive
18,7AEBD7,108,https://oge.fipi.ru/bank/questions.php?proj=DE0E276E497AB3784C3FC4CC20248DC0&page=108&pagesize=10#q7AEBD7,https://oge.fipi.ru/bank/questions.php?proj=DE0E276E497AB3784C3FC4CC20248DC0&page=108#q7AEBD7,verified_local_archive
18,7AAADC,108,https://oge.fipi.ru/bank/questions.php?proj=DE0E276E497AB3784C3FC4CC20248DC0&page=108&pagesize=10#q7AAADC,https://oge.fipi.ru/bank/questions.php?proj=DE0E276E497AB3784C3FC4CC20248DC0&page=108#q7AAADC,verified_local_archive
18,2A59D7,110,https://oge.fipi.ru/bank/questions.php?proj=DE0E276E497AB3784C3FC4CC20248DC0&page=110&pagesize=10#q2A59D7,https://oge.fipi.ru/bank/questions.php?proj=DE0E276E497AB3784C3FC4CC20248DC0&page=110#q2A59D7,verified_local_archive
18,CFD6D8,115,https://oge.fipi.ru/bank/questions.php?proj=DE0E276E497AB3784C3FC4CC20248DC0&page=115&pagesize=10#qCFD6D8,https://oge.fipi.ru/bank/questions.php?proj=DE0E276E497AB3784C3FC4CC20248DC0&page=115#qCFD6D8,verified_local_archive
18,E873D3,116,https://oge.fipi.ru/bank/questions.php?proj=DE0E276E497AB3784C3FC4CC20248DC0&page=116&pagesize=10#qE873D3,https://oge.fipi.ru/bank/questions.php?proj=DE0E276E497AB3784C3FC4CC20248DC0&page=116#qE873D3,verified_local_archive
18,839354,132,https://oge.fipi.ru/bank/questions.php?proj=DE0E276E497AB3784C3FC4CC20248DC0&page=132&pagesize=10#q839354,https://oge.fipi.ru/bank/questions.php?proj=DE0E276E497AB3784C3FC4CC20248DC0&page=132#q839354,verified_local_archive
18,869450,132,https://oge.fipi.ru/bank/questions.php?proj=DE0E276E497AB3784C3FC4CC20248DC0&page=132&pagesize=10#q869450,https://oge.fipi.ru/bank/questions.php?proj=DE0E276E497AB3784C3FC4CC20248DC0&page=132#q869450,verified_local_archive
18,8F5C52,132,https://oge.fipi.ru/bank/questions.php?proj=DE0E276E497AB3784C3FC4CC20248DC0&page=132&pagesize=10#q8F5C52,https://oge.fipi.ru/bank/questions.php?proj=DE0E276E497AB3784C3FC4CC20248DC0&page=132#q8F5C52,verified_local_archive
18,07B1AD,135,https://oge.fipi.ru/bank/questions.php?proj=DE0E276E497AB3784C3FC4CC20248DC0&page=135&pagesize=10#q07B1AD,https://oge.fipi.ru/bank/questions.php?proj=DE0E276E497AB3784C3FC4CC20248DC0&page=135#q07B1AD,verified_local_archive
18,1B4EAF,137,https://oge.fipi.ru/bank/questions.php?proj=DE0E276E497AB3784C3FC4CC20248DC0&page=137&pagesize=10#q1B4EAF,https://oge.fipi.ru/bank/questions.php?proj=DE0E276E497AB3784C3FC4CC20248DC0&page=137#q1B4EAF,verified_local_archive
18,2F4DA5,138,https://oge.fipi.ru/bank/questions.php?proj=DE0E276E497AB3784C3FC4CC20248DC0&page=138&pagesize=10#q2F4DA5,https://oge.fipi.ru/bank/questions.php?proj=DE0E276E497AB3784C3FC4CC20248DC0&page=138#q2F4DA5,verified_local_archive
18,C1A1AF,141,https://oge.fipi.ru/bank/questions.php?proj=DE0E276E497AB3784C3FC4CC20248DC0&page=141&pagesize=10#qC1A1AF,https://oge.fipi.ru/bank/questions.php?proj=DE0E276E497AB3784C3FC4CC20248DC0&page=141#qC1A1AF,verified_local_archive
18,9E69AF,141,https://oge.fipi.ru/bank/questions.php?proj=DE0E276E497AB3784C3FC4CC20248DC0&page=141&pagesize=10#q9E69AF,https://oge.fipi.ru/bank/questions.php?proj=DE0E276E497AB3784C3FC4CC20248DC0&page=141#q9E69AF,verified_local_archive
18,6DE9A6,143,https://oge.fipi.ru/bank/questions.php?proj=DE0E276E497AB3784C3FC4CC20248DC0&page=143&pagesize=10#q6DE9A6,https://oge.fipi.ru/bank/questions.php?proj=DE0E276E497AB3784C3FC4CC20248DC0&page=143#q6DE9A6,verified_local_archive
18,0275CC,148,https://oge.fipi.ru/bank/questions.php?proj=DE0E276E497AB3784C3FC4CC20248DC0&page=148&pagesize=10#q0275CC,https://oge.fipi.ru/bank/questions.php?proj=DE0E276E497AB3784C3FC4CC20248DC0&page=148#q0275CC,verified_local_archive
18,7ECBCE,150,https://oge.fipi.ru/bank/questions.php?proj=DE0E276E497AB3784C3FC4CC20248DC0&page=150&pagesize=10#q7ECBCE,https://oge.fipi.ru/bank/questions.php?proj=DE0E276E497AB3784C3FC4CC20248DC0&page=150#q7ECBCE,verified_local_archive
18,2EA9C2,152,https://oge.fipi.ru/bank/questions.php?proj=DE0E276E497AB3784C3FC4CC20248DC0&page=152&pagesize=10#q2EA9C2,https://oge.fipi.ru/bank/questions.php?proj=DE0E276E497AB3784C3FC4CC20248DC0&page=152#q2EA9C2,verified_local_archive
18,E331C7,156,https://oge.fipi.ru/bank/questions.php?proj=DE0E276E497AB3784C3FC4CC20248DC0&page=156&pagesize=10#qE331C7,https://oge.fipi.ru/bank/questions.php?proj=DE0E276E497AB3784C3FC4CC20248DC0&page=156#qE331C7,verified_local_archive
18,B5D99F,163,https://oge.fipi.ru/bank/questions.php?proj=DE0E276E497AB3784C3FC4CC20248DC0&page=163&pagesize=10#qB5D99F,https://oge.fipi.ru/bank/questions.php?proj=DE0E276E497AB3784C3FC4CC20248DC0&page=163#qB5D99F,verified_local_archive
18,1F239C,164,https://oge.fipi.ru/bank/questions.php?proj=DE0E276E497AB3784C3FC4CC20248DC0&page=164&pagesize=10#q1F239C,https://oge.fipi.ru/bank/questions.php?proj=DE0E276E497AB3784C3FC4CC20248DC0&page=164#q1F239C,verified_local_archive
18,A28F9D,167,https://oge.fipi.ru/bank/questions.php?proj=DE0E276E497AB3784C3FC4CC20248DC0&page=167&pagesize=10#qA28F9D,https://oge.fipi.ru/bank/questions.php?proj=DE0E276E497AB3784C3FC4CC20248DC0&page=167#qA28F9D,verified_local_archive
18,E52B99,171,https://oge.fipi.ru/bank/questions.php?proj=DE0E276E497AB3784C3FC4CC20248DC0&page=171&pagesize=10#qE52B99,https://oge.fipi.ru/bank/questions.php?proj=DE0E276E497AB3784C3FC4CC20248DC0&page=171#qE52B99,verified_local_archive
18,657F97,171,https://oge.fipi.ru/bank/questions.php?proj=DE0E276E497AB3784C3FC4CC20248DC0&page=171&pagesize=10#q657F97,https://oge.fipi.ru/bank/questions.php?proj=DE0E276E497AB3784C3FC4CC20248DC0&page=171#q657F97,verified_local_archive
18,8D9098,173,https://oge.fipi.ru/bank/questions.php?proj=DE0E276E497AB3784C3FC4CC20248DC0&page=173&pagesize=10#q8D9098,https://oge.fipi.ru/bank/questions.php?proj=DE0E276E497AB3784C3FC4CC20248DC0&page=173#q8D9098,verified_local_archive
18,4FAEEC,175,https://oge.fipi.ru/bank/questions.php?proj=DE0E276E497AB3784C3FC4CC20248DC0&page=175&pagesize=10#q4FAEEC,https://oge.fipi.ru/bank/questions.php?proj=DE0E276E497AB3784C3FC4CC20248DC0&page=175#q4FAEEC,verified_local_archive
18,F3D7EA,175,https://oge.fipi.ru/bank/questions.php?proj=DE0E276E497AB3784C3FC4CC20248DC0&page=175&pagesize=10#qF3D7EA,https://oge.fipi.ru/bank/questions.php?proj=DE0E276E497AB3784C3FC4CC20248DC0&page=175#qF3D7EA,verified_local_archive
18,FFD1EE,175,https://oge.fipi.ru/bank/questions.php?proj=DE0E276E497AB3784C3FC4CC20248DC0&page=175&pagesize=10#qFFD1EE,https://oge.fipi.ru/bank/questions.php?proj=DE0E276E497AB3784C3FC4CC20248DC0&page=175#qFFD1EE,verified_local_archive
18,283DE4,178,https://oge.fipi.ru/bank/questions.php?proj=DE0E276E497AB3784C3FC4CC20248DC0&page=178&pagesize=10#q283DE4,https://oge.fipi.ru/bank/questions.php?proj=DE0E276E497AB3784C3FC4CC20248DC0&page=178#q283DE4,verified_local_archive
18,DFB4EA,180,https://oge.fipi.ru/bank/questions.php?proj=DE0E276E497AB3784C3FC4CC20248DC0&page=180&pagesize=10#qDFB4EA,https://oge.fipi.ru/bank/questions.php?proj=DE0E276E497AB3784C3FC4CC20248DC0&page=180#qDFB4EA,verified_local_archive
18,9B4AE0,184,https://oge.fipi.ru/bank/questions.php?proj=DE0E276E497AB3784C3FC4CC20248DC0&page=184&pagesize=10#q9B4AE0,https://oge.fipi.ru/bank/questions.php?proj=DE0E276E497AB3784C3FC4CC20248DC0&page=184#q9B4AE0,verified_local_archive
18,8372E0,187,https://oge.fipi.ru/bank/questions.php?proj=DE0E276E497AB3784C3FC4CC20248DC0&page=187&pagesize=10#q8372E0,https://oge.fipi.ru/bank/questions.php?proj=DE0E276E497AB3784C3FC4CC20248DC0&page=187#q8372E0,verified_local_archive
18,F7FF65,189,https://oge.fipi.ru/bank/questions.php?proj=DE0E276E497AB3784C3FC4CC20248DC0&page=189&pagesize=10#qF7FF65,https://oge.fipi.ru/bank/questions.php?proj=DE0E276E497AB3784C3FC4CC20248DC0&page=189#qF7FF65,verified_local_archive
18,07C968,190,https://oge.fipi.ru/bank/questions.php?proj=DE0E276E497AB3784C3FC4CC20248DC0&page=190&pagesize=10#q07C968,https://oge.fipi.ru/bank/questions.php?proj=DE0E276E497AB3784C3FC4CC20248DC0&page=190#q07C968,verified_local_archive
18,257B6F,193,https://oge.fipi.ru/bank/questions.php?proj=DE0E276E497AB3784C3FC4CC20248DC0&page=193&pagesize=10#q257B6F,https://oge.fipi.ru/bank/questions.php?proj=DE0E276E497AB3784C3FC4CC20248DC0&page=193#q257B6F,verified_local_archive
18,284762,193,https://oge.fipi.ru/bank/questions.php?proj=DE0E276E497AB3784C3FC4CC20248DC0&page=193&pagesize=10#q284762,https://oge.fipi.ru/bank/questions.php?proj=DE0E276E497AB3784C3FC4CC20248DC0&page=193#q284762,verified_local_archive
18,A1906B,196,https://oge.fipi.ru/bank/questions.php?proj=DE0E276E497AB3784C3FC4CC20248DC0&page=196&pagesize=10#qA1906B,https://oge.fipi.ru/bank/questions.php?proj=DE0E276E497AB3784C3FC4CC20248DC0&page=196#qA1906B,verified_local_archive
18,C05266,197,https://oge.fipi.ru/bank/questions.php?proj=DE0E276E497AB3784C3FC4CC20248DC0&page=197&pagesize=10#qC05266,https://oge.fipi.ru/bank/questions.php?proj=DE0E276E497AB3784C3FC4CC20248DC0&page=197#qC05266,verified_local_archive
18,90A16B,198,https://oge.fipi.ru/bank/questions.php?proj=DE0E276E497AB3784C3FC4CC20248DC0&page=198&pagesize=10#q90A16B,https://oge.fipi.ru/bank/questions.php?proj=DE0E276E497AB3784C3FC4CC20248DC0&page=198#q90A16B,verified_local_archive
18,E3456A,199,https://oge.fipi.ru/bank/questions.php?proj=DE0E276E497AB3784C3FC4CC20248DC0&page=199&pagesize=10#qE3456A,https://oge.fipi.ru/bank/questions.php?proj=DE0E276E497AB3784C3FC4CC20248DC0&page=199#qE3456A,verified_local_archive
18,E46263,199,https://oge.fipi.ru/bank/questions.php?proj=DE0E276E497AB3784C3FC4CC20248DC0&page=199&pagesize=10#qE46263,https://oge.fipi.ru/bank/questions.php?proj=DE0E276E497AB3784C3FC4CC20248DC0&page=199#qE46263,verified_local_archive
18,35106F,201,https://oge.fipi.ru/bank/questions.php?proj=DE0E276E497AB3784C3FC4CC20248DC0&page=201&pagesize=10#q35106F,https://oge.fipi.ru/bank/questions.php?proj=DE0E276E497AB3784C3FC4CC20248DC0&page=201#q35106F,verified_local_archive
18,71E23E,206,https://oge.fipi.ru/bank/questions.php?proj=DE0E276E497AB3784C3FC4CC20248DC0&page=206&pagesize=10#q71E23E,https://oge.fipi.ru/bank/questions.php?proj=DE0E276E497AB3784C3FC4CC20248DC0&page=206#q71E23E,verified_local_archive
18,10323E,207,https://oge.fipi.ru/bank/questions.php?proj=DE0E276E497AB3784C3FC4CC20248DC0&page=207&pagesize=10#q10323E,https://oge.fipi.ru/bank/questions.php?proj=DE0E276E497AB3784C3FC4CC20248DC0&page=207#q10323E,verified_local_archive
18,CFCA33,212,https://oge.fipi.ru/bank/questions.php?proj=DE0E276E497AB3784C3FC4CC20248DC0&page=212&pagesize=10#qCFCA33,https://oge.fipi.ru/bank/questions.php?proj=DE0E276E497AB3784C3FC4CC20248DC0&page=212#qCFCA33,verified_local_archive
18,E2A932,213,https://oge.fipi.ru/bank/questions.php?proj=DE0E276E497AB3784C3FC4CC20248DC0&page=213&pagesize=10#qE2A932,https://oge.fipi.ru/bank/questions.php?proj=DE0E276E497AB3784C3FC4CC20248DC0&page=213#qE2A932,verified_local_archive
18,E4F439,214,https://oge.fipi.ru/bank/questions.php?proj=DE0E276E497AB3784C3FC4CC20248DC0&page=214&pagesize=10#qE4F439,https://oge.fipi.ru/bank/questions.php?proj=DE0E276E497AB3784C3FC4CC20248DC0&page=214#qE4F439,verified_local_archive
18,197283,221,https://oge.fipi.ru/bank/questions.php?proj=DE0E276E497AB3784C3FC4CC20248DC0&page=221&pagesize=10#q197283,https://oge.fipi.ru/bank/questions.php?proj=DE0E276E497AB3784C3FC4CC20248DC0&page=221#q197283,verified_local_archive
18,2E7B84,221,https://oge.fipi.ru/bank/questions.php?proj=DE0E276E497AB3784C3FC4CC20248DC0&page=221&pagesize=10#q2E7B84,https://oge.fipi.ru/bank/questions.php?proj=DE0E276E497AB3784C3FC4CC20248DC0&page=221#q2E7B84,verified_local_archive
18,E81F8D,227,https://oge.fipi.ru/bank/questions.php?proj=DE0E276E497AB3784C3FC4CC20248DC0&page=227&pagesize=10#qE81F8D,https://oge.fipi.ru/bank/questions.php?proj=DE0E276E497AB3784C3FC4CC20248DC0&page=227#qE81F8D,verified_local_archive
18,6D0D8F,228,https://oge.fipi.ru/bank/questions.php?proj=DE0E276E497AB3784C3FC4CC20248DC0&page=228&pagesize=10#q6D0D8F,https://oge.fipi.ru/bank/questions.php?proj=DE0E276E497AB3784C3FC4CC20248DC0&page=228#q6D0D8F,verified_local_archive
18,3B5D8B,229,https://oge.fipi.ru/bank/questions.php?proj=DE0E276E497AB3784C3FC4CC20248DC0&page=229&pagesize=10#q3B5D8B,https://oge.fipi.ru/bank/questions.php?proj=DE0E276E497AB3784C3FC4CC20248DC0&page=229#q3B5D8B,verified_local_archive
18,3A7F81,229,https://oge.fipi.ru/bank/questions.php?proj=DE0E276E497AB3784C3FC4CC20248DC0&page=229&pagesize=10#q3A7F81,https://oge.fipi.ru/bank/questions.php?proj=DE0E276E497AB3784C3FC4CC20248DC0&page=229#q3A7F81,verified_local_archive
18,3B008A,230,https://oge.fipi.ru/bank/questions.php?proj=DE0E276E497AB3784C3FC4CC20248DC0&page=230&pagesize=10#q3B008A,https://oge.fipi.ru/bank/questions.php?proj=DE0E276E497AB3784C3FC4CC20248DC0&page=230#q3B008A,verified_local_archive
18,FC2F4A,231,https://oge.fipi.ru/bank/questions.php?proj=DE0E276E497AB3784C3FC4CC20248DC0&page=231&pagesize=10#qFC2F4A,https://oge.fipi.ru/bank/questions.php?proj=DE0E276E497AB3784C3FC4CC20248DC0&page=231#qFC2F4A,verified_local_archive
18,C07243,235,https://oge.fipi.ru/bank/questions.php?proj=DE0E276E497AB3784C3FC4CC20248DC0&page=235&pagesize=10#qC07243,https://oge.fipi.ru/bank/questions.php?proj=DE0E276E497AB3784C3FC4CC20248DC0&page=235#qC07243,verified_local_archive
18,3B3742,236,https://oge.fipi.ru/bank/questions.php?proj=DE0E276E497AB3784C3FC4CC20248DC0&page=236&pagesize=10#q3B3742,https://oge.fipi.ru/bank/questions.php?proj=DE0E276E497AB3784C3FC4CC20248DC0&page=236#q3B3742,verified_local_archive
18,0FD2F4,238,https://oge.fipi.ru/bank/questions.php?proj=DE0E276E497AB3784C3FC4CC20248DC0&page=238&pagesize=10#q0FD2F4,https://oge.fipi.ru/bank/questions.php?proj=DE0E276E497AB3784C3FC4CC20248DC0&page=238#q0FD2F4,verified_local_archive
18,6884FB,242,https://oge.fipi.ru/bank/questions.php?proj=DE0E276E497AB3784C3FC4CC20248DC0&page=242&pagesize=10#q6884FB,https://oge.fipi.ru/bank/questions.php?proj=DE0E276E497AB3784C3FC4CC20248DC0&page=242#q6884FB,verified_local_archive
18,59FC06,245,https://oge.fipi.ru/bank/questions.php?proj=DE0E276E497AB3784C3FC4CC20248DC0&page=245&pagesize=10#q59FC06,https://oge.fipi.ru/bank/questions.php?proj=DE0E276E497AB3784C3FC4CC20248DC0&page=245#q59FC06,verified_local_archive
18,3C7D0F,247,https://oge.fipi.ru/bank/questions.php?proj=DE0E276E497AB3784C3FC4CC20248DC0&page=247&pagesize=10#q3C7D0F,https://oge.fipi.ru/bank/questions.php?proj=DE0E276E497AB3784C3FC4CC20248DC0&page=247#q3C7D0F,verified_local_archive
18,FF5073,248,https://oge.fipi.ru/bank/questions.php?proj=DE0E276E497AB3784C3FC4CC20248DC0&page=248&pagesize=10#qFF5073,https://oge.fipi.ru/bank/questions.php?proj=DE0E276E497AB3784C3FC4CC20248DC0&page=248#qFF5073,verified_local_archive
18,053E7E,249,https://oge.fipi.ru/bank/questions.php?proj=DE0E276E497AB3784C3FC4CC20248DC0&page=249&pagesize=10#q053E7E,https://oge.fipi.ru/bank/questions.php?proj=DE0E276E497AB3784C3FC4CC20248DC0&page=249#q053E7E,verified_local_archive
18,2A0F74,250,https://oge.fipi.ru/bank/questions.php?proj=DE0E276E497AB3784C3FC4CC20248DC0&page=250&pagesize=10#q2A0F74,https://oge.fipi.ru/bank/questions.php?proj=DE0E276E497AB3784C3FC4CC20248DC0&page=250#q2A0F74,verified_local_archive
18,CE4E7B,252,https://oge.fipi.ru/bank/questions.php?proj=DE0E276E497AB3784C3FC4CC20248DC0&page=252&pagesize=10#qCE4E7B,https://oge.fipi.ru/bank/questions.php?proj=DE0E276E497AB3784C3FC4CC20248DC0&page=252#qCE4E7B,verified_local_archive
18,34067C,253,https://oge.fipi.ru/bank/questions.php?proj=DE0E276E497AB3784C3FC4CC20248DC0&page=253&pagesize=10#q34067C,https://oge.fipi.ru/bank/questions.php?proj=DE0E276E497AB3784C3FC4CC20248DC0&page=253#q34067C,verified_local_archive
18,89187F,253,https://oge.fipi.ru/bank/questions.php?proj=DE0E276E497AB3784C3FC4CC20248DC0&page=253&pagesize=10#q89187F,https://oge.fipi.ru/bank/questions.php?proj=DE0E276E497AB3784C3FC4CC20248DC0&page=253#q89187F,verified_local_archive
18,0049B8,255,https://oge.fipi.ru/bank/questions.php?proj=DE0E276E497AB3784C3FC4CC20248DC0&page=255&pagesize=10#q0049B8,https://oge.fipi.ru/bank/questions.php?proj=DE0E276E497AB3784C3FC4CC20248DC0&page=255#q0049B8,verified_local_archive
18,7944B3,255,https://oge.fipi.ru/bank/questions.php?proj=DE0E276E497AB3784C3FC4CC20248DC0&page=255&pagesize=10#q7944B3,https://oge.fipi.ru/bank/questions.php?proj=DE0E276E497AB3784C3FC4CC20248DC0&page=255#q7944B3,verified_local_archive
18,B754B5,255,https://oge.fipi.ru/bank/questions.php?proj=DE0E276E497AB3784C3FC4CC20248DC0&page=255&pagesize=10#qB754B5,https://oge.fipi.ru/bank/questions.php?proj=DE0E276E497AB3784C3FC4CC20248DC0&page=255#qB754B5,verified_local_archive
18,54FAB2,257,https://oge.fipi.ru/bank/questions.php?proj=DE0E276E497AB3784C3FC4CC20248DC0&page=257&pagesize=10#q54FAB2,https://oge.fipi.ru/bank/questions.php?proj=DE0E276E497AB3784C3FC4CC20248DC0&page=257#q54FAB2,verified_local_archive
18,EFBDB7,258,https://oge.fipi.ru/bank/questions.php?proj=DE0E276E497AB3784C3FC4CC20248DC0&page=258&pagesize=10#qEFBDB7,https://oge.fipi.ru/bank/questions.php?proj=DE0E276E497AB3784C3FC4CC20248DC0&page=258#qEFBDB7,verified_local_archive
18,6BF7BE,258,https://oge.fipi.ru/bank/questions.php?proj=DE0E276E497AB3784C3FC4CC20248DC0&page=258&pagesize=10#q6BF7BE,https://oge.fipi.ru/bank/questions.php?proj=DE0E276E497AB3784C3FC4CC20248DC0&page=258#q6BF7BE,verified_local_archive
18,B8CC11,261,https://oge.fipi.ru/bank/questions.php?proj=DE0E276E497AB3784C3FC4CC20248DC0&page=261&pagesize=10#qB8CC11,https://oge.fipi.ru/bank/questions.php?proj=DE0E276E497AB3784C3FC4CC20248DC0&page=261#qB8CC11,verified_local_archive
18,9B7B1C,264,https://oge.fipi.ru/bank/questions.php?proj=DE0E276E497AB3784C3FC4CC20248DC0&page=264&pagesize=10#q9B7B1C,https://oge.fipi.ru/bank/questions.php?proj=DE0E276E497AB3784C3FC4CC20248DC0&page=264#q9B7B1C,verified_local_archive
18,3F5819,265,https://oge.fipi.ru/bank/questions.php?proj=DE0E276E497AB3784C3FC4CC20248DC0&page=265&pagesize=10#q3F5819,https://oge.fipi.ru/bank/questions.php?proj=DE0E276E497AB3784C3FC4CC20248DC0&page=265#q3F5819,verified_local_archive
18,FE6B22,266,https://oge.fipi.ru/bank/questions.php?proj=DE0E276E497AB3784C3FC4CC20248DC0&page=266&pagesize=10#qFE6B22,https://oge.fipi.ru/bank/questions.php?proj=DE0E276E497AB3784C3FC4CC20248DC0&page=266#qFE6B22,verified_local_archive
18,BF9D29,266,https://oge.fipi.ru/bank/questions.php?proj=DE0E276E497AB3784C3FC4CC20248DC0&page=266&pagesize=10#qBF9D29,https://oge.fipi.ru/bank/questions.php?proj=DE0E276E497AB3784C3FC4CC20248DC0&page=266#qBF9D29,verified_local_archive
18,1ACC27,267,https://oge.fipi.ru/bank/questions.php?proj=DE0E276E497AB3784C3FC4CC20248DC0&page=267&pagesize=10#q1ACC27,https://oge.fipi.ru/bank/questions.php?proj=DE0E276E497AB3784C3FC4CC20248DC0&page=267#q1ACC27,verified_local_archive
18,169C2C,267,https://oge.fipi.ru/bank/questions.php?proj=DE0E276E497AB3784C3FC4CC20248DC0&page=267&pagesize=10#q169C2C,https://oge.fipi.ru/bank/questions.php?proj=DE0E276E497AB3784C3FC4CC20248DC0&page=267#q169C2C,verified_local_archive
18,2B322B,268,https://oge.fipi.ru/bank/questions.php?proj=DE0E276E497AB3784C3FC4CC20248DC0&page=268&pagesize=10#q2B322B,https://oge.fipi.ru/bank/questions.php?proj=DE0E276E497AB3784C3FC4CC20248DC0&page=268#q2B322B,verified_local_archive
18,AF9B2A,269,https://oge.fipi.ru/bank/questions.php?proj=DE0E276E497AB3784C3FC4CC20248DC0&page=269&pagesize=10#qAF9B2A,https://oge.fipi.ru/bank/questions.php?proj=DE0E276E497AB3784C3FC4CC20248DC0&page=269#qAF9B2A,verified_local_archive
18,C72F2F,269,https://oge.fipi.ru/bank/questions.php?proj=DE0E276E497AB3784C3FC4CC20248DC0&page=269&pagesize=10#qC72F2F,https://oge.fipi.ru/bank/questions.php?proj=DE0E276E497AB3784C3FC4CC20248DC0&page=269#qC72F2F,verified_local_archive
18,666E2D,271,https://oge.fipi.ru/bank/questions.php?proj=DE0E276E497AB3784C3FC4CC20248DC0&page=271&pagesize=10#q666E2D,https://oge.fipi.ru/bank/questions.php?proj=DE0E276E497AB3784C3FC4CC20248DC0&page=271#q666E2D,verified_local_archive
18,B4F7D6,273,https://oge.fipi.ru/bank/questions.php?proj=DE0E276E497AB3784C3FC4CC20248DC0&page=273&pagesize=10#qB4F7D6,https://oge.fipi.ru/bank/questions.php?proj=DE0E276E497AB3784C3FC4CC20248DC0&page=273#qB4F7D6,verified_local_archive
18,C3F8DE,275,https://oge.fipi.ru/bank/questions.php?proj=DE0E276E497AB3784C3FC4CC20248DC0&page=275&pagesize=10#qC3F8DE,https://oge.fipi.ru/bank/questions.php?proj=DE0E276E497AB3784C3FC4CC20248DC0&page=275#qC3F8DE,verified_local_archive
18,46A552,277,https://oge.fipi.ru/bank/questions.php?proj=DE0E276E497AB3784C3FC4CC20248DC0&page=277&pagesize=10#q46A552,https://oge.fipi.ru/bank/questions.php?proj=DE0E276E497AB3784C3FC4CC20248DC0&page=277#q46A552,verified_local_archive
18,BB9E54,278,https://oge.fipi.ru/bank/questions.php?proj=DE0E276E497AB3784C3FC4CC20248DC0&page=278&pagesize=10#qBB9E54,https://oge.fipi.ru/bank/questions.php?proj=DE0E276E497AB3784C3FC4CC20248DC0&page=278#qBB9E54,verified_local_archive
18,BC0452,278,https://oge.fipi.ru/bank/questions.php?proj=DE0E276E497AB3784C3FC4CC20248DC0&page=278&pagesize=10#qBC0452,https://oge.fipi.ru/bank/questions.php?proj=DE0E276E497AB3784C3FC4CC20248DC0&page=278#qBC0452,verified_local_archive
18,A98E5F,280,https://oge.fipi.ru/bank/questions.php?proj=DE0E276E497AB3784C3FC4CC20248DC0&page=280&pagesize=10#qA98E5F,https://oge.fipi.ru/bank/questions.php?proj=DE0E276E497AB3784C3FC4CC20248DC0&page=280#qA98E5F,verified_local_archive
18,E562AB,286,https://oge.fipi.ru/bank/questions.php?proj=DE0E276E497AB3784C3FC4CC20248DC0&page=286&pagesize=10#qE562AB,https://oge.fipi.ru/bank/questions.php?proj=DE0E276E497AB3784C3FC4CC20248DC0&page=286#qE562AB,verified_local_archive
18,623EAD,287,https://oge.fipi.ru/bank/questions.php?proj=DE0E276E497AB3784C3FC4CC20248DC0&page=287&pagesize=10#q623EAD,https://oge.fipi.ru/bank/questions.php?proj=DE0E276E497AB3784C3FC4CC20248DC0&page=287#q623EAD,verified_local_archive
18,F6AFC7,288,https://oge.fipi.ru/bank/questions.php?proj=DE0E276E497AB3784C3FC4CC20248DC0&page=288&pagesize=10#qF6AFC7,https://oge.fipi.ru/bank/questions.php?proj=DE0E276E497AB3784C3FC4CC20248DC0&page=288#qF6AFC7,verified_local_archive
18,1198C7,290,https://oge.fipi.ru/bank/questions.php?proj=DE0E276E497AB3784C3FC4CC20248DC0&page=290&pagesize=10#q1198C7,https://oge.fipi.ru/bank/questions.php?proj=DE0E276E497AB3784C3FC4CC20248DC0&page=290#q1198C7,verified_local_archive
18,1E7CCE,290,https://oge.fipi.ru/bank/questions.php?proj=DE0E276E497AB3784C3FC4CC20248DC0&page=290&pagesize=10#q1E7CCE,https://oge.fipi.ru/bank/questions.php?proj=DE0E276E497AB3784C3FC4CC20248DC0&page=290#q1E7CCE,verified_local_archive
18,552BC0,291,https://oge.fipi.ru/bank/questions.php?proj=DE0E276E497AB3784C3FC4CC20248DC0&page=291&pagesize=10#q552BC0,https://oge.fipi.ru/bank/questions.php?proj=DE0E276E497AB3784C3FC4CC20248DC0&page=291#q552BC0,verified_local_archive
18,054F96,296,https://oge.fipi.ru/bank/questions.php?proj=DE0E276E497AB3784C3FC4CC20248DC0&page=296&pagesize=10#q054F96,https://oge.fipi.ru/bank/questions.php?proj=DE0E276E497AB3784C3FC4CC20248DC0&page=296#q054F96,verified_local_archive
18,25DCEF,303,https://oge.fipi.ru/bank/questions.php?proj=DE0E276E497AB3784C3FC4CC20248DC0&page=303&pagesize=10#q25DCEF,https://oge.fipi.ru/bank/questions.php?proj=DE0E276E497AB3784C3FC4CC20248DC0&page=303#q25DCEF,verified_local_archive
18,5561E0,304,https://oge.fipi.ru/bank/questions.php?proj=DE0E276E497AB3784C3FC4CC20248DC0&page=304&pagesize=10#q5561E0,https://oge.fipi.ru/bank/questions.php?proj=DE0E276E497AB3784C3FC4CC20248DC0&page=304#q5561E0,verified_local_archive
18,C4F2E7,304,https://oge.fipi.ru/bank/questions.php?proj=DE0E276E497AB3784C3FC4CC20248DC0&page=304&pagesize=10#qC4F2E7,https://oge.fipi.ru/bank/questions.php?proj=DE0E276E497AB3784C3FC4CC20248DC0&page=304#qC4F2E7,verified_local_archive
18,CF3EEC,304,https://oge.fipi.ru/bank/questions.php?proj=DE0E276E497AB3784C3FC4CC20248DC0&page=304&pagesize=10#qCF3EEC,https://oge.fipi.ru/bank/questions.php?proj=DE0E276E497AB3784C3FC4CC20248DC0&page=304#qCF3EEC,verified_local_archive
18,C4C564,311,https://oge.fipi.ru/bank/questions.php?proj=DE0E276E497AB3784C3FC4CC20248DC0&page=311&pagesize=10#qC4C564,https://oge.fipi.ru/bank/questions.php?proj=DE0E276E497AB3784C3FC4CC20248DC0&page=311#qC4C564,verified_local_archive
18,457F38,313,https://oge.fipi.ru/bank/questions.php?proj=DE0E276E497AB3784C3FC4CC20248DC0&page=313&pagesize=10#q457F38,https://oge.fipi.ru/bank/questions.php?proj=DE0E276E497AB3784C3FC4CC20248DC0&page=313#q457F38,verified_local_archive
18,220D31,315,https://oge.fipi.ru/bank/questions.php?proj=DE0E276E497AB3784C3FC4CC20248DC0&page=315&pagesize=10#q220D31,https://oge.fipi.ru/bank/questions.php?proj=DE0E276E497AB3784C3FC4CC20248DC0&page=315#q220D31,verified_local_archive
18,D8A536,315,https://oge.fipi.ru/bank/questions.php?proj=DE0E276E497AB3784C3FC4CC20248DC0&page=315&pagesize=10#qD8A536,https://oge.fipi.ru/bank/questions.php?proj=DE0E276E497AB3784C3FC4CC20248DC0&page=315#qD8A536,verified_local_archive
18,9EE030,317,https://oge.fipi.ru/bank/questions.php?proj=DE0E276E497AB3784C3FC4CC20248DC0&page=317&pagesize=10#q9EE030,https://oge.fipi.ru/bank/questions.php?proj=DE0E276E497AB3784C3FC4CC20248DC0&page=317#q9EE030,verified_local_archive
18,65903C,318,https://oge.fipi.ru/bank/questions.php?proj=DE0E276E497AB3784C3FC4CC20248DC0&page=318&pagesize=10#q65903C,https://oge.fipi.ru/bank/questions.php?proj=DE0E276E497AB3784C3FC4CC20248DC0&page=318#q65903C,verified_local_archive
18,085583,320,https://oge.fipi.ru/bank/questions.php?proj=DE0E276E497AB3784C3FC4CC20248DC0&page=320&pagesize=10#q085583,https://oge.fipi.ru/bank/questions.php?proj=DE0E276E497AB3784C3FC4CC20248DC0&page=320#q085583,verified_local_archive
18,BCAE8D,320,https://oge.fipi.ru/bank/questions.php?proj=DE0E276E497AB3784C3FC4CC20248DC0&page=320&pagesize=10#qBCAE8D,https://oge.fipi.ru/bank/questions.php?proj=DE0E276E497AB3784C3FC4CC20248DC0&page=320#qBCAE8D,verified_local_archive
18,BD3B86,320,https://oge.fipi.ru/bank/questions.php?proj=DE0E276E497AB3784C3FC4CC20248DC0&page=320&pagesize=10#qBD3B86,https://oge.fipi.ru/bank/questions.php?proj=DE0E276E497AB3784C3FC4CC20248DC0&page=320#qBD3B86,verified_local_archive
18,5C8D8B,322,https://oge.fipi.ru/bank/questions.php?proj=DE0E276E497AB3784C3FC4CC20248DC0&page=322&pagesize=10#q5C8D8B,https://oge.fipi.ru/bank/questions.php?proj=DE0E276E497AB3784C3FC4CC20248DC0&page=322#q5C8D8B,verified_local_archive
18,6B7C84,324,https://oge.fipi.ru/bank/questions.php?proj=DE0E276E497AB3784C3FC4CC20248DC0&page=324&pagesize=10#q6B7C84,https://oge.fipi.ru/bank/questions.php?proj=DE0E276E497AB3784C3FC4CC20248DC0&page=324#q6B7C84,verified_local_archive
19,45B944,0,https://oge.fipi.ru/bank/questions.php?proj=DE0E276E497AB3784C3FC4CC20248DC0&page=0&pagesize=10#q45B944,https://oge.fipi.ru/bank/questions.php?proj=DE0E276E497AB3784C3FC4CC20248DC0&page=0#q45B944,verified_local_archive
19,426640,0,https://oge.fipi.ru/bank/questions.php?proj=DE0E276E497AB3784C3FC4CC20248DC0&page=0&pagesize=10#q426640,https://oge.fipi.ru/bank/questions.php?proj=DE0E276E497AB3784C3FC4CC20248DC0&page=0#q426640,verified_local_archive
19,094344,2,https://oge.fipi.ru/bank/questions.php?proj=DE0E276E497AB3784C3FC4CC20248DC0&page=2&pagesize=10#q094344,https://oge.fipi.ru/bank/questions.php?proj=DE0E276E497AB3784C3FC4CC20248DC0&page=2#q094344,verified_local_archive
19,107445,4,https://oge.fipi.ru/bank/questions.php?proj=DE0E276E497AB3784C3FC4CC20248DC0&page=4&pagesize=10#q107445,https://oge.fipi.ru/bank/questions.php?proj=DE0E276E497AB3784C3FC4CC20248DC0&page=4#q107445,verified_local_archive
19,114149,4,https://oge.fipi.ru/bank/questions.php?proj=DE0E276E497AB3784C3FC4CC20248DC0&page=4&pagesize=10#q114149,https://oge.fipi.ru/bank/questions.php?proj=DE0E276E497AB3784C3FC4CC20248DC0&page=4#q114149,verified_local_archive
19,24F14A,5,https://oge.fipi.ru/bank/questions.php?proj=DE0E276E497AB3784C3FC4CC20248DC0&page=5&pagesize=10#q24F14A,https://oge.fipi.ru/bank/questions.php?proj=DE0E276E497AB3784C3FC4CC20248DC0&page=5#q24F14A,verified_local_archive
19,59CF4E,7,https://oge.fipi.ru/bank/questions.php?proj=DE0E276E497AB3784C3FC4CC20248DC0&page=7&pagesize=10#q59CF4E,https://oge.fipi.ru/bank/questions.php?proj=DE0E276E497AB3784C3FC4CC20248DC0&page=7#q59CF4E,verified_local_archive
19,978344,10,https://oge.fipi.ru/bank/questions.php?proj=DE0E276E497AB3784C3FC4CC20248DC0&page=10&pagesize=10#q978344,https://oge.fipi.ru/bank/questions.php?proj=DE0E276E497AB3784C3FC4CC20248DC0&page=10#q978344,verified_local_archive
19,992B4F,10,https://oge.fipi.ru/bank/questions.php?proj=DE0E276E497AB3784C3FC4CC20248DC0&page=10&pagesize=10#q992B4F,https://oge.fipi.ru/bank/questions.php?proj=DE0E276E497AB3784C3FC4CC20248DC0&page=10#q992B4F,verified_local_archive
19,913047,10,https://oge.fipi.ru/bank/questions.php?proj=DE0E276E497AB3784C3FC4CC20248DC0&page=10&pagesize=10#q913047,https://oge.fipi.ru/bank/questions.php?proj=DE0E276E497AB3784C3FC4CC20248DC0&page=10#q913047,verified_local_archive
19,633B4B,13,https://oge.fipi.ru/bank/questions.php?proj=DE0E276E497AB3784C3FC4CC20248DC0&page=13&pagesize=10#q633B4B,https://oge.fipi.ru/bank/questions.php?proj=DE0E276E497AB3784C3FC4CC20248DC0&page=13#q633B4B,verified_local_archive
19,3F9748,14,https://oge.fipi.ru/bank/questions.php?proj=DE0E276E497AB3784C3FC4CC20248DC0&page=14&pagesize=10#q3F9748,https://oge.fipi.ru/bank/questions.php?proj=DE0E276E497AB3784C3FC4CC20248DC0&page=14#q3F9748,verified_local_archive
19,8E1640,15,https://oge.fipi.ru/bank/questions.php?proj=DE0E276E497AB3784C3FC4CC20248DC0&page=15&pagesize=10#q8E1640,https://oge.fipi.ru/bank/questions.php?proj=DE0E276E497AB3784C3FC4CC20248DC0&page=15#q8E1640,verified_local_archive
19,812F49,15,https://oge.fipi.ru/bank/questions.php?proj=DE0E276E497AB3784C3FC4CC20248DC0&page=15&pagesize=10#q812F49,https://oge.fipi.ru/bank/questions.php?proj=DE0E276E497AB3784C3FC4CC20248DC0&page=15#q812F49,verified_local_archive
19,439BFB,16,https://oge.fipi.ru/bank/questions.php?proj=DE0E276E497AB3784C3FC4CC20248DC0&page=16&pagesize=10#q439BFB,https://oge.fipi.ru/bank/questions.php?proj=DE0E276E497AB3784C3FC4CC20248DC0&page=16#q439BFB,verified_local_archive
19,F139F2,18,https://oge.fipi.ru/bank/questions.php?proj=DE0E276E497AB3784C3FC4CC20248DC0&page=18&pagesize=10#qF139F2,https://oge.fipi.ru/bank/questions.php?proj=DE0E276E497AB3784C3FC4CC20248DC0&page=18#qF139F2,verified_local_archive
19,116CF0,20,https://oge.fipi.ru/bank/questions.php?proj=DE0E276E497AB3784C3FC4CC20248DC0&page=20&pagesize=10#q116CF0,https://oge.fipi.ru/bank/questions.php?proj=DE0E276E497AB3784C3FC4CC20248DC0&page=20#q116CF0,verified_local_archive
19,1367F5,21,https://oge.fipi.ru/bank/questions.php?proj=DE0E276E497AB3784C3FC4CC20248DC0&page=21&pagesize=10#q1367F5,https://oge.fipi.ru/bank/questions.php?proj=DE0E276E497AB3784C3FC4CC20248DC0&page=21#q1367F5,verified_local_archive
19,1F02FE,21,https://oge.fipi.ru/bank/questions.php?proj=DE0E276E497AB3784C3FC4CC20248DC0&page=21&pagesize=10#q1F02FE,https://oge.fipi.ru/bank/questions.php?proj=DE0E276E497AB3784C3FC4CC20248DC0&page=21#q1F02FE,verified_local_archive
19,253AF7,21,https://oge.fipi.ru/bank/questions.php?proj=DE0E276E497AB3784C3FC4CC20248DC0&page=21&pagesize=10#q253AF7,https://oge.fipi.ru/bank/questions.php?proj=DE0E276E497AB3784C3FC4CC20248DC0&page=21#q253AF7,verified_local_archive
19,576FF5,24,https://oge.fipi.ru/bank/questions.php?proj=DE0E276E497AB3784C3FC4CC20248DC0&page=24&pagesize=10#q576FF5,https://oge.fipi.ru/bank/questions.php?proj=DE0E276E497AB3784C3FC4CC20248DC0&page=24#q576FF5,verified_local_archive
19,AEB2F0,24,https://oge.fipi.ru/bank/questions.php?proj=DE0E276E497AB3784C3FC4CC20248DC0&page=24&pagesize=10#qAEB2F0,https://oge.fipi.ru/bank/questions.php?proj=DE0E276E497AB3784C3FC4CC20248DC0&page=24#qAEB2F0,verified_local_archive
19,69A6FE,29,https://oge.fipi.ru/bank/questions.php?proj=DE0E276E497AB3784C3FC4CC20248DC0&page=29&pagesize=10#q69A6FE,https://oge.fipi.ru/bank/questions.php?proj=DE0E276E497AB3784C3FC4CC20248DC0&page=29#q69A6FE,verified_local_archive
19,3C09F7,29,https://oge.fipi.ru/bank/questions.php?proj=DE0E276E497AB3784C3FC4CC20248DC0&page=29&pagesize=10#q3C09F7,https://oge.fipi.ru/bank/questions.php?proj=DE0E276E497AB3784C3FC4CC20248DC0&page=29#q3C09F7,verified_local_archive
19,3A1FF8,30,https://oge.fipi.ru/bank/questions.php?proj=DE0E276E497AB3784C3FC4CC20248DC0&page=30&pagesize=10#q3A1FF8,https://oge.fipi.ru/bank/questions.php?proj=DE0E276E497AB3784C3FC4CC20248DC0&page=30#q3A1FF8,verified_local_archive
19,04850F,32,https://oge.fipi.ru/bank/questions.php?proj=DE0E276E497AB3784C3FC4CC20248DC0&page=32&pagesize=10#q04850F,https://oge.fipi.ru/bank/questions.php?proj=DE0E276E497AB3784C3FC4CC20248DC0&page=32#q04850F,verified_local_archive
19,B5CE07,33,https://oge.fipi.ru/bank/questions.php?proj=DE0E276E497AB3784C3FC4CC20248DC0&page=33&pagesize=10#qB5CE07,https://oge.fipi.ru/bank/questions.php?proj=DE0E276E497AB3784C3FC4CC20248DC0&page=33#qB5CE07,verified_local_archive
19,B11709,33,https://oge.fipi.ru/bank/questions.php?proj=DE0E276E497AB3784C3FC4CC20248DC0&page=33&pagesize=10#qB11709,https://oge.fipi.ru/bank/questions.php?proj=DE0E276E497AB3784C3FC4CC20248DC0&page=33#qB11709,verified_local_archive
19,109D03,35,https://oge.fipi.ru/bank/questions.php?proj=DE0E276E497AB3784C3FC4CC20248DC0&page=35&pagesize=10#q109D03,https://oge.fipi.ru/bank/questions.php?proj=DE0E276E497AB3784C3FC4CC20248DC0&page=35#q109D03,verified_local_archive
19,A83408,38,https://oge.fipi.ru/bank/questions.php?proj=DE0E276E497AB3784C3FC4CC20248DC0&page=38&pagesize=10#qA83408,https://oge.fipi.ru/bank/questions.php?proj=DE0E276E497AB3784C3FC4CC20248DC0&page=38#qA83408,verified_local_archive
19,CC1B07,38,https://oge.fipi.ru/bank/questions.php?proj=DE0E276E497AB3784C3FC4CC20248DC0&page=38&pagesize=10#qCC1B07,https://oge.fipi.ru/bank/questions.php?proj=DE0E276E497AB3784C3FC4CC20248DC0&page=38#qCC1B07,verified_local_archive
19,93D00E,40,https://oge.fipi.ru/bank/questions.php?proj=DE0E276E497AB3784C3FC4CC20248DC0&page=40&pagesize=10#q93D00E,https://oge.fipi.ru/bank/questions.php?proj=DE0E276E497AB3784C3FC4CC20248DC0&page=40#q93D00E,verified_local_archive
19,EA6D01,40,https://oge.fipi.ru/bank/questions.php?proj=DE0E276E497AB3784C3FC4CC20248DC0&page=40&pagesize=10#qEA6D01,https://oge.fipi.ru/bank/questions.php?proj=DE0E276E497AB3784C3FC4CC20248DC0&page=40#qEA6D01,verified_local_archive
19,462D7A,44,https://oge.fipi.ru/bank/questions.php?proj=DE0E276E497AB3784C3FC4CC20248DC0&page=44&pagesize=10#q462D7A,https://oge.fipi.ru/bank/questions.php?proj=DE0E276E497AB3784C3FC4CC20248DC0&page=44#q462D7A,verified_local_archive
19,FB6E7E,45,https://oge.fipi.ru/bank/questions.php?proj=DE0E276E497AB3784C3FC4CC20248DC0&page=45&pagesize=10#qFB6E7E,https://oge.fipi.ru/bank/questions.php?proj=DE0E276E497AB3784C3FC4CC20248DC0&page=45#qFB6E7E,verified_local_archive
19,BA927F,48,https://oge.fipi.ru/bank/questions.php?proj=DE0E276E497AB3784C3FC4CC20248DC0&page=48&pagesize=10#qBA927F,https://oge.fipi.ru/bank/questions.php?proj=DE0E276E497AB3784C3FC4CC20248DC0&page=48#qBA927F,verified_local_archive
19,DBBC7F,50,https://oge.fipi.ru/bank/questions.php?proj=DE0E276E497AB3784C3FC4CC20248DC0&page=50&pagesize=10#qDBBC7F,https://oge.fipi.ru/bank/questions.php?proj=DE0E276E497AB3784C3FC4CC20248DC0&page=50#qDBBC7F,verified_local_archive
19,DC9A75,50,https://oge.fipi.ru/bank/questions.php?proj=DE0E276E497AB3784C3FC4CC20248DC0&page=50&pagesize=10#qDC9A75,https://oge.fipi.ru/bank/questions.php?proj=DE0E276E497AB3784C3FC4CC20248DC0&page=50#qDC9A75,verified_local_archive
19,D68E7A,50,https://oge.fipi.ru/bank/questions.php?proj=DE0E276E497AB3784C3FC4CC20248DC0&page=50&pagesize=10#qD68E7A,https://oge.fipi.ru/bank/questions.php?proj=DE0E276E497AB3784C3FC4CC20248DC0&page=50#qD68E7A,verified_local_archive
19,D53679,51,https://oge.fipi.ru/bank/questions.php?proj=DE0E276E497AB3784C3FC4CC20248DC0&page=51&pagesize=10#qD53679,https://oge.fipi.ru/bank/questions.php?proj=DE0E276E497AB3784C3FC4CC20248DC0&page=51#qD53679,verified_local_archive
19,9CE877,54,https://oge.fipi.ru/bank/questions.php?proj=DE0E276E497AB3784C3FC4CC20248DC0&page=54&pagesize=10#q9CE877,https://oge.fipi.ru/bank/questions.php?proj=DE0E276E497AB3784C3FC4CC20248DC0&page=54#q9CE877,verified_local_archive
19,EA1672,55,https://oge.fipi.ru/bank/questions.php?proj=DE0E276E497AB3784C3FC4CC20248DC0&page=55&pagesize=10#qEA1672,https://oge.fipi.ru/bank/questions.php?proj=DE0E276E497AB3784C3FC4CC20248DC0&page=55#qEA1672,verified_local_archive
19,ECA07D,55,https://oge.fipi.ru/bank/questions.php?proj=DE0E276E497AB3784C3FC4CC20248DC0&page=55&pagesize=10#qECA07D,https://oge.fipi.ru/bank/questions.php?proj=DE0E276E497AB3784C3FC4CC20248DC0&page=55#qECA07D,verified_local_archive
19,F688BF,60,https://oge.fipi.ru/bank/questions.php?proj=DE0E276E497AB3784C3FC4CC20248DC0&page=60&pagesize=10#qF688BF,https://oge.fipi.ru/bank/questions.php?proj=DE0E276E497AB3784C3FC4CC20248DC0&page=60#qF688BF,verified_local_archive
19,F849BA,61,https://oge.fipi.ru/bank/questions.php?proj=DE0E276E497AB3784C3FC4CC20248DC0&page=61&pagesize=10#qF849BA,https://oge.fipi.ru/bank/questions.php?proj=DE0E276E497AB3784C3FC4CC20248DC0&page=61#qF849BA,verified_local_archive
19,09ACB6,62,https://oge.fipi.ru/bank/questions.php?proj=DE0E276E497AB3784C3FC4CC20248DC0&page=62&pagesize=10#q09ACB6,https://oge.fipi.ru/bank/questions.php?proj=DE0E276E497AB3784C3FC4CC20248DC0&page=62#q09ACB6,verified_local_archive
19,BEC1B6,63,https://oge.fipi.ru/bank/questions.php?proj=DE0E276E497AB3784C3FC4CC20248DC0&page=63&pagesize=10#qBEC1B6,https://oge.fipi.ru/bank/questions.php?proj=DE0E276E497AB3784C3FC4CC20248DC0&page=63#qBEC1B6,verified_local_archive
19,B59FB8,64,https://oge.fipi.ru/bank/questions.php?proj=DE0E276E497AB3784C3FC4CC20248DC0&page=64&pagesize=10#qB59FB8,https://oge.fipi.ru/bank/questions.php?proj=DE0E276E497AB3784C3FC4CC20248DC0&page=64#qB59FB8,verified_local_archive
19,2B26B1,65,https://oge.fipi.ru/bank/questions.php?proj=DE0E276E497AB3784C3FC4CC20248DC0&page=65&pagesize=10#q2B26B1,https://oge.fipi.ru/bank/questions.php?proj=DE0E276E497AB3784C3FC4CC20248DC0&page=65#q2B26B1,verified_local_archive
19,DAB4B7,66,https://oge.fipi.ru/bank/questions.php?proj=DE0E276E497AB3784C3FC4CC20248DC0&page=66&pagesize=10#qDAB4B7,https://oge.fipi.ru/bank/questions.php?proj=DE0E276E497AB3784C3FC4CC20248DC0&page=66#qDAB4B7,verified_local_archive
19,ADAEB4,68,https://oge.fipi.ru/bank/questions.php?proj=DE0E276E497AB3784C3FC4CC20248DC0&page=68&pagesize=10#qADAEB4,https://oge.fipi.ru/bank/questions.php?proj=DE0E276E497AB3784C3FC4CC20248DC0&page=68#qADAEB4,verified_local_archive
19,FAAE11,74,https://oge.fipi.ru/bank/questions.php?proj=DE0E276E497AB3784C3FC4CC20248DC0&page=74&pagesize=10#qFAAE11,https://oge.fipi.ru/bank/questions.php?proj=DE0E276E497AB3784C3FC4CC20248DC0&page=74#qFAAE11,verified_local_archive
19,0D7715,75,https://oge.fipi.ru/bank/questions.php?proj=DE0E276E497AB3784C3FC4CC20248DC0&page=75&pagesize=10#q0D7715,https://oge.fipi.ru/bank/questions.php?proj=DE0E276E497AB3784C3FC4CC20248DC0&page=75#q0D7715,verified_local_archive
19,B5A21B,76,https://oge.fipi.ru/bank/questions.php?proj=DE0E276E497AB3784C3FC4CC20248DC0&page=76&pagesize=10#qB5A21B,https://oge.fipi.ru/bank/questions.php?proj=DE0E276E497AB3784C3FC4CC20248DC0&page=76#qB5A21B,verified_local_archive
19,269D1C,80,https://oge.fipi.ru/bank/questions.php?proj=DE0E276E497AB3784C3FC4CC20248DC0&page=80&pagesize=10#q269D1C,https://oge.fipi.ru/bank/questions.php?proj=DE0E276E497AB3784C3FC4CC20248DC0&page=80#q269D1C,verified_local_archive
19,2CB616,80,https://oge.fipi.ru/bank/questions.php?proj=DE0E276E497AB3784C3FC4CC20248DC0&page=80&pagesize=10#q2CB616,https://oge.fipi.ru/bank/questions.php?proj=DE0E276E497AB3784C3FC4CC20248DC0&page=80#q2CB616,verified_local_archive
19,266E13,80,https://oge.fipi.ru/bank/questions.php?proj=DE0E276E497AB3784C3FC4CC20248DC0&page=80&pagesize=10#q266E13,https://oge.fipi.ru/bank/questions.php?proj=DE0E276E497AB3784C3FC4CC20248DC0&page=80#q266E13,verified_local_archive
19,556317,81,https://oge.fipi.ru/bank/questions.php?proj=DE0E276E497AB3784C3FC4CC20248DC0&page=81&pagesize=10#q556317,https://oge.fipi.ru/bank/questions.php?proj=DE0E276E497AB3784C3FC4CC20248DC0&page=81#q556317,verified_local_archive
19,5B7F13,82,https://oge.fipi.ru/bank/questions.php?proj=DE0E276E497AB3784C3FC4CC20248DC0&page=82&pagesize=10#q5B7F13,https://oge.fipi.ru/bank/questions.php?proj=DE0E276E497AB3784C3FC4CC20248DC0&page=82#q5B7F13,verified_local_archive
19,AFFE1C,82,https://oge.fipi.ru/bank/questions.php?proj=DE0E276E497AB3784C3FC4CC20248DC0&page=82&pagesize=10#qAFFE1C,https://oge.fipi.ru/bank/questions.php?proj=DE0E276E497AB3784C3FC4CC20248DC0&page=82#qAFFE1C,verified_local_archive
19,E86310,85,https://oge.fipi.ru/bank/questions.php?proj=DE0E276E497AB3784C3FC4CC20248DC0&page=85&pagesize=10#qE86310,https://oge.fipi.ru/bank/questions.php?proj=DE0E276E497AB3784C3FC4CC20248DC0&page=85#qE86310,verified_local_archive
19,6D5B11,86,https://oge.fipi.ru/bank/questions.php?proj=DE0E276E497AB3784C3FC4CC20248DC0&page=86&pagesize=10#q6D5B11,https://oge.fipi.ru/bank/questions.php?proj=DE0E276E497AB3784C3FC4CC20248DC0&page=86#q6D5B11,verified_local_archive
19,37A31B,87,https://oge.fipi.ru/bank/questions.php?proj=DE0E276E497AB3784C3FC4CC20248DC0&page=87&pagesize=10#q37A31B,https://oge.fipi.ru/bank/questions.php?proj=DE0E276E497AB3784C3FC4CC20248DC0&page=87#q37A31B,verified_local_archive
19,82C715,89,https://oge.fipi.ru/bank/questions.php?proj=DE0E276E497AB3784C3FC4CC20248DC0&page=89&pagesize=10#q82C715,https://oge.fipi.ru/bank/questions.php?proj=DE0E276E497AB3784C3FC4CC20248DC0&page=89#q82C715,verified_local_archive
19,8AB61E,89,https://oge.fipi.ru/bank/questions.php?proj=DE0E276E497AB3784C3FC4CC20248DC0&page=89&pagesize=10#q8AB61E,https://oge.fipi.ru/bank/questions.php?proj=DE0E276E497AB3784C3FC4CC20248DC0&page=89#q8AB61E,verified_local_archive
19,416A28,90,https://oge.fipi.ru/bank/questions.php?proj=DE0E276E497AB3784C3FC4CC20248DC0&page=90&pagesize=10#q416A28,https://oge.fipi.ru/bank/questions.php?proj=DE0E276E497AB3784C3FC4CC20248DC0&page=90#q416A28,verified_local_archive
19,0F9B21,92,https://oge.fipi.ru/bank/questions.php?proj=DE0E276E497AB3784C3FC4CC20248DC0&page=92&pagesize=10#q0F9B21,https://oge.fipi.ru/bank/questions.php?proj=DE0E276E497AB3784C3FC4CC20248DC0&page=92#q0F9B21,verified_local_archive
19,01192A,92,https://oge.fipi.ru/bank/questions.php?proj=DE0E276E497AB3784C3FC4CC20248DC0&page=92&pagesize=10#q01192A,https://oge.fipi.ru/bank/questions.php?proj=DE0E276E497AB3784C3FC4CC20248DC0&page=92#q01192A,verified_local_archive
19,00DC26,92,https://oge.fipi.ru/bank/questions.php?proj=DE0E276E497AB3784C3FC4CC20248DC0&page=92&pagesize=10#q00DC26,https://oge.fipi.ru/bank/questions.php?proj=DE0E276E497AB3784C3FC4CC20248DC0&page=92#q00DC26,verified_local_archive
19,BCE727,94,https://oge.fipi.ru/bank/questions.php?proj=DE0E276E497AB3784C3FC4CC20248DC0&page=94&pagesize=10#qBCE727,https://oge.fipi.ru/bank/questions.php?proj=DE0E276E497AB3784C3FC4CC20248DC0&page=94#qBCE727,verified_local_archive
19,DEAB20,97,https://oge.fipi.ru/bank/questions.php?proj=DE0E276E497AB3784C3FC4CC20248DC0&page=97&pagesize=10#qDEAB20,https://oge.fipi.ru/bank/questions.php?proj=DE0E276E497AB3784C3FC4CC20248DC0&page=97#qDEAB20,verified_local_archive
19,57A922,98,https://oge.fipi.ru/bank/questions.php?proj=DE0E276E497AB3784C3FC4CC20248DC0&page=98&pagesize=10#q57A922,https://oge.fipi.ru/bank/questions.php?proj=DE0E276E497AB3784C3FC4CC20248DC0&page=98#q57A922,verified_local_archive
19,6A832A,103,https://oge.fipi.ru/bank/questions.php?proj=DE0E276E497AB3784C3FC4CC20248DC0&page=103&pagesize=10#q6A832A,https://oge.fipi.ru/bank/questions.php?proj=DE0E276E497AB3784C3FC4CC20248DC0&page=103#q6A832A,verified_local_archive
19,476BDD,106,https://oge.fipi.ru/bank/questions.php?proj=DE0E276E497AB3784C3FC4CC20248DC0&page=106&pagesize=10#q476BDD,https://oge.fipi.ru/bank/questions.php?proj=DE0E276E497AB3784C3FC4CC20248DC0&page=106#q476BDD,verified_local_archive
19,FA29D3,106,https://oge.fipi.ru/bank/questions.php?proj=DE0E276E497AB3784C3FC4CC20248DC0&page=106&pagesize=10#qFA29D3,https://oge.fipi.ru/bank/questions.php?proj=DE0E276E497AB3784C3FC4CC20248DC0&page=106#qFA29D3,verified_local_archive
19,5A53DF,113,https://oge.fipi.ru/bank/questions.php?proj=DE0E276E497AB3784C3FC4CC20248DC0&page=113&pagesize=10#q5A53DF,https://oge.fipi.ru/bank/questions.php?proj=DE0E276E497AB3784C3FC4CC20248DC0&page=113#q5A53DF,verified_local_archive
19,A16FD7,114,https://oge.fipi.ru/bank/questions.php?proj=DE0E276E497AB3784C3FC4CC20248DC0&page=114&pagesize=10#qA16FD7,https://oge.fipi.ru/bank/questions.php?proj=DE0E276E497AB3784C3FC4CC20248DC0&page=114#qA16FD7,verified_local_archive
19,C7D0DF,114,https://oge.fipi.ru/bank/questions.php?proj=DE0E276E497AB3784C3FC4CC20248DC0&page=114&pagesize=10#qC7D0DF,https://oge.fipi.ru/bank/questions.php?proj=DE0E276E497AB3784C3FC4CC20248DC0&page=114#qC7D0DF,verified_local_archive
19,C467D2,114,https://oge.fipi.ru/bank/questions.php?proj=DE0E276E497AB3784C3FC4CC20248DC0&page=114&pagesize=10#qC467D2,https://oge.fipi.ru/bank/questions.php?proj=DE0E276E497AB3784C3FC4CC20248DC0&page=114#qC467D2,verified_local_archive
19,7BC751,121,https://oge.fipi.ru/bank/questions.php?proj=DE0E276E497AB3784C3FC4CC20248DC0&page=121&pagesize=10#q7BC751,https://oge.fipi.ru/bank/questions.php?proj=DE0E276E497AB3784C3FC4CC20248DC0&page=121#q7BC751,verified_local_archive
19,766452,122,https://oge.fipi.ru/bank/questions.php?proj=DE0E276E497AB3784C3FC4CC20248DC0&page=122&pagesize=10#q766452,https://oge.fipi.ru/bank/questions.php?proj=DE0E276E497AB3784C3FC4CC20248DC0&page=122#q766452,verified_local_archive
19,1D1A57,123,https://oge.fipi.ru/bank/questions.php?proj=DE0E276E497AB3784C3FC4CC20248DC0&page=123&pagesize=10#q1D1A57,https://oge.fipi.ru/bank/questions.php?proj=DE0E276E497AB3784C3FC4CC20248DC0&page=123#q1D1A57,verified_local_archive
19,6AF15B,130,https://oge.fipi.ru/bank/questions.php?proj=DE0E276E497AB3784C3FC4CC20248DC0&page=130&pagesize=10#q6AF15B,https://oge.fipi.ru/bank/questions.php?proj=DE0E276E497AB3784C3FC4CC20248DC0&page=130#q6AF15B,verified_local_archive
19,302D56,132,https://oge.fipi.ru/bank/questions.php?proj=DE0E276E497AB3784C3FC4CC20248DC0&page=132&pagesize=10#q302D56,https://oge.fipi.ru/bank/questions.php?proj=DE0E276E497AB3784C3FC4CC20248DC0&page=132#q302D56,verified_local_archive
19,894057,132,https://oge.fipi.ru/bank/questions.php?proj=DE0E276E497AB3784C3FC4CC20248DC0&page=132&pagesize=10#q894057,https://oge.fipi.ru/bank/questions.php?proj=DE0E276E497AB3784C3FC4CC20248DC0&page=132#q894057,verified_local_archive
19,45B2A7,133,https://oge.fipi.ru/bank/questions.php?proj=DE0E276E497AB3784C3FC4CC20248DC0&page=133&pagesize=10#q45B2A7,https://oge.fipi.ru/bank/questions.php?proj=DE0E276E497AB3784C3FC4CC20248DC0&page=133#q45B2A7,verified_local_archive
19,449EAC,134,https://oge.fipi.ru/bank/questions.php?proj=DE0E276E497AB3784C3FC4CC20248DC0&page=134&pagesize=10#q449EAC,https://oge.fipi.ru/bank/questions.php?proj=DE0E276E497AB3784C3FC4CC20248DC0&page=134#q449EAC,verified_local_archive
19,BBE6A1,136,https://oge.fipi.ru/bank/questions.php?proj=DE0E276E497AB3784C3FC4CC20248DC0&page=136&pagesize=10#qBBE6A1,https://oge.fipi.ru/bank/questions.php?proj=DE0E276E497AB3784C3FC4CC20248DC0&page=136#qBBE6A1,verified_local_archive
19,BB9EAA,136,https://oge.fipi.ru/bank/questions.php?proj=DE0E276E497AB3784C3FC4CC20248DC0&page=136&pagesize=10#qBB9EAA,https://oge.fipi.ru/bank/questions.php?proj=DE0E276E497AB3784C3FC4CC20248DC0&page=136#qBB9EAA,verified_local_archive
19,186BAE,137,https://oge.fipi.ru/bank/questions.php?proj=DE0E276E497AB3784C3FC4CC20248DC0&page=137&pagesize=10#q186BAE,https://oge.fipi.ru/bank/questions.php?proj=DE0E276E497AB3784C3FC4CC20248DC0&page=137#q186BAE,verified_local_archive
19,27F5A0,138,https://oge.fipi.ru/bank/questions.php?proj=DE0E276E497AB3784C3FC4CC20248DC0&page=138&pagesize=10#q27F5A0,https://oge.fipi.ru/bank/questions.php?proj=DE0E276E497AB3784C3FC4CC20248DC0&page=138#q27F5A0,verified_local_archive
19,2D0CA0,138,https://oge.fipi.ru/bank/questions.php?proj=DE0E276E497AB3784C3FC4CC20248DC0&page=138&pagesize=10#q2D0CA0,https://oge.fipi.ru/bank/questions.php?proj=DE0E276E497AB3784C3FC4CC20248DC0&page=138#q2D0CA0,verified_local_archive
19,5411A3,140,https://oge.fipi.ru/bank/questions.php?proj=DE0E276E497AB3784C3FC4CC20248DC0&page=140&pagesize=10#q5411A3,https://oge.fipi.ru/bank/questions.php?proj=DE0E276E497AB3784C3FC4CC20248DC0&page=140#q5411A3,verified_local_archive
19,CDDBA4,141,https://oge.fipi.ru/bank/questions.php?proj=DE0E276E497AB3784C3FC4CC20248DC0&page=141&pagesize=10#qCDDBA4,https://oge.fipi.ru/bank/questions.php?proj=DE0E276E497AB3784C3FC4CC20248DC0&page=141#qCDDBA4,verified_local_archive
19,4F0CCE,146,https://oge.fipi.ru/bank/questions.php?proj=DE0E276E497AB3784C3FC4CC20248DC0&page=146&pagesize=10#q4F0CCE,https://oge.fipi.ru/bank/questions.php?proj=DE0E276E497AB3784C3FC4CC20248DC0&page=146#q4F0CCE,verified_local_archive
19,7909C7,149,https://oge.fipi.ru/bank/questions.php?proj=DE0E276E497AB3784C3FC4CC20248DC0&page=149&pagesize=10#q7909C7,https://oge.fipi.ru/bank/questions.php?proj=DE0E276E497AB3784C3FC4CC20248DC0&page=149#q7909C7,verified_local_archive
19,79B6CD,149,https://oge.fipi.ru/bank/questions.php?proj=DE0E276E497AB3784C3FC4CC20248DC0&page=149&pagesize=10#q79B6CD,https://oge.fipi.ru/bank/questions.php?proj=DE0E276E497AB3784C3FC4CC20248DC0&page=149#q79B6CD,verified_local_archive
19,7359CA,149,https://oge.fipi.ru/bank/questions.php?proj=DE0E276E497AB3784C3FC4CC20248DC0&page=149&pagesize=10#q7359CA,https://oge.fipi.ru/bank/questions.php?proj=DE0E276E497AB3784C3FC4CC20248DC0&page=149#q7359CA,verified_local_archive
19,A9D5C9,154,https://oge.fipi.ru/bank/questions.php?proj=DE0E276E497AB3784C3FC4CC20248DC0&page=154&pagesize=10#qA9D5C9,https://oge.fipi.ru/bank/questions.php?proj=DE0E276E497AB3784C3FC4CC20248DC0&page=154#qA9D5C9,verified_local_archive
19,CC94C6,155,https://oge.fipi.ru/bank/questions.php?proj=DE0E276E497AB3784C3FC4CC20248DC0&page=155&pagesize=10#qCC94C6,https://oge.fipi.ru/bank/questions.php?proj=DE0E276E497AB3784C3FC4CC20248DC0&page=155#qCC94C6,verified_local_archive
19,692FC1,157,https://oge.fipi.ru/bank/questions.php?proj=DE0E276E497AB3784C3FC4CC20248DC0&page=157&pagesize=10#q692FC1,https://oge.fipi.ru/bank/questions.php?proj=DE0E276E497AB3784C3FC4CC20248DC0&page=157#q692FC1,verified_local_archive
19,108490,164,https://oge.fipi.ru/bank/questions.php?proj=DE0E276E497AB3784C3FC4CC20248DC0&page=164&pagesize=10#q108490,https://oge.fipi.ru/bank/questions.php?proj=DE0E276E497AB3784C3FC4CC20248DC0&page=164#q108490,verified_local_archive
19,278197,165,https://oge.fipi.ru/bank/questions.php?proj=DE0E276E497AB3784C3FC4CC20248DC0&page=165&pagesize=10#q278197,https://oge.fipi.ru/bank/questions.php?proj=DE0E276E497AB3784C3FC4CC20248DC0&page=165#q278197,verified_local_archive
19,24569D,165,https://oge.fipi.ru/bank/questions.php?proj=DE0E276E497AB3784C3FC4CC20248DC0&page=165&pagesize=10#q24569D,https://oge.fipi.ru/bank/questions.php?proj=DE0E276E497AB3784C3FC4CC20248DC0&page=165#q24569D,verified_local_archive
19,A3D99A,167,https://oge.fipi.ru/bank/questions.php?proj=DE0E276E497AB3784C3FC4CC20248DC0&page=167&pagesize=10#qA3D99A,https://oge.fipi.ru/bank/questions.php?proj=DE0E276E497AB3784C3FC4CC20248DC0&page=167#qA3D99A,verified_local_archive
19,9B1490,169,https://oge.fipi.ru/bank/questions.php?proj=DE0E276E497AB3784C3FC4CC20248DC0&page=169&pagesize=10#q9B1490,https://oge.fipi.ru/bank/questions.php?proj=DE0E276E497AB3784C3FC4CC20248DC0&page=169#q9B1490,verified_local_archive
19,E4BA92,170,https://oge.fipi.ru/bank/questions.php?proj=DE0E276E497AB3784C3FC4CC20248DC0&page=170&pagesize=10#qE4BA92,https://oge.fipi.ru/bank/questions.php?proj=DE0E276E497AB3784C3FC4CC20248DC0&page=170#qE4BA92,verified_local_archive
19,E63C99,171,https://oge.fipi.ru/bank/questions.php?proj=DE0E276E497AB3784C3FC4CC20248DC0&page=171&pagesize=10#qE63C99,https://oge.fipi.ru/bank/questions.php?proj=DE0E276E497AB3784C3FC4CC20248DC0&page=171#qE63C99,verified_local_archive
19,ED9498,171,https://oge.fipi.ru/bank/questions.php?proj=DE0E276E497AB3784C3FC4CC20248DC0&page=171&pagesize=10#qED9498,https://oge.fipi.ru/bank/questions.php?proj=DE0E276E497AB3784C3FC4CC20248DC0&page=171#qED9498,verified_local_archive
19,6B5090,171,https://oge.fipi.ru/bank/questions.php?proj=DE0E276E497AB3784C3FC4CC20248DC0&page=171&pagesize=10#q6B5090,https://oge.fipi.ru/bank/questions.php?proj=DE0E276E497AB3784C3FC4CC20248DC0&page=171#q6B5090,verified_local_archive
19,858B9B,173,https://oge.fipi.ru/bank/questions.php?proj=DE0E276E497AB3784C3FC4CC20248DC0&page=173&pagesize=10#q858B9B,https://oge.fipi.ru/bank/questions.php?proj=DE0E276E497AB3784C3FC4CC20248DC0&page=173#q858B9B,verified_local_archive
19,42C6E8,175,https://oge.fipi.ru/bank/questions.php?proj=DE0E276E497AB3784C3FC4CC20248DC0&page=175&pagesize=10#q42C6E8,https://oge.fipi.ru/bank/questions.php?proj=DE0E276E497AB3784C3FC4CC20248DC0&page=175#q42C6E8,verified_local_archive
19,FA80ED,175,https://oge.fipi.ru/bank/questions.php?proj=DE0E276E497AB3784C3FC4CC20248DC0&page=175&pagesize=10#qFA80ED,https://oge.fipi.ru/bank/questions.php?proj=DE0E276E497AB3784C3FC4CC20248DC0&page=175#qFA80ED,verified_local_archive
19,38B3E5,186,https://oge.fipi.ru/bank/questions.php?proj=DE0E276E497AB3784C3FC4CC20248DC0&page=186&pagesize=10#q38B3E5,https://oge.fipi.ru/bank/questions.php?proj=DE0E276E497AB3784C3FC4CC20248DC0&page=186#q38B3E5,verified_local_archive
19,8FDFE4,187,https://oge.fipi.ru/bank/questions.php?proj=DE0E276E497AB3784C3FC4CC20248DC0&page=187&pagesize=10#q8FDFE4,https://oge.fipi.ru/bank/questions.php?proj=DE0E276E497AB3784C3FC4CC20248DC0&page=187#q8FDFE4,verified_local_archive
19,460869,188,https://oge.fipi.ru/bank/questions.php?proj=DE0E276E497AB3784C3FC4CC20248DC0&page=188&pagesize=10#q460869,https://oge.fipi.ru/bank/questions.php?proj=DE0E276E497AB3784C3FC4CC20248DC0&page=188#q460869,verified_local_archive
19,FA4567,189,https://oge.fipi.ru/bank/questions.php?proj=DE0E276E497AB3784C3FC4CC20248DC0&page=189&pagesize=10#qFA4567,https://oge.fipi.ru/bank/questions.php?proj=DE0E276E497AB3784C3FC4CC20248DC0&page=189#qFA4567,verified_local_archive
19,B31B6F,191,https://oge.fipi.ru/bank/questions.php?proj=DE0E276E497AB3784C3FC4CC20248DC0&page=191&pagesize=10#qB31B6F,https://oge.fipi.ru/bank/questions.php?proj=DE0E276E497AB3784C3FC4CC20248DC0&page=191#qB31B6F,verified_local_archive
19,B99F66,192,https://oge.fipi.ru/bank/questions.php?proj=DE0E276E497AB3784C3FC4CC20248DC0&page=192&pagesize=10#qB99F66,https://oge.fipi.ru/bank/questions.php?proj=DE0E276E497AB3784C3FC4CC20248DC0&page=192#qB99F66,verified_local_archive
19,D32E6D,194,https://oge.fipi.ru/bank/questions.php?proj=DE0E276E497AB3784C3FC4CC20248DC0&page=194&pagesize=10#qD32E6D,https://oge.fipi.ru/bank/questions.php?proj=DE0E276E497AB3784C3FC4CC20248DC0&page=194#qD32E6D,verified_local_archive
19,571265,195,https://oge.fipi.ru/bank/questions.php?proj=DE0E276E497AB3784C3FC4CC20248DC0&page=195&pagesize=10#q571265,https://oge.fipi.ru/bank/questions.php?proj=DE0E276E497AB3784C3FC4CC20248DC0&page=195#q571265,verified_local_archive
19,5E2F6C,195,https://oge.fipi.ru/bank/questions.php?proj=DE0E276E497AB3784C3FC4CC20248DC0&page=195&pagesize=10#q5E2F6C,https://oge.fipi.ru/bank/questions.php?proj=DE0E276E497AB3784C3FC4CC20248DC0&page=195#q5E2F6C,verified_local_archive
19,A5FC60,196,https://oge.fipi.ru/bank/questions.php?proj=DE0E276E497AB3784C3FC4CC20248DC0&page=196&pagesize=10#qA5FC60,https://oge.fipi.ru/bank/questions.php?proj=DE0E276E497AB3784C3FC4CC20248DC0&page=196#qA5FC60,verified_local_archive
19,A37D67,196,https://oge.fipi.ru/bank/questions.php?proj=DE0E276E497AB3784C3FC4CC20248DC0&page=196&pagesize=10#qA37D67,https://oge.fipi.ru/bank/questions.php?proj=DE0E276E497AB3784C3FC4CC20248DC0&page=196#qA37D67,verified_local_archive
19,ABE46D,196,https://oge.fipi.ru/bank/questions.php?proj=DE0E276E497AB3784C3FC4CC20248DC0&page=196&pagesize=10#qABE46D,https://oge.fipi.ru/bank/questions.php?proj=DE0E276E497AB3784C3FC4CC20248DC0&page=196#qABE46D,verified_local_archive
19,902360,198,https://oge.fipi.ru/bank/questions.php?proj=DE0E276E497AB3784C3FC4CC20248DC0&page=198&pagesize=10#q902360,https://oge.fipi.ru/bank/questions.php?proj=DE0E276E497AB3784C3FC4CC20248DC0&page=198#q902360,verified_local_archive
19,E20B60,199,https://oge.fipi.ru/bank/questions.php?proj=DE0E276E497AB3784C3FC4CC20248DC0&page=199&pagesize=10#qE20B60,https://oge.fipi.ru/bank/questions.php?proj=DE0E276E497AB3784C3FC4CC20248DC0&page=199#qE20B60,verified_local_archive
19,EB6B6A,199,https://oge.fipi.ru/bank/questions.php?proj=DE0E276E497AB3784C3FC4CC20248DC0&page=199&pagesize=10#qEB6B6A,https://oge.fipi.ru/bank/questions.php?proj=DE0E276E497AB3784C3FC4CC20248DC0&page=199#qEB6B6A,verified_local_archive
19,398265,201,https://oge.fipi.ru/bank/questions.php?proj=DE0E276E497AB3784C3FC4CC20248DC0&page=201&pagesize=10#q398265,https://oge.fipi.ru/bank/questions.php?proj=DE0E276E497AB3784C3FC4CC20248DC0&page=201#q398265,verified_local_archive
19,F34539,204,https://oge.fipi.ru/bank/questions.php?proj=DE0E276E497AB3784C3FC4CC20248DC0&page=204&pagesize=10#qF34539,https://oge.fipi.ru/bank/questions.php?proj=DE0E276E497AB3784C3FC4CC20248DC0&page=204#qF34539,verified_local_archive
19,0DF13F,204,https://oge.fipi.ru/bank/questions.php?proj=DE0E276E497AB3784C3FC4CC20248DC0&page=204&pagesize=10#q0DF13F,https://oge.fipi.ru/bank/questions.php?proj=DE0E276E497AB3784C3FC4CC20248DC0&page=204#q0DF13F,verified_local_archive
19,0F933F,204,https://oge.fipi.ru/bank/questions.php?proj=DE0E276E497AB3784C3FC4CC20248DC0&page=204&pagesize=10#q0F933F,https://oge.fipi.ru/bank/questions.php?proj=DE0E276E497AB3784C3FC4CC20248DC0&page=204#q0F933F,verified_local_archive
19,0F4035,205,https://oge.fipi.ru/bank/questions.php?proj=DE0E276E497AB3784C3FC4CC20248DC0&page=205&pagesize=10#q0F4035,https://oge.fipi.ru/bank/questions.php?proj=DE0E276E497AB3784C3FC4CC20248DC0&page=205#q0F4035,verified_local_archive
19,742D35,205,https://oge.fipi.ru/bank/questions.php?proj=DE0E276E497AB3784C3FC4CC20248DC0&page=205&pagesize=10#q742D35,https://oge.fipi.ru/bank/questions.php?proj=DE0E276E497AB3784C3FC4CC20248DC0&page=205#q742D35,verified_local_archive
19,BA9532,206,https://oge.fipi.ru/bank/questions.php?proj=DE0E276E497AB3784C3FC4CC20248DC0&page=206&pagesize=10#qBA9532,https://oge.fipi.ru/bank/questions.php?proj=DE0E276E497AB3784C3FC4CC20248DC0&page=206#qBA9532,verified_local_archive
19,B51738,207,https://oge.fipi.ru/bank/questions.php?proj=DE0E276E497AB3784C3FC4CC20248DC0&page=207&pagesize=10#qB51738,https://oge.fipi.ru/bank/questions.php?proj=DE0E276E497AB3784C3FC4CC20248DC0&page=207#qB51738,verified_local_archive
19,504138,210,https://oge.fipi.ru/bank/questions.php?proj=DE0E276E497AB3784C3FC4CC20248DC0&page=210&pagesize=10#q504138,https://oge.fipi.ru/bank/questions.php?proj=DE0E276E497AB3784C3FC4CC20248DC0&page=210#q504138,verified_local_archive
19,6D3731,215,https://oge.fipi.ru/bank/questions.php?proj=DE0E276E497AB3784C3FC4CC20248DC0&page=215&pagesize=10#q6D3731,https://oge.fipi.ru/bank/questions.php?proj=DE0E276E497AB3784C3FC4CC20248DC0&page=215#q6D3731,verified_local_archive
19,490485,217,https://oge.fipi.ru/bank/questions.php?proj=DE0E276E497AB3784C3FC4CC20248DC0&page=217&pagesize=10#q490485,https://oge.fipi.ru/bank/questions.php?proj=DE0E276E497AB3784C3FC4CC20248DC0&page=217#q490485,verified_local_archive
19,429083,217,https://oge.fipi.ru/bank/questions.php?proj=DE0E276E497AB3784C3FC4CC20248DC0&page=217&pagesize=10#q429083,https://oge.fipi.ru/bank/questions.php?proj=DE0E276E497AB3784C3FC4CC20248DC0&page=217#q429083,verified_local_archive
19,FD1E8F,217,https://oge.fipi.ru/bank/questions.php?proj=DE0E276E497AB3784C3FC4CC20248DC0&page=217&pagesize=10#qFD1E8F,https://oge.fipi.ru/bank/questions.php?proj=DE0E276E497AB3784C3FC4CC20248DC0&page=217#qFD1E8F,verified_local_archive
19,F54D86,218,https://oge.fipi.ru/bank/questions.php?proj=DE0E276E497AB3784C3FC4CC20248DC0&page=218&pagesize=10#qF54D86,https://oge.fipi.ru/bank/questions.php?proj=DE0E276E497AB3784C3FC4CC20248DC0&page=218#qF54D86,verified_local_archive
19,1BC48B,220,https://oge.fipi.ru/bank/questions.php?proj=DE0E276E497AB3784C3FC4CC20248DC0&page=220&pagesize=10#q1BC48B,https://oge.fipi.ru/bank/questions.php?proj=DE0E276E497AB3784C3FC4CC20248DC0&page=220#q1BC48B,verified_local_archive
19,2C9984,221,https://oge.fipi.ru/bank/questions.php?proj=DE0E276E497AB3784C3FC4CC20248DC0&page=221&pagesize=10#q2C9984,https://oge.fipi.ru/bank/questions.php?proj=DE0E276E497AB3784C3FC4CC20248DC0&page=221#q2C9984,verified_local_archive
19,91CA85,226,https://oge.fipi.ru/bank/questions.php?proj=DE0E276E497AB3784C3FC4CC20248DC0&page=226&pagesize=10#q91CA85,https://oge.fipi.ru/bank/questions.php?proj=DE0E276E497AB3784C3FC4CC20248DC0&page=226#q91CA85,verified_local_archive
19,901989,226,https://oge.fipi.ru/bank/questions.php?proj=DE0E276E497AB3784C3FC4CC20248DC0&page=226&pagesize=10#q901989,https://oge.fipi.ru/bank/questions.php?proj=DE0E276E497AB3784C3FC4CC20248DC0&page=226#q901989,verified_local_archive
19,9B5088,227,https://oge.fipi.ru/bank/questions.php?proj=DE0E276E497AB3784C3FC4CC20248DC0&page=227&pagesize=10#q9B5088,https://oge.fipi.ru/bank/questions.php?proj=DE0E276E497AB3784C3FC4CC20248DC0&page=227#q9B5088,verified_local_archive
19,E3F78B,227,https://oge.fipi.ru/bank/questions.php?proj=DE0E276E497AB3784C3FC4CC20248DC0&page=227&pagesize=10#qE3F78B,https://oge.fipi.ru/bank/questions.php?proj=DE0E276E497AB3784C3FC4CC20248DC0&page=227#qE3F78B,verified_local_archive
19,339D8D,229,https://oge.fipi.ru/bank/questions.php?proj=DE0E276E497AB3784C3FC4CC20248DC0&page=229&pagesize=10#q339D8D,https://oge.fipi.ru/bank/questions.php?proj=DE0E276E497AB3784C3FC4CC20248DC0&page=229#q339D8D,verified_local_archive
19,3DCC83,230,https://oge.fipi.ru/bank/questions.php?proj=DE0E276E497AB3784C3FC4CC20248DC0&page=230&pagesize=10#q3DCC83,https://oge.fipi.ru/bank/questions.php?proj=DE0E276E497AB3784C3FC4CC20248DC0&page=230#q3DCC83,verified_local_archive
20,F5A849,1,https://oge.fipi.ru/bank/questions.php?proj=DE0E276E497AB3784C3FC4CC20248DC0&page=1&pagesize=10#qF5A849,https://oge.fipi.ru/bank/questions.php?proj=DE0E276E497AB3784C3FC4CC20248DC0&page=1#qF5A849,verified_local_archive
20,166F42,4,https://oge.fipi.ru/bank/questions.php?proj=DE0E276E497AB3784C3FC4CC20248DC0&page=4&pagesize=10#q166F42,https://oge.fipi.ru/bank/questions.php?proj=DE0E276E497AB3784C3FC4CC20248DC0&page=4#q166F42,verified_local_archive
20,2A0B4A,5,https://oge.fipi.ru/bank/questions.php?proj=DE0E276E497AB3784C3FC4CC20248DC0&page=5&pagesize=10#q2A0B4A,https://oge.fipi.ru/bank/questions.php?proj=DE0E276E497AB3784C3FC4CC20248DC0&page=5#q2A0B4A,verified_local_archive
20,7585FE,19,https://oge.fipi.ru/bank/questions.php?proj=DE0E276E497AB3784C3FC4CC20248DC0&page=19&pagesize=10#q7585FE,https://oge.fipi.ru/bank/questions.php?proj=DE0E276E497AB3784C3FC4CC20248DC0&page=19#q7585FE,verified_local_archive
20,D842F6,23,https://oge.fipi.ru/bank/questions.php?proj=DE0E276E497AB3784C3FC4CC20248DC0&page=23&pagesize=10#qD842F6,https://oge.fipi.ru/bank/questions.php?proj=DE0E276E497AB3784C3FC4CC20248DC0&page=23#qD842F6,verified_local_archive
20,A2F1F4,24,https://oge.fipi.ru/bank/questions.php?proj=DE0E276E497AB3784C3FC4CC20248DC0&page=24&pagesize=10#qA2F1F4,https://oge.fipi.ru/bank/questions.php?proj=DE0E276E497AB3784C3FC4CC20248DC0&page=24#qA2F1F4,verified_local_archive
20,A5ABF3,25,https://oge.fipi.ru/bank/questions.php?proj=DE0E276E497AB3784C3FC4CC20248DC0&page=25&pagesize=10#qA5ABF3,https://oge.fipi.ru/bank/questions.php?proj=DE0E276E497AB3784C3FC4CC20248DC0&page=25#qA5ABF3,verified_local_archive
20,CDC8F5,26,https://oge.fipi.ru/bank/questions.php?proj=DE0E276E497AB3784C3FC4CC20248DC0&page=26&pagesize=10#qCDC8F5,https://oge.fipi.ru/bank/questions.php?proj=DE0E276E497AB3784C3FC4CC20248DC0&page=26#qCDC8F5,verified_local_archive
20,6FF9F5,28,https://oge.fipi.ru/bank/questions.php?proj=DE0E276E497AB3784C3FC4CC20248DC0&page=28&pagesize=10#q6FF9F5,https://oge.fipi.ru/bank/questions.php?proj=DE0E276E497AB3784C3FC4CC20248DC0&page=28#q6FF9F5,verified_local_archive
20,678BFE,29,https://oge.fipi.ru/bank/questions.php?proj=DE0E276E497AB3784C3FC4CC20248DC0&page=29&pagesize=10#q678BFE,https://oge.fipi.ru/bank/questions.php?proj=DE0E276E497AB3784C3FC4CC20248DC0&page=29#q678BFE,verified_local_archive
20,C7CC09,39,https://oge.fipi.ru/bank/questions.php?proj=DE0E276E497AB3784C3FC4CC20248DC0&page=39&pagesize=10#qC7CC09,https://oge.fipi.ru/bank/questions.php?proj=DE0E276E497AB3784C3FC4CC20248DC0&page=39#qC7CC09,verified_local_archive
20,7DD37C,47,https://oge.fipi.ru/bank/questions.php?proj=DE0E276E497AB3784C3FC4CC20248DC0&page=47&pagesize=10#q7DD37C,https://oge.fipi.ru/bank/questions.php?proj=DE0E276E497AB3784C3FC4CC20248DC0&page=47#q7DD37C,verified_local_archive
20,E31F7D,55,https://oge.fipi.ru/bank/questions.php?proj=DE0E276E497AB3784C3FC4CC20248DC0&page=55&pagesize=10#qE31F7D,https://oge.fipi.ru/bank/questions.php?proj=DE0E276E497AB3784C3FC4CC20248DC0&page=55#qE31F7D,verified_local_archive
20,8CC574,58,https://oge.fipi.ru/bank/questions.php?proj=DE0E276E497AB3784C3FC4CC20248DC0&page=58&pagesize=10#q8CC574,https://oge.fipi.ru/bank/questions.php?proj=DE0E276E497AB3784C3FC4CC20248DC0&page=58#q8CC574,verified_local_archive
20,F05EB9,61,https://oge.fipi.ru/bank/questions.php?proj=DE0E276E497AB3784C3FC4CC20248DC0&page=61&pagesize=10#qF05EB9,https://oge.fipi.ru/bank/questions.php?proj=DE0E276E497AB3784C3FC4CC20248DC0&page=61#qF05EB9,verified_local_archive
20,6F56B0,71,https://oge.fipi.ru/bank/questions.php?proj=DE0E276E497AB3784C3FC4CC20248DC0&page=71&pagesize=10#q6F56B0,https://oge.fipi.ru/bank/questions.php?proj=DE0E276E497AB3784C3FC4CC20248DC0&page=71#q6F56B0,verified_local_archive
20,04A113,75,https://oge.fipi.ru/bank/questions.php?proj=DE0E276E497AB3784C3FC4CC20248DC0&page=75&pagesize=10#q04A113,https://oge.fipi.ru/bank/questions.php?proj=DE0E276E497AB3784C3FC4CC20248DC0&page=75#q04A113,verified_local_archive
20,6CE616,87,https://oge.fipi.ru/bank/questions.php?proj=DE0E276E497AB3784C3FC4CC20248DC0&page=87&pagesize=10#q6CE616,https://oge.fipi.ru/bank/questions.php?proj=DE0E276E497AB3784C3FC4CC20248DC0&page=87#q6CE616,verified_local_archive
20,0B532B,92,https://oge.fipi.ru/bank/questions.php?proj=DE0E276E497AB3784C3FC4CC20248DC0&page=92&pagesize=10#q0B532B,https://oge.fipi.ru/bank/questions.php?proj=DE0E276E497AB3784C3FC4CC20248DC0&page=92#q0B532B,verified_local_archive
20,0B612B,92,https://oge.fipi.ru/bank/questions.php?proj=DE0E276E497AB3784C3FC4CC20248DC0&page=92&pagesize=10#q0B612B,https://oge.fipi.ru/bank/questions.php?proj=DE0E276E497AB3784C3FC4CC20248DC0&page=92#q0B612B,verified_local_archive
20,736422,93,https://oge.fipi.ru/bank/questions.php?proj=DE0E276E497AB3784C3FC4CC20248DC0&page=93&pagesize=10#q736422,https://oge.fipi.ru/bank/questions.php?proj=DE0E276E497AB3784C3FC4CC20248DC0&page=93#q736422,verified_local_archive
20,C03D26,101,https://oge.fipi.ru/bank/questions.php?proj=DE0E276E497AB3784C3FC4CC20248DC0&page=101&pagesize=10#qC03D26,https://oge.fipi.ru/bank/questions.php?proj=DE0E276E497AB3784C3FC4CC20248DC0&page=101#qC03D26,verified_local_archive
20,61CB27,103,https://oge.fipi.ru/bank/questions.php?proj=DE0E276E497AB3784C3FC4CC20248DC0&page=103&pagesize=10#q61CB27,https://oge.fipi.ru/bank/questions.php?proj=DE0E276E497AB3784C3FC4CC20248DC0&page=103#q61CB27,verified_local_archive
20,F9C4D8,107,https://oge.fipi.ru/bank/questions.php?proj=DE0E276E497AB3784C3FC4CC20248DC0&page=107&pagesize=10#qF9C4D8,https://oge.fipi.ru/bank/questions.php?proj=DE0E276E497AB3784C3FC4CC20248DC0&page=107#qF9C4D8,verified_local_archive
20,05B7D9,107,https://oge.fipi.ru/bank/questions.php?proj=DE0E276E497AB3784C3FC4CC20248DC0&page=107&pagesize=10#q05B7D9,https://oge.fipi.ru/bank/questions.php?proj=DE0E276E497AB3784C3FC4CC20248DC0&page=107#q05B7D9,verified_local_archive
20,7B31DA,108,https://oge.fipi.ru/bank/questions.php?proj=DE0E276E497AB3784C3FC4CC20248DC0&page=108&pagesize=10#q7B31DA,https://oge.fipi.ru/bank/questions.php?proj=DE0E276E497AB3784C3FC4CC20248DC0&page=108#q7B31DA,verified_local_archive
20,B59AD9,109,https://oge.fipi.ru/bank/questions.php?proj=DE0E276E497AB3784C3FC4CC20248DC0&page=109&pagesize=10#qB59AD9,https://oge.fipi.ru/bank/questions.php?proj=DE0E276E497AB3784C3FC4CC20248DC0&page=109#qB59AD9,verified_local_archive
20,110FD7,109,https://oge.fipi.ru/bank/questions.php?proj=DE0E276E497AB3784C3FC4CC20248DC0&page=109&pagesize=10#q110FD7,https://oge.fipi.ru/bank/questions.php?proj=DE0E276E497AB3784C3FC4CC20248DC0&page=109#q110FD7,verified_local_archive
20,A510D6,114,https://oge.fipi.ru/bank/questions.php?proj=DE0E276E497AB3784C3FC4CC20248DC0&page=114&pagesize=10#qA510D6,https://oge.fipi.ru/bank/questions.php?proj=DE0E276E497AB3784C3FC4CC20248DC0&page=114#qA510D6,verified_local_archive
20,8E13D9,118,https://oge.fipi.ru/bank/questions.php?proj=DE0E276E497AB3784C3FC4CC20248DC0&page=118&pagesize=10#q8E13D9,https://oge.fipi.ru/bank/questions.php?proj=DE0E276E497AB3784C3FC4CC20248DC0&page=118#q8E13D9,verified_local_archive
20,78A058,122,https://oge.fipi.ru/bank/questions.php?proj=DE0E276E497AB3784C3FC4CC20248DC0&page=122&pagesize=10#q78A058,https://oge.fipi.ru/bank/questions.php?proj=DE0E276E497AB3784C3FC4CC20248DC0&page=122#q78A058,verified_local_archive
20,BCC653,123,https://oge.fipi.ru/bank/questions.php?proj=DE0E276E497AB3784C3FC4CC20248DC0&page=123&pagesize=10#qBCC653,https://oge.fipi.ru/bank/questions.php?proj=DE0E276E497AB3784C3FC4CC20248DC0&page=123#qBCC653,verified_local_archive
20,AF5155,127,https://oge.fipi.ru/bank/questions.php?proj=DE0E276E497AB3784C3FC4CC20248DC0&page=127&pagesize=10#qAF5155,https://oge.fipi.ru/bank/questions.php?proj=DE0E276E497AB3784C3FC4CC20248DC0&page=127#qAF5155,verified_local_archive
20,6E7950,130,https://oge.fipi.ru/bank/questions.php?proj=DE0E276E497AB3784C3FC4CC20248DC0&page=130&pagesize=10#q6E7950,https://oge.fipi.ru/bank/questions.php?proj=DE0E276E497AB3784C3FC4CC20248DC0&page=130#q6E7950,verified_local_archive
20,679557,130,https://oge.fipi.ru/bank/questions.php?proj=DE0E276E497AB3784C3FC4CC20248DC0&page=130&pagesize=10#q679557,https://oge.fipi.ru/bank/questions.php?proj=DE0E276E497AB3784C3FC4CC20248DC0&page=130#q679557,verified_local_archive
20,80E8AF,145,https://oge.fipi.ru/bank/questions.php?proj=DE0E276E497AB3784C3FC4CC20248DC0&page=145&pagesize=10#q80E8AF,https://oge.fipi.ru/bank/questions.php?proj=DE0E276E497AB3784C3FC4CC20248DC0&page=145#q80E8AF,verified_local_archive
20,0982C0,148,https://oge.fipi.ru/bank/questions.php?proj=DE0E276E497AB3784C3FC4CC20248DC0&page=148&pagesize=10#q0982C0,https://oge.fipi.ru/bank/questions.php?proj=DE0E276E497AB3784C3FC4CC20248DC0&page=148#q0982C0,verified_local_archive
20,35E1C0,158,https://oge.fipi.ru/bank/questions.php?proj=DE0E276E497AB3784C3FC4CC20248DC0&page=158&pagesize=10#q35E1C0,https://oge.fipi.ru/bank/questions.php?proj=DE0E276E497AB3784C3FC4CC20248DC0&page=158#q35E1C0,verified_local_archive
20,B62A96,164,https://oge.fipi.ru/bank/questions.php?proj=DE0E276E497AB3784C3FC4CC20248DC0&page=164&pagesize=10#qB62A96,https://oge.fipi.ru/bank/questions.php?proj=DE0E276E497AB3784C3FC4CC20248DC0&page=164#qB62A96,verified_local_archive
20,D9F592,166,https://oge.fipi.ru/bank/questions.php?proj=DE0E276E497AB3784C3FC4CC20248DC0&page=166&pagesize=10#qD9F592,https://oge.fipi.ru/bank/questions.php?proj=DE0E276E497AB3784C3FC4CC20248DC0&page=166#qD9F592,verified_local_archive
20,614C93,172,https://oge.fipi.ru/bank/questions.php?proj=DE0E276E497AB3784C3FC4CC20248DC0&page=172&pagesize=10#q614C93,https://oge.fipi.ru/bank/questions.php?proj=DE0E276E497AB3784C3FC4CC20248DC0&page=172#q614C93,verified_local_archive
20,0DB1E0,176,https://oge.fipi.ru/bank/questions.php?proj=DE0E276E497AB3784C3FC4CC20248DC0&page=176&pagesize=10#q0DB1E0,https://oge.fipi.ru/bank/questions.php?proj=DE0E276E497AB3784C3FC4CC20248DC0&page=176#q0DB1E0,verified_local_archive
20,AD29E3,182,https://oge.fipi.ru/bank/questions.php?proj=DE0E276E497AB3784C3FC4CC20248DC0&page=182&pagesize=10#qAD29E3,https://oge.fipi.ru/bank/questions.php?proj=DE0E276E497AB3784C3FC4CC20248DC0&page=182#qAD29E3,verified_local_archive
20,9329E9,184,https://oge.fipi.ru/bank/questions.php?proj=DE0E276E497AB3784C3FC4CC20248DC0&page=184&pagesize=10#q9329E9,https://oge.fipi.ru/bank/questions.php?proj=DE0E276E497AB3784C3FC4CC20248DC0&page=184#q9329E9,verified_local_archive
20,E5C8E9,185,https://oge.fipi.ru/bank/questions.php?proj=DE0E276E497AB3784C3FC4CC20248DC0&page=185&pagesize=10#qE5C8E9,https://oge.fipi.ru/bank/questions.php?proj=DE0E276E497AB3784C3FC4CC20248DC0&page=185#qE5C8E9,verified_local_archive
20,06106A,190,https://oge.fipi.ru/bank/questions.php?proj=DE0E276E497AB3784C3FC4CC20248DC0&page=190&pagesize=10#q06106A,https://oge.fipi.ru/bank/questions.php?proj=DE0E276E497AB3784C3FC4CC20248DC0&page=190#q06106A,verified_local_archive
20,728662,191,https://oge.fipi.ru/bank/questions.php?proj=DE0E276E497AB3784C3FC4CC20248DC0&page=191&pagesize=10#q728662,https://oge.fipi.ru/bank/questions.php?proj=DE0E276E497AB3784C3FC4CC20248DC0&page=191#q728662,verified_local_archive
20,999165,198,https://oge.fipi.ru/bank/questions.php?proj=DE0E276E497AB3784C3FC4CC20248DC0&page=198&pagesize=10#q999165,https://oge.fipi.ru/bank/questions.php?proj=DE0E276E497AB3784C3FC4CC20248DC0&page=198#q999165,verified_local_archive
20,83EB65,202,https://oge.fipi.ru/bank/questions.php?proj=DE0E276E497AB3784C3FC4CC20248DC0&page=202&pagesize=10#q83EB65,https://oge.fipi.ru/bank/questions.php?proj=DE0E276E497AB3784C3FC4CC20248DC0&page=202#q83EB65,verified_local_archive
20,225137,208,https://oge.fipi.ru/bank/questions.php?proj=DE0E276E497AB3784C3FC4CC20248DC0&page=208&pagesize=10#q225137,https://oge.fipi.ru/bank/questions.php?proj=DE0E276E497AB3784C3FC4CC20248DC0&page=208#q225137,verified_local_archive
20,C7733C,212,https://oge.fipi.ru/bank/questions.php?proj=DE0E276E497AB3784C3FC4CC20248DC0&page=212&pagesize=10#qC7733C,https://oge.fipi.ru/bank/questions.php?proj=DE0E276E497AB3784C3FC4CC20248DC0&page=212#qC7733C,verified_local_archive
20,E7C13F,213,https://oge.fipi.ru/bank/questions.php?proj=DE0E276E497AB3784C3FC4CC20248DC0&page=213&pagesize=10#qE7C13F,https://oge.fipi.ru/bank/questions.php?proj=DE0E276E497AB3784C3FC4CC20248DC0&page=213#qE7C13F,verified_local_archive
20,E18C35,214,https://oge.fipi.ru/bank/questions.php?proj=DE0E276E497AB3784C3FC4CC20248DC0&page=214&pagesize=10#qE18C35,https://oge.fipi.ru/bank/questions.php?proj=DE0E276E497AB3784C3FC4CC20248DC0&page=214#qE18C35,verified_local_archive
20,88833C,216,https://oge.fipi.ru/bank/questions.php?proj=DE0E276E497AB3784C3FC4CC20248DC0&page=216&pagesize=10#q88833C,https://oge.fipi.ru/bank/questions.php?proj=DE0E276E497AB3784C3FC4CC20248DC0&page=216#q88833C,verified_local_archive
20,805539,216,https://oge.fipi.ru/bank/questions.php?proj=DE0E276E497AB3784C3FC4CC20248DC0&page=216&pagesize=10#q805539,https://oge.fipi.ru/bank/questions.php?proj=DE0E276E497AB3784C3FC4CC20248DC0&page=216#q805539,verified_local_archive
20,111583,221,https://oge.fipi.ru/bank/questions.php?proj=DE0E276E497AB3784C3FC4CC20248DC0&page=221&pagesize=10#q111583,https://oge.fipi.ru/bank/questions.php?proj=DE0E276E497AB3784C3FC4CC20248DC0&page=221#q111583,verified_local_archive
20,2FEB86,222,https://oge.fipi.ru/bank/questions.php?proj=DE0E276E497AB3784C3FC4CC20248DC0&page=222&pagesize=10#q2FEB86,https://oge.fipi.ru/bank/questions.php?proj=DE0E276E497AB3784C3FC4CC20248DC0&page=222#q2FEB86,verified_local_archive
20,248786,222,https://oge.fipi.ru/bank/questions.php?proj=DE0E276E497AB3784C3FC4CC20248DC0&page=222&pagesize=10#q248786,https://oge.fipi.ru/bank/questions.php?proj=DE0E276E497AB3784C3FC4CC20248DC0&page=222#q248786,verified_local_archive
20,D0878B,222,https://oge.fipi.ru/bank/questions.php?proj=DE0E276E497AB3784C3FC4CC20248DC0&page=222&pagesize=10#qD0878B,https://oge.fipi.ru/bank/questions.php?proj=DE0E276E497AB3784C3FC4CC20248DC0&page=222#qD0878B,verified_local_archive
20,878188,230,https://oge.fipi.ru/bank/questions.php?proj=DE0E276E497AB3784C3FC4CC20248DC0&page=230&pagesize=10#q878188,https://oge.fipi.ru/bank/questions.php?proj=DE0E276E497AB3784C3FC4CC20248DC0&page=230#q878188,verified_local_archive
20,4AF24D,231,https://oge.fipi.ru/bank/questions.php?proj=DE0E276E497AB3784C3FC4CC20248DC0&page=231&pagesize=10#q4AF24D,https://oge.fipi.ru/bank/questions.php?proj=DE0E276E497AB3784C3FC4CC20248DC0&page=231#q4AF24D,verified_local_archive
20,478148,231,https://oge.fipi.ru/bank/questions.php?proj=DE0E276E497AB3784C3FC4CC20248DC0&page=231&pagesize=10#q478148,https://oge.fipi.ru/bank/questions.php?proj=DE0E276E497AB3784C3FC4CC20248DC0&page=231#q478148,verified_local_archive
20,C0EC49,234,https://oge.fipi.ru/bank/questions.php?proj=DE0E276E497AB3784C3FC4CC20248DC0&page=234&pagesize=10#qC0EC49,https://oge.fipi.ru/bank/questions.php?proj=DE0E276E497AB3784C3FC4CC20248DC0&page=234#qC0EC49,verified_local_archive
20,C62D48,235,https://oge.fipi.ru/bank/questions.php?proj=DE0E276E497AB3784C3FC4CC20248DC0&page=235&pagesize=10#qC62D48,https://oge.fipi.ru/bank/questions.php?proj=DE0E276E497AB3784C3FC4CC20248DC0&page=235#qC62D48,verified_local_archive
20,3D7F40,236,https://oge.fipi.ru/bank/questions.php?proj=DE0E276E497AB3784C3FC4CC20248DC0&page=236&pagesize=10#q3D7F40,https://oge.fipi.ru/bank/questions.php?proj=DE0E276E497AB3784C3FC4CC20248DC0&page=236#q3D7F40,verified_local_archive
20,8FB942,236,https://oge.fipi.ru/bank/questions.php?proj=DE0E276E497AB3784C3FC4CC20248DC0&page=236&pagesize=10#q8FB942,https://oge.fipi.ru/bank/questions.php?proj=DE0E276E497AB3784C3FC4CC20248DC0&page=236#q8FB942,verified_local_archive
20,8AA84C,236,https://oge.fipi.ru/bank/questions.php?proj=DE0E276E497AB3784C3FC4CC20248DC0&page=236&pagesize=10#q8AA84C,https://oge.fipi.ru/bank/questions.php?proj=DE0E276E497AB3784C3FC4CC20248DC0&page=236#q8AA84C,verified_local_archive
20,4BCAFD,237,https://oge.fipi.ru/bank/questions.php?proj=DE0E276E497AB3784C3FC4CC20248DC0&page=237&pagesize=10#q4BCAFD,https://oge.fipi.ru/bank/questions.php?proj=DE0E276E497AB3784C3FC4CC20248DC0&page=237#q4BCAFD,verified_local_archive
20,4F75FE,237,https://oge.fipi.ru/bank/questions.php?proj=DE0E276E497AB3784C3FC4CC20248DC0&page=237&pagesize=10#q4F75FE,https://oge.fipi.ru/bank/questions.php?proj=DE0E276E497AB3784C3FC4CC20248DC0&page=237#q4F75FE,verified_local_archive
20,FCC5F4,237,https://oge.fipi.ru/bank/questions.php?proj=DE0E276E497AB3784C3FC4CC20248DC0&page=237&pagesize=10#qFCC5F4,https://oge.fipi.ru/bank/questions.php?proj=DE0E276E497AB3784C3FC4CC20248DC0&page=237#qFCC5F4,verified_local_archive
20,7CB2F7,238,https://oge.fipi.ru/bank/questions.php?proj=DE0E276E497AB3784C3FC4CC20248DC0&page=238&pagesize=10#q7CB2F7,https://oge.fipi.ru/bank/questions.php?proj=DE0E276E497AB3784C3FC4CC20248DC0&page=238#q7CB2F7,verified_local_archive
20,202FFC,239,https://oge.fipi.ru/bank/questions.php?proj=DE0E276E497AB3784C3FC4CC20248DC0&page=239&pagesize=10#q202FFC,https://oge.fipi.ru/bank/questions.php?proj=DE0E276E497AB3784C3FC4CC20248DC0&page=239#q202FFC,verified_local_archive
20,D2F0FF,239,https://oge.fipi.ru/bank/questions.php?proj=DE0E276E497AB3784C3FC4CC20248DC0&page=239&pagesize=10#qD2F0FF,https://oge.fipi.ru/bank/questions.php?proj=DE0E276E497AB3784C3FC4CC20248DC0&page=239#qD2F0FF,verified_local_archive
20,DA9FF9,239,https://oge.fipi.ru/bank/questions.php?proj=DE0E276E497AB3784C3FC4CC20248DC0&page=239&pagesize=10#qDA9FF9,https://oge.fipi.ru/bank/questions.php?proj=DE0E276E497AB3784C3FC4CC20248DC0&page=239#qDA9FF9,verified_local_archive
20,5A9DFE,240,https://oge.fipi.ru/bank/questions.php?proj=DE0E276E497AB3784C3FC4CC20248DC0&page=240&pagesize=10#q5A9DFE,https://oge.fipi.ru/bank/questions.php?proj=DE0E276E497AB3784C3FC4CC20248DC0&page=240#q5A9DFE,verified_local_archive
20,52CAF6,240,https://oge.fipi.ru/bank/questions.php?proj=DE0E276E497AB3784C3FC4CC20248DC0&page=240&pagesize=10#q52CAF6,https://oge.fipi.ru/bank/questions.php?proj=DE0E276E497AB3784C3FC4CC20248DC0&page=240#q52CAF6,verified_local_archive
20,CC11F7,240,https://oge.fipi.ru/bank/questions.php?proj=DE0E276E497AB3784C3FC4CC20248DC0&page=240&pagesize=10#qCC11F7,https://oge.fipi.ru/bank/questions.php?proj=DE0E276E497AB3784C3FC4CC20248DC0&page=240#qCC11F7,verified_local_archive
20,9947F1,241,https://oge.fipi.ru/bank/questions.php?proj=DE0E276E497AB3784C3FC4CC20248DC0&page=241&pagesize=10#q9947F1,https://oge.fipi.ru/bank/questions.php?proj=DE0E276E497AB3784C3FC4CC20248DC0&page=241#q9947F1,verified_local_archive
20,E06DFB,241,https://oge.fipi.ru/bank/questions.php?proj=DE0E276E497AB3784C3FC4CC20248DC0&page=241&pagesize=10#qE06DFB,https://oge.fipi.ru/bank/questions.php?proj=DE0E276E497AB3784C3FC4CC20248DC0&page=241#qE06DFB,verified_local_archive
20,3E1CF4,242,https://oge.fipi.ru/bank/questions.php?proj=DE0E276E497AB3784C3FC4CC20248DC0&page=242&pagesize=10#q3E1CF4,https://oge.fipi.ru/bank/questions.php?proj=DE0E276E497AB3784C3FC4CC20248DC0&page=242#q3E1CF4,verified_local_archive
20,3F88F1,242,https://oge.fipi.ru/bank/questions.php?proj=DE0E276E497AB3784C3FC4CC20248DC0&page=242&pagesize=10#q3F88F1,https://oge.fipi.ru/bank/questions.php?proj=DE0E276E497AB3784C3FC4CC20248DC0&page=242#q3F88F1,verified_local_archive
20,8CCFF9,243,https://oge.fipi.ru/bank/questions.php?proj=DE0E276E497AB3784C3FC4CC20248DC0&page=243&pagesize=10#q8CCFF9,https://oge.fipi.ru/bank/questions.php?proj=DE0E276E497AB3784C3FC4CC20248DC0&page=243#q8CCFF9,verified_local_archive
20,06F70C,243,https://oge.fipi.ru/bank/questions.php?proj=DE0E276E497AB3784C3FC4CC20248DC0&page=243&pagesize=10#q06F70C,https://oge.fipi.ru/bank/questions.php?proj=DE0E276E497AB3784C3FC4CC20248DC0&page=243#q06F70C,verified_local_archive
20,272B07,244,https://oge.fipi.ru/bank/questions.php?proj=DE0E276E497AB3784C3FC4CC20248DC0&page=244&pagesize=10#q272B07,https://oge.fipi.ru/bank/questions.php?proj=DE0E276E497AB3784C3FC4CC20248DC0&page=244#q272B07,verified_local_archive
20,2AC60B,245,https://oge.fipi.ru/bank/questions.php?proj=DE0E276E497AB3784C3FC4CC20248DC0&page=245&pagesize=10#q2AC60B,https://oge.fipi.ru/bank/questions.php?proj=DE0E276E497AB3784C3FC4CC20248DC0&page=245#q2AC60B,verified_local_archive
20,253706,245,https://oge.fipi.ru/bank/questions.php?proj=DE0E276E497AB3784C3FC4CC20248DC0&page=245&pagesize=10#q253706,https://oge.fipi.ru/bank/questions.php?proj=DE0E276E497AB3784C3FC4CC20248DC0&page=245#q253706,verified_local_archive
20,D6770A,245,https://oge.fipi.ru/bank/questions.php?proj=DE0E276E497AB3784C3FC4CC20248DC0&page=245&pagesize=10#qD6770A,https://oge.fipi.ru/bank/questions.php?proj=DE0E276E497AB3784C3FC4CC20248DC0&page=245#qD6770A,verified_local_archive
20,C7B10B,246,https://oge.fipi.ru/bank/questions.php?proj=DE0E276E497AB3784C3FC4CC20248DC0&page=246&pagesize=10#qC7B10B,https://oge.fipi.ru/bank/questions.php?proj=DE0E276E497AB3784C3FC4CC20248DC0&page=246#qC7B10B,verified_local_archive
20,91510C,246,https://oge.fipi.ru/bank/questions.php?proj=DE0E276E497AB3784C3FC4CC20248DC0&page=246&pagesize=10#q91510C,https://oge.fipi.ru/bank/questions.php?proj=DE0E276E497AB3784C3FC4CC20248DC0&page=246#q91510C,verified_local_archive
20,41D970,248,https://oge.fipi.ru/bank/questions.php?proj=DE0E276E497AB3784C3FC4CC20248DC0&page=248&pagesize=10#q41D970,https://oge.fipi.ru/bank/questions.php?proj=DE0E276E497AB3784C3FC4CC20248DC0&page=248#q41D970,verified_local_archive
20,417E79,248,https://oge.fipi.ru/bank/questions.php?proj=DE0E276E497AB3784C3FC4CC20248DC0&page=248&pagesize=10#q417E79,https://oge.fipi.ru/bank/questions.php?proj=DE0E276E497AB3784C3FC4CC20248DC0&page=248#q417E79,verified_local_archive
20,B86D7F,249,https://oge.fipi.ru/bank/questions.php?proj=DE0E276E497AB3784C3FC4CC20248DC0&page=249&pagesize=10#qB86D7F,https://oge.fipi.ru/bank/questions.php?proj=DE0E276E497AB3784C3FC4CC20248DC0&page=249#qB86D7F,verified_local_archive
20,11667F,250,https://oge.fipi.ru/bank/questions.php?proj=DE0E276E497AB3784C3FC4CC20248DC0&page=250&pagesize=10#q11667F,https://oge.fipi.ru/bank/questions.php?proj=DE0E276E497AB3784C3FC4CC20248DC0&page=250#q11667F,verified_local_archive
20,105F79,250,https://oge.fipi.ru/bank/questions.php?proj=DE0E276E497AB3784C3FC4CC20248DC0&page=250&pagesize=10#q105F79,https://oge.fipi.ru/bank/questions.php?proj=DE0E276E497AB3784C3FC4CC20248DC0&page=250#q105F79,verified_local_archive
20,27B07D,250,https://oge.fipi.ru/bank/questions.php?proj=DE0E276E497AB3784C3FC4CC20248DC0&page=250&pagesize=10#q27B07D,https://oge.fipi.ru/bank/questions.php?proj=DE0E276E497AB3784C3FC4CC20248DC0&page=250#q27B07D,verified_local_archive
20,517272,251,https://oge.fipi.ru/bank/questions.php?proj=DE0E276E497AB3784C3FC4CC20248DC0&page=251&pagesize=10#q517272,https://oge.fipi.ru/bank/questions.php?proj=DE0E276E497AB3784C3FC4CC20248DC0&page=251#q517272,verified_local_archive
20,5AAE7A,251,https://oge.fipi.ru/bank/questions.php?proj=DE0E276E497AB3784C3FC4CC20248DC0&page=251&pagesize=10#q5AAE7A,https://oge.fipi.ru/bank/questions.php?proj=DE0E276E497AB3784C3FC4CC20248DC0&page=251#q5AAE7A,verified_local_archive
20,541E78,252,https://oge.fipi.ru/bank/questions.php?proj=DE0E276E497AB3784C3FC4CC20248DC0&page=252&pagesize=10#q541E78,https://oge.fipi.ru/bank/questions.php?proj=DE0E276E497AB3784C3FC4CC20248DC0&page=252#q541E78,verified_local_archive
20,C73C78,252,https://oge.fipi.ru/bank/questions.php?proj=DE0E276E497AB3784C3FC4CC20248DC0&page=252&pagesize=10#qC73C78,https://oge.fipi.ru/bank/questions.php?proj=DE0E276E497AB3784C3FC4CC20248DC0&page=252#qC73C78,verified_local_archive
20,FD43BD,254,https://oge.fipi.ru/bank/questions.php?proj=DE0E276E497AB3784C3FC4CC20248DC0&page=254&pagesize=10#qFD43BD,https://oge.fipi.ru/bank/questions.php?proj=DE0E276E497AB3784C3FC4CC20248DC0&page=254#qFD43BD,verified_local_archive
20,7A30BC,255,https://oge.fipi.ru/bank/questions.php?proj=DE0E276E497AB3784C3FC4CC20248DC0&page=255&pagesize=10#q7A30BC,https://oge.fipi.ru/bank/questions.php?proj=DE0E276E497AB3784C3FC4CC20248DC0&page=255#q7A30BC,verified_local_archive
20,1FD0B1,256,https://oge.fipi.ru/bank/questions.php?proj=DE0E276E497AB3784C3FC4CC20248DC0&page=256&pagesize=10#q1FD0B1,https://oge.fipi.ru/bank/questions.php?proj=DE0E276E497AB3784C3FC4CC20248DC0&page=256#q1FD0B1,verified_local_archive
20,A69BB1,257,https://oge.fipi.ru/bank/questions.php?proj=DE0E276E497AB3784C3FC4CC20248DC0&page=257&pagesize=10#qA69BB1,https://oge.fipi.ru/bank/questions.php?proj=DE0E276E497AB3784C3FC4CC20248DC0&page=257#qA69BB1,verified_local_archive
20,EC6ABC,258,https://oge.fipi.ru/bank/questions.php?proj=DE0E276E497AB3784C3FC4CC20248DC0&page=258&pagesize=10#qEC6ABC,https://oge.fipi.ru/bank/questions.php?proj=DE0E276E497AB3784C3FC4CC20248DC0&page=258#qEC6ABC,verified_local_archive
20,E5E7B8,258,https://oge.fipi.ru/bank/questions.php?proj=DE0E276E497AB3784C3FC4CC20248DC0&page=258&pagesize=10#qE5E7B8,https://oge.fipi.ru/bank/questions.php?proj=DE0E276E497AB3784C3FC4CC20248DC0&page=258#qE5E7B8,verified_local_archive
20,6BB1B0,258,https://oge.fipi.ru/bank/questions.php?proj=DE0E276E497AB3784C3FC4CC20248DC0&page=258&pagesize=10#q6BB1B0,https://oge.fipi.ru/bank/questions.php?proj=DE0E276E497AB3784C3FC4CC20248DC0&page=258#q6BB1B0,verified_local_archive
20,4CA219,259,https://oge.fipi.ru/bank/questions.php?proj=DE0E276E497AB3784C3FC4CC20248DC0&page=259&pagesize=10#q4CA219,https://oge.fipi.ru/bank/questions.php?proj=DE0E276E497AB3784C3FC4CC20248DC0&page=259#q4CA219,verified_local_archive
20,F0A811,260,https://oge.fipi.ru/bank/questions.php?proj=DE0E276E497AB3784C3FC4CC20248DC0&page=260&pagesize=10#qF0A811,https://oge.fipi.ru/bank/questions.php?proj=DE0E276E497AB3784C3FC4CC20248DC0&page=260#qF0A811,verified_local_archive
20,758215,261,https://oge.fipi.ru/bank/questions.php?proj=DE0E276E497AB3784C3FC4CC20248DC0&page=261&pagesize=10#q758215,https://oge.fipi.ru/bank/questions.php?proj=DE0E276E497AB3784C3FC4CC20248DC0&page=261#q758215,verified_local_archive
20,B3F219,261,https://oge.fipi.ru/bank/questions.php?proj=DE0E276E497AB3784C3FC4CC20248DC0&page=261&pagesize=10#qB3F219,https://oge.fipi.ru/bank/questions.php?proj=DE0E276E497AB3784C3FC4CC20248DC0&page=261#qB3F219,verified_local_archive
20,116114,262,https://oge.fipi.ru/bank/questions.php?proj=DE0E276E497AB3784C3FC4CC20248DC0&page=262&pagesize=10#q116114,https://oge.fipi.ru/bank/questions.php?proj=DE0E276E497AB3784C3FC4CC20248DC0&page=262#q116114,verified_local_archive
20,11EC1E,262,https://oge.fipi.ru/bank/questions.php?proj=DE0E276E497AB3784C3FC4CC20248DC0&page=262&pagesize=10#q11EC1E,https://oge.fipi.ru/bank/questions.php?proj=DE0E276E497AB3784C3FC4CC20248DC0&page=262#q11EC1E,verified_local_archive
20,DA1518,263,https://oge.fipi.ru/bank/questions.php?proj=DE0E276E497AB3784C3FC4CC20248DC0&page=263&pagesize=10#qDA1518,https://oge.fipi.ru/bank/questions.php?proj=DE0E276E497AB3784C3FC4CC20248DC0&page=263#qDA1518,verified_local_archive
20,C63018,264,https://oge.fipi.ru/bank/questions.php?proj=DE0E276E497AB3784C3FC4CC20248DC0&page=264&pagesize=10#qC63018,https://oge.fipi.ru/bank/questions.php?proj=DE0E276E497AB3784C3FC4CC20248DC0&page=264#qC63018,verified_local_archive
20,681B15,264,https://oge.fipi.ru/bank/questions.php?proj=DE0E276E497AB3784C3FC4CC20248DC0&page=264&pagesize=10#q681B15,https://oge.fipi.ru/bank/questions.php?proj=DE0E276E497AB3784C3FC4CC20248DC0&page=264#q681B15,verified_local_archive
20,8B4010,265,https://oge.fipi.ru/bank/questions.php?proj=DE0E276E497AB3784C3FC4CC20248DC0&page=265&pagesize=10#q8B4010,https://oge.fipi.ru/bank/questions.php?proj=DE0E276E497AB3784C3FC4CC20248DC0&page=265#q8B4010,verified_local_archive
20,F0912F,265,https://oge.fipi.ru/bank/questions.php?proj=DE0E276E497AB3784C3FC4CC20248DC0&page=265&pagesize=10#qF0912F,https://oge.fipi.ru/bank/questions.php?proj=DE0E276E497AB3784C3FC4CC20248DC0&page=265#qF0912F,verified_local_archive
20,193429,268,https://oge.fipi.ru/bank/questions.php?proj=DE0E276E497AB3784C3FC4CC20248DC0&page=268&pagesize=10#q193429,https://oge.fipi.ru/bank/questions.php?proj=DE0E276E497AB3784C3FC4CC20248DC0&page=268#q193429,verified_local_archive
20,D6B729,268,https://oge.fipi.ru/bank/questions.php?proj=DE0E276E497AB3784C3FC4CC20248DC0&page=268&pagesize=10#qD6B729,https://oge.fipi.ru/bank/questions.php?proj=DE0E276E497AB3784C3FC4CC20248DC0&page=268#qD6B729,verified_local_archive
20,571126,269,https://oge.fipi.ru/bank/questions.php?proj=DE0E276E497AB3784C3FC4CC20248DC0&page=269&pagesize=10#q571126,https://oge.fipi.ru/bank/questions.php?proj=DE0E276E497AB3784C3FC4CC20248DC0&page=269#q571126,verified_local_archive
20,AF0F2A,269,https://oge.fipi.ru/bank/questions.php?proj=DE0E276E497AB3784C3FC4CC20248DC0&page=269&pagesize=10#qAF0F2A,https://oge.fipi.ru/bank/questions.php?proj=DE0E276E497AB3784C3FC4CC20248DC0&page=269#qAF0F2A,verified_local_archive
20,AF5B2C,269,https://oge.fipi.ru/bank/questions.php?proj=DE0E276E497AB3784C3FC4CC20248DC0&page=269&pagesize=10#qAF5B2C,https://oge.fipi.ru/bank/questions.php?proj=DE0E276E497AB3784C3FC4CC20248DC0&page=269#qAF5B2C,verified_local_archive
20,984D22,270,https://oge.fipi.ru/bank/questions.php?proj=DE0E276E497AB3784C3FC4CC20248DC0&page=270&pagesize=10#q984D22,https://oge.fipi.ru/bank/questions.php?proj=DE0E276E497AB3784C3FC4CC20248DC0&page=270#q984D22,verified_local_archive
20,9C0922,270,https://oge.fipi.ru/bank/questions.php?proj=DE0E276E497AB3784C3FC4CC20248DC0&page=270&pagesize=10#q9C0922,https://oge.fipi.ru/bank/questions.php?proj=DE0E276E497AB3784C3FC4CC20248DC0&page=270#q9C0922,verified_local_archive
20,602723,271,https://oge.fipi.ru/bank/questions.php?proj=DE0E276E497AB3784C3FC4CC20248DC0&page=271&pagesize=10#q602723,https://oge.fipi.ru/bank/questions.php?proj=DE0E276E497AB3784C3FC4CC20248DC0&page=271#q602723,verified_local_archive
20,314727,271,https://oge.fipi.ru/bank/questions.php?proj=DE0E276E497AB3784C3FC4CC20248DC0&page=271&pagesize=10#q314727,https://oge.fipi.ru/bank/questions.php?proj=DE0E276E497AB3784C3FC4CC20248DC0&page=271#q314727,verified_local_archive
20,3AD023,272,https://oge.fipi.ru/bank/questions.php?proj=DE0E276E497AB3784C3FC4CC20248DC0&page=272&pagesize=10#q3AD023,https://oge.fipi.ru/bank/questions.php?proj=DE0E276E497AB3784C3FC4CC20248DC0&page=272#q3AD023,verified_local_archive
20,0260D6,273,https://oge.fipi.ru/bank/questions.php?proj=DE0E276E497AB3784C3FC4CC20248DC0&page=273&pagesize=10#q0260D6,https://oge.fipi.ru/bank/questions.php?proj=DE0E276E497AB3784C3FC4CC20248DC0&page=273#q0260D6,verified_local_archive
20,125CD4,273,https://oge.fipi.ru/bank/questions.php?proj=DE0E276E497AB3784C3FC4CC20248DC0&page=273&pagesize=10#q125CD4,https://oge.fipi.ru/bank/questions.php?proj=DE0E276E497AB3784C3FC4CC20248DC0&page=273#q125CD4,verified_local_archive
20,131EDB,274,https://oge.fipi.ru/bank/questions.php?proj=DE0E276E497AB3784C3FC4CC20248DC0&page=274&pagesize=10#q131EDB,https://oge.fipi.ru/bank/questions.php?proj=DE0E276E497AB3784C3FC4CC20248DC0&page=274#q131EDB,verified_local_archive
20,190CD6,274,https://oge.fipi.ru/bank/questions.php?proj=DE0E276E497AB3784C3FC4CC20248DC0&page=274&pagesize=10#q190CD6,https://oge.fipi.ru/bank/questions.php?proj=DE0E276E497AB3784C3FC4CC20248DC0&page=274#q190CD6,verified_local_archive
20,817AD0,276,https://oge.fipi.ru/bank/questions.php?proj=DE0E276E497AB3784C3FC4CC20248DC0&page=276&pagesize=10#q817AD0,https://oge.fipi.ru/bank/questions.php?proj=DE0E276E497AB3784C3FC4CC20248DC0&page=276#q817AD0,verified_local_archive
20,74F954,278,https://oge.fipi.ru/bank/questions.php?proj=DE0E276E497AB3784C3FC4CC20248DC0&page=278&pagesize=10#q74F954,https://oge.fipi.ru/bank/questions.php?proj=DE0E276E497AB3784C3FC4CC20248DC0&page=278#q74F954,verified_local_archive
20,120B5C,279,https://oge.fipi.ru/bank/questions.php?proj=DE0E276E497AB3784C3FC4CC20248DC0&page=279&pagesize=10#q120B5C,https://oge.fipi.ru/bank/questions.php?proj=DE0E276E497AB3784C3FC4CC20248DC0&page=279#q120B5C,verified_local_archive
20,290154,279,https://oge.fipi.ru/bank/questions.php?proj=DE0E276E497AB3784C3FC4CC20248DC0&page=279&pagesize=10#q290154,https://oge.fipi.ru/bank/questions.php?proj=DE0E276E497AB3784C3FC4CC20248DC0&page=279#q290154,verified_local_archive
20,C8CB59,281,https://oge.fipi.ru/bank/questions.php?proj=DE0E276E497AB3784C3FC4CC20248DC0&page=281&pagesize=10#qC8CB59,https://oge.fipi.ru/bank/questions.php?proj=DE0E276E497AB3784C3FC4CC20248DC0&page=281#qC8CB59,verified_local_archive
20,E18558,282,https://oge.fipi.ru/bank/questions.php?proj=DE0E276E497AB3784C3FC4CC20248DC0&page=282&pagesize=10#qE18558,https://oge.fipi.ru/bank/questions.php?proj=DE0E276E497AB3784C3FC4CC20248DC0&page=282#qE18558,verified_local_archive
20,F821AB,283,https://oge.fipi.ru/bank/questions.php?proj=DE0E276E497AB3784C3FC4CC20248DC0&page=283&pagesize=10#qF821AB,https://oge.fipi.ru/bank/questions.php?proj=DE0E276E497AB3784C3FC4CC20248DC0&page=283#qF821AB,verified_local_archive
20,1BBDA9,284,https://oge.fipi.ru/bank/questions.php?proj=DE0E276E497AB3784C3FC4CC20248DC0&page=284&pagesize=10#q1BBDA9,https://oge.fipi.ru/bank/questions.php?proj=DE0E276E497AB3784C3FC4CC20248DC0&page=284#q1BBDA9,verified_local_archive
20,1A8DA9,284,https://oge.fipi.ru/bank/questions.php?proj=DE0E276E497AB3784C3FC4CC20248DC0&page=284&pagesize=10#q1A8DA9,https://oge.fipi.ru/bank/questions.php?proj=DE0E276E497AB3784C3FC4CC20248DC0&page=284#q1A8DA9,verified_local_archive
20,D0D6A3,285,https://oge.fipi.ru/bank/questions.php?proj=DE0E276E497AB3784C3FC4CC20248DC0&page=285&pagesize=10#qD0D6A3,https://oge.fipi.ru/bank/questions.php?proj=DE0E276E497AB3784C3FC4CC20248DC0&page=285#qD0D6A3,verified_local_archive
20,8E6FA9,288,https://oge.fipi.ru/bank/questions.php?proj=DE0E276E497AB3784C3FC4CC20248DC0&page=288&pagesize=10#q8E6FA9,https://oge.fipi.ru/bank/questions.php?proj=DE0E276E497AB3784C3FC4CC20248DC0&page=288#q8E6FA9,verified_local_archive
20,424AC9,288,https://oge.fipi.ru/bank/questions.php?proj=DE0E276E497AB3784C3FC4CC20248DC0&page=288&pagesize=10#q424AC9,https://oge.fipi.ru/bank/questions.php?proj=DE0E276E497AB3784C3FC4CC20248DC0&page=288#q424AC9,verified_local_archive
20,7033CA,289,https://oge.fipi.ru/bank/questions.php?proj=DE0E276E497AB3784C3FC4CC20248DC0&page=289&pagesize=10#q7033CA,https://oge.fipi.ru/bank/questions.php?proj=DE0E276E497AB3784C3FC4CC20248DC0&page=289#q7033CA,verified_local_archive
20,5EA9CF,291,https://oge.fipi.ru/bank/questions.php?proj=DE0E276E497AB3784C3FC4CC20248DC0&page=291&pagesize=10#q5EA9CF,https://oge.fipi.ru/bank/questions.php?proj=DE0E276E497AB3784C3FC4CC20248DC0&page=291#q5EA9CF,verified_local_archive
20,9102C8,293,https://oge.fipi.ru/bank/questions.php?proj=DE0E276E497AB3784C3FC4CC20248DC0&page=293&pagesize=10#q9102C8,https://oge.fipi.ru/bank/questions.php?proj=DE0E276E497AB3784C3FC4CC20248DC0&page=293#q9102C8,verified_local_archive
20,3CCDCA,294,https://oge.fipi.ru/bank/questions.php?proj=DE0E276E497AB3784C3FC4CC20248DC0&page=294&pagesize=10#q3CCDCA,https://oge.fipi.ru/bank/questions.php?proj=DE0E276E497AB3784C3FC4CC20248DC0&page=294#q3CCDCA,verified_local_archive
20,8941C2,294,https://oge.fipi.ru/bank/questions.php?proj=DE0E276E497AB3784C3FC4CC20248DC0&page=294&pagesize=10#q8941C2,https://oge.fipi.ru/bank/questions.php?proj=DE0E276E497AB3784C3FC4CC20248DC0&page=294#q8941C2,verified_local_archive
20,4FB09D,294,https://oge.fipi.ru/bank/questions.php?proj=DE0E276E497AB3784C3FC4CC20248DC0&page=294&pagesize=10#q4FB09D,https://oge.fipi.ru/bank/questions.php?proj=DE0E276E497AB3784C3FC4CC20248DC0&page=294#q4FB09D,verified_local_archive
20,176E9F,296,https://oge.fipi.ru/bank/questions.php?proj=DE0E276E497AB3784C3FC4CC20248DC0&page=296&pagesize=10#q176E9F,https://oge.fipi.ru/bank/questions.php?proj=DE0E276E497AB3784C3FC4CC20248DC0&page=296#q176E9F,verified_local_archive
20,D24A93,297,https://oge.fipi.ru/bank/questions.php?proj=DE0E276E497AB3784C3FC4CC20248DC0&page=297&pagesize=10#qD24A93,https://oge.fipi.ru/bank/questions.php?proj=DE0E276E497AB3784C3FC4CC20248DC0&page=297#qD24A93,verified_local_archive
20,536E9B,298,https://oge.fipi.ru/bank/questions.php?proj=DE0E276E497AB3784C3FC4CC20248DC0&page=298&pagesize=10#q536E9B,https://oge.fipi.ru/bank/questions.php?proj=DE0E276E497AB3784C3FC4CC20248DC0&page=298#q536E9B,verified_local_archive
20,50AC99,298,https://oge.fipi.ru/bank/questions.php?proj=DE0E276E497AB3784C3FC4CC20248DC0&page=298&pagesize=10#q50AC99,https://oge.fipi.ru/bank/questions.php?proj=DE0E276E497AB3784C3FC4CC20248DC0&page=298#q50AC99,verified_local_archive
20,C0319F,299,https://oge.fipi.ru/bank/questions.php?proj=DE0E276E497AB3784C3FC4CC20248DC0&page=299&pagesize=10#qC0319F,https://oge.fipi.ru/bank/questions.php?proj=DE0E276E497AB3784C3FC4CC20248DC0&page=299#qC0319F,verified_local_archive
20,94AF92,300,https://oge.fipi.ru/bank/questions.php?proj=DE0E276E497AB3784C3FC4CC20248DC0&page=300&pagesize=10#q94AF92,https://oge.fipi.ru/bank/questions.php?proj=DE0E276E497AB3784C3FC4CC20248DC0&page=300#q94AF92,verified_local_archive
20,97D599,300,https://oge.fipi.ru/bank/questions.php?proj=DE0E276E497AB3784C3FC4CC20248DC0&page=300&pagesize=10#q97D599,https://oge.fipi.ru/bank/questions.php?proj=DE0E276E497AB3784C3FC4CC20248DC0&page=300#q97D599,verified_local_archive
20,8DED97,301,https://oge.fipi.ru/bank/questions.php?proj=DE0E276E497AB3784C3FC4CC20248DC0&page=301&pagesize=10#q8DED97,https://oge.fipi.ru/bank/questions.php?proj=DE0E276E497AB3784C3FC4CC20248DC0&page=301#q8DED97,verified_local_archive
20,F38DEF,301,https://oge.fipi.ru/bank/questions.php?proj=DE0E276E497AB3784C3FC4CC20248DC0&page=301&pagesize=10#qF38DEF,https://oge.fipi.ru/bank/questions.php?proj=DE0E276E497AB3784C3FC4CC20248DC0&page=301#qF38DEF,verified_local_archive
20,F4C4E0,301,https://oge.fipi.ru/bank/questions.php?proj=DE0E276E497AB3784C3FC4CC20248DC0&page=301&pagesize=10#qF4C4E0,https://oge.fipi.ru/bank/questions.php?proj=DE0E276E497AB3784C3FC4CC20248DC0&page=301#qF4C4E0,verified_local_archive
20,BA23E9,302,https://oge.fipi.ru/bank/questions.php?proj=DE0E276E497AB3784C3FC4CC20248DC0&page=302&pagesize=10#qBA23E9,https://oge.fipi.ru/bank/questions.php?proj=DE0E276E497AB3784C3FC4CC20248DC0&page=302#qBA23E9,verified_local_archive
20,2E0EEA,303,https://oge.fipi.ru/bank/questions.php?proj=DE0E276E497AB3784C3FC4CC20248DC0&page=303&pagesize=10#q2E0EEA,https://oge.fipi.ru/bank/questions.php?proj=DE0E276E497AB3784C3FC4CC20248DC0&page=303#q2E0EEA,verified_local_archive
20,546FEF,304,https://oge.fipi.ru/bank/questions.php?proj=DE0E276E497AB3784C3FC4CC20248DC0&page=304&pagesize=10#q546FEF,https://oge.fipi.ru/bank/questions.php?proj=DE0E276E497AB3784C3FC4CC20248DC0&page=304#q546FEF,verified_local_archive
20,5DDDE2,304,https://oge.fipi.ru/bank/questions.php?proj=DE0E276E497AB3784C3FC4CC20248DC0&page=304&pagesize=10#q5DDDE2,https://oge.fipi.ru/bank/questions.php?proj=DE0E276E497AB3784C3FC4CC20248DC0&page=304#q5DDDE2,verified_local_archive
20,C1DBE5,304,https://oge.fipi.ru/bank/questions.php?proj=DE0E276E497AB3784C3FC4CC20248DC0&page=304&pagesize=10#qC1DBE5,https://oge.fipi.ru/bank/questions.php?proj=DE0E276E497AB3784C3FC4CC20248DC0&page=304#qC1DBE5,verified_local_archive
20,6CEBED,305,https://oge.fipi.ru/bank/questions.php?proj=DE0E276E497AB3784C3FC4CC20248DC0&page=305&pagesize=10#q6CEBED,https://oge.fipi.ru/bank/questions.php?proj=DE0E276E497AB3784C3FC4CC20248DC0&page=305#q6CEBED,verified_local_archive
20,61F9E5,305,https://oge.fipi.ru/bank/questions.php?proj=DE0E276E497AB3784C3FC4CC20248DC0&page=305&pagesize=10#q61F9E5,https://oge.fipi.ru/bank/questions.php?proj=DE0E276E497AB3784C3FC4CC20248DC0&page=305#q61F9E5,verified_local_archive
20,605EEE,306,https://oge.fipi.ru/bank/questions.php?proj=DE0E276E497AB3784C3FC4CC20248DC0&page=306&pagesize=10#q605EEE,https://oge.fipi.ru/bank/questions.php?proj=DE0E276E497AB3784C3FC4CC20248DC0&page=306#q605EEE,verified_local_archive
20,344BE0,306,https://oge.fipi.ru/bank/questions.php?proj=DE0E276E497AB3784C3FC4CC20248DC0&page=306&pagesize=10#q344BE0,https://oge.fipi.ru/bank/questions.php?proj=DE0E276E497AB3784C3FC4CC20248DC0&page=306#q344BE0,verified_local_archive
20,4DCE6B,307,https://oge.fipi.ru/bank/questions.php?proj=DE0E276E497AB3784C3FC4CC20248DC0&page=307&pagesize=10#q4DCE6B,https://oge.fipi.ru/bank/questions.php?proj=DE0E276E497AB3784C3FC4CC20248DC0&page=307#q4DCE6B,verified_local_archive
20,750F66,308,https://oge.fipi.ru/bank/questions.php?proj=DE0E276E497AB3784C3FC4CC20248DC0&page=308&pagesize=10#q750F66,https://oge.fipi.ru/bank/questions.php?proj=DE0E276E497AB3784C3FC4CC20248DC0&page=308#q750F66,verified_local_archive
20,727066,308,https://oge.fipi.ru/bank/questions.php?proj=DE0E276E497AB3784C3FC4CC20248DC0&page=308&pagesize=10#q727066,https://oge.fipi.ru/bank/questions.php?proj=DE0E276E497AB3784C3FC4CC20248DC0&page=308#q727066,verified_local_archive
20,B5C26E,309,https://oge.fipi.ru/bank/questions.php?proj=DE0E276E497AB3784C3FC4CC20248DC0&page=309&pagesize=10#qB5C26E,https://oge.fipi.ru/bank/questions.php?proj=DE0E276E497AB3784C3FC4CC20248DC0&page=309#qB5C26E,verified_local_archive
20,27B06C,309,https://oge.fipi.ru/bank/questions.php?proj=DE0E276E497AB3784C3FC4CC20248DC0&page=309&pagesize=10#q27B06C,https://oge.fipi.ru/bank/questions.php?proj=DE0E276E497AB3784C3FC4CC20248DC0&page=309#q27B06C,verified_local_archive
20,A06C64,310,https://oge.fipi.ru/bank/questions.php?proj=DE0E276E497AB3784C3FC4CC20248DC0&page=310&pagesize=10#qA06C64,https://oge.fipi.ru/bank/questions.php?proj=DE0E276E497AB3784C3FC4CC20248DC0&page=310#qA06C64,verified_local_archive
20,3CA76F,312,https://oge.fipi.ru/bank/questions.php?proj=DE0E276E497AB3784C3FC4CC20248DC0&page=312&pagesize=10#q3CA76F,https://oge.fipi.ru/bank/questions.php?proj=DE0E276E497AB3784C3FC4CC20248DC0&page=312#q3CA76F,verified_local_archive
20,801B6A,312,https://oge.fipi.ru/bank/questions.php?proj=DE0E276E497AB3784C3FC4CC20248DC0&page=312&pagesize=10#q801B6A,https://oge.fipi.ru/bank/questions.php?proj=DE0E276E497AB3784C3FC4CC20248DC0&page=312#q801B6A,verified_local_archive
20,484B3D,313,https://oge.fipi.ru/bank/questions.php?proj=DE0E276E497AB3784C3FC4CC20248DC0&page=313&pagesize=10#q484B3D,https://oge.fipi.ru/bank/questions.php?proj=DE0E276E497AB3784C3FC4CC20248DC0&page=313#q484B3D,verified_local_archive
20,F66235,314,https://oge.fipi.ru/bank/questions.php?proj=DE0E276E497AB3784C3FC4CC20248DC0&page=314&pagesize=10#qF66235,https://oge.fipi.ru/bank/questions.php?proj=DE0E276E497AB3784C3FC4CC20248DC0&page=314#qF66235,verified_local_archive
20,F2373A,314,https://oge.fipi.ru/bank/questions.php?proj=DE0E276E497AB3784C3FC4CC20248DC0&page=314&pagesize=10#qF2373A,https://oge.fipi.ru/bank/questions.php?proj=DE0E276E497AB3784C3FC4CC20248DC0&page=314#qF2373A,verified_local_archive
20,735E34,314,https://oge.fipi.ru/bank/questions.php?proj=DE0E276E497AB3784C3FC4CC20248DC0&page=314&pagesize=10#q735E34,https://oge.fipi.ru/bank/questions.php?proj=DE0E276E497AB3784C3FC4CC20248DC0&page=314#q735E34,verified_local_archive
20,154A3F,315,https://oge.fipi.ru/bank/questions.php?proj=DE0E276E497AB3784C3FC4CC20248DC0&page=315&pagesize=10#q154A3F,https://oge.fipi.ru/bank/questions.php?proj=DE0E276E497AB3784C3FC4CC20248DC0&page=315#q154A3F,verified_local_archive
20,149938,315,https://oge.fipi.ru/bank/questions.php?proj=DE0E276E497AB3784C3FC4CC20248DC0&page=315&pagesize=10#q149938,https://oge.fipi.ru/bank/questions.php?proj=DE0E276E497AB3784C3FC4CC20248DC0&page=315#q149938,verified_local_archive
20,A60833,316,https://oge.fipi.ru/bank/questions.php?proj=DE0E276E497AB3784C3FC4CC20248DC0&page=316&pagesize=10#qA60833,https://oge.fipi.ru/bank/questions.php?proj=DE0E276E497AB3784C3FC4CC20248DC0&page=316#qA60833,verified_local_archive
20,C7A037,316,https://oge.fipi.ru/bank/questions.php?proj=DE0E276E497AB3784C3FC4CC20248DC0&page=316&pagesize=10#qC7A037,https://oge.fipi.ru/bank/questions.php?proj=DE0E276E497AB3784C3FC4CC20248DC0&page=316#qC7A037,verified_local_archive
20,EDFB3F,317,https://oge.fipi.ru/bank/questions.php?proj=DE0E276E497AB3784C3FC4CC20248DC0&page=317&pagesize=10#qEDFB3F,https://oge.fipi.ru/bank/questions.php?proj=DE0E276E497AB3784C3FC4CC20248DC0&page=317#qEDFB3F,verified_local_archive
20,35AF32,318,https://oge.fipi.ru/bank/questions.php?proj=DE0E276E497AB3784C3FC4CC20248DC0&page=318&pagesize=10#q35AF32,https://oge.fipi.ru/bank/questions.php?proj=DE0E276E497AB3784C3FC4CC20248DC0&page=318#q35AF32,verified_local_archive
20,35233A,318,https://oge.fipi.ru/bank/questions.php?proj=DE0E276E497AB3784C3FC4CC20248DC0&page=318&pagesize=10#q35233A,https://oge.fipi.ru/bank/questions.php?proj=DE0E276E497AB3784C3FC4CC20248DC0&page=318#q35233A,verified_local_archive
20,4BBE8B,319,https://oge.fipi.ru/bank/questions.php?proj=DE0E276E497AB3784C3FC4CC20248DC0&page=319&pagesize=10#q4BBE8B,https://oge.fipi.ru/bank/questions.php?proj=DE0E276E497AB3784C3FC4CC20248DC0&page=319#q4BBE8B,verified_local_archive
20,FA4684,319,https://oge.fipi.ru/bank/questions.php?proj=DE0E276E497AB3784C3FC4CC20248DC0&page=319&pagesize=10#qFA4684,https://oge.fipi.ru/bank/questions.php?proj=DE0E276E497AB3784C3FC4CC20248DC0&page=319#qFA4684,verified_local_archive
20,F64A87,319,https://oge.fipi.ru/bank/questions.php?proj=DE0E276E497AB3784C3FC4CC20248DC0&page=319&pagesize=10#qF64A87,https://oge.fipi.ru/bank/questions.php?proj=DE0E276E497AB3784C3FC4CC20248DC0&page=319#qF64A87,verified_local_archive
20,0DC884,320,https://oge.fipi.ru/bank/questions.php?proj=DE0E276E497AB3784C3FC4CC20248DC0&page=320&pagesize=10#q0DC884,https://oge.fipi.ru/bank/questions.php?proj=DE0E276E497AB3784C3FC4CC20248DC0&page=320#q0DC884,verified_local_archive
20,2E988B,321,https://oge.fipi.ru/bank/questions.php?proj=DE0E276E497AB3784C3FC4CC20248DC0&page=321&pagesize=10#q2E988B,https://oge.fipi.ru/bank/questions.php?proj=DE0E276E497AB3784C3FC4CC20248DC0&page=321#q2E988B,verified_local_archive
20,29978C,321,https://oge.fipi.ru/bank/questions.php?proj=DE0E276E497AB3784C3FC4CC20248DC0&page=321&pagesize=10#q29978C,https://oge.fipi.ru/bank/questions.php?proj=DE0E276E497AB3784C3FC4CC20248DC0&page=321#q29978C,verified_local_archive
20,2D3686,321,https://oge.fipi.ru/bank/questions.php?proj=DE0E276E497AB3784C3FC4CC20248DC0&page=321&pagesize=10#q2D3686,https://oge.fipi.ru/bank/questions.php?proj=DE0E276E497AB3784C3FC4CC20248DC0&page=321#q2D3686,verified_local_archive
20,DC6888,322,https://oge.fipi.ru/bank/questions.php?proj=DE0E276E497AB3784C3FC4CC20248DC0&page=322&pagesize=10#qDC6888,https://oge.fipi.ru/bank/questions.php?proj=DE0E276E497AB3784C3FC4CC20248DC0&page=322#qDC6888,verified_local_archive
20,5D3C80,322,https://oge.fipi.ru/bank/questions.php?proj=DE0E276E497AB3784C3FC4CC20248DC0&page=322&pagesize=10#q5D3C80,https://oge.fipi.ru/bank/questions.php?proj=DE0E276E497AB3784C3FC4CC20248DC0&page=322#q5D3C80,verified_local_archive
20,C96480,323,https://oge.fipi.ru/bank/questions.php?proj=DE0E276E497AB3784C3FC4CC20248DC0&page=323&pagesize=10#qC96480,https://oge.fipi.ru/bank/questions.php?proj=DE0E276E497AB3784C3FC4CC20248DC0&page=323#qC96480,verified_local_archive
20,98D489,323,https://oge.fipi.ru/bank/questions.php?proj=DE0E276E497AB3784C3FC4CC20248DC0&page=323&pagesize=10#q98D489,https://oge.fipi.ru/bank/questions.php?proj=DE0E276E497AB3784C3FC4CC20248DC0&page=323#q98D489,verified_local_archive
20,93098E,323,https://oge.fipi.ru/bank/questions.php?proj=DE0E276E497AB3784C3FC4CC20248DC0&page=323&pagesize=10#q93098E,https://oge.fipi.ru/bank/questions.php?proj=DE0E276E497AB3784C3FC4CC20248DC0&page=323#q93098E,verified_local_archive
20,E5318F,324,https://oge.fipi.ru/bank/questions.php?proj=DE0E276E497AB3784C3FC4CC20248DC0&page=324&pagesize=10#qE5318F,https://oge.fipi.ru/bank/questions.php?proj=DE0E276E497AB3784C3FC4CC20248DC0&page=324#qE5318F,verified_local_archive
21,40EE48,0,https://oge.fipi.ru/bank/questions.php?proj=DE0E276E497AB3784C3FC4CC20248DC0&page=0&pagesize=10#q40EE48,https://oge.fipi.ru/bank/questions.php?proj=DE0E276E497AB3784C3FC4CC20248DC0&page=0#q40EE48,verified_local_archive
21,A09B46,8,https://oge.fipi.ru/bank/questions.php?proj=DE0E276E497AB3784C3FC4CC20248DC0&page=8&pagesize=10#qA09B46,https://oge.fipi.ru/bank/questions.php?proj=DE0E276E497AB3784C3FC4CC20248DC0&page=8#qA09B46,verified_local_archive
21,CB584C,9,https://oge.fipi.ru/bank/questions.php?proj=DE0E276E497AB3784C3FC4CC20248DC0&page=9&pagesize=10#qCB584C,https://oge.fipi.ru/bank/questions.php?proj=DE0E276E497AB3784C3FC4CC20248DC0&page=9#qCB584C,verified_local_archive
21,9B8840,10,https://oge.fipi.ru/bank/questions.php?proj=DE0E276E497AB3784C3FC4CC20248DC0&page=10&pagesize=10#q9B8840,https://oge.fipi.ru/bank/questions.php?proj=DE0E276E497AB3784C3FC4CC20248DC0&page=10#q9B8840,verified_local_archive
21,7DCBF1,19,https://oge.fipi.ru/bank/questions.php?proj=DE0E276E497AB3784C3FC4CC20248DC0&page=19&pagesize=10#q7DCBF1,https://oge.fipi.ru/bank/questions.php?proj=DE0E276E497AB3784C3FC4CC20248DC0&page=19#q7DCBF1,verified_local_archive
21,BF03FD,20,https://oge.fipi.ru/bank/questions.php?proj=DE0E276E497AB3784C3FC4CC20248DC0&page=20&pagesize=10#qBF03FD,https://oge.fipi.ru/bank/questions.php?proj=DE0E276E497AB3784C3FC4CC20248DC0&page=20#qBF03FD,verified_local_archive
21,28EEF7,21,https://oge.fipi.ru/bank/questions.php?proj=DE0E276E497AB3784C3FC4CC20248DC0&page=21&pagesize=10#q28EEF7,https://oge.fipi.ru/bank/questions.php?proj=DE0E276E497AB3784C3FC4CC20248DC0&page=21#q28EEF7,verified_local_archive
21,ADA209,38,https://oge.fipi.ru/bank/questions.php?proj=DE0E276E497AB3784C3FC4CC20248DC0&page=38&pagesize=10#qADA209,https://oge.fipi.ru/bank/questions.php?proj=DE0E276E497AB3784C3FC4CC20248DC0&page=38#qADA209,verified_local_archive
21,68C109,41,https://oge.fipi.ru/bank/questions.php?proj=DE0E276E497AB3784C3FC4CC20248DC0&page=41&pagesize=10#q68C109,https://oge.fipi.ru/bank/questions.php?proj=DE0E276E497AB3784C3FC4CC20248DC0&page=41#q68C109,verified_local_archive
21,3FBD07,42,https://oge.fipi.ru/bank/questions.php?proj=DE0E276E497AB3784C3FC4CC20248DC0&page=42&pagesize=10#q3FBD07,https://oge.fipi.ru/bank/questions.php?proj=DE0E276E497AB3784C3FC4CC20248DC0&page=42#q3FBD07,verified_local_archive
21,320605,42,https://oge.fipi.ru/bank/questions.php?proj=DE0E276E497AB3784C3FC4CC20248DC0&page=42&pagesize=10#q320605,https://oge.fipi.ru/bank/questions.php?proj=DE0E276E497AB3784C3FC4CC20248DC0&page=42#q320605,verified_local_archive
21,44CB75,44,https://oge.fipi.ru/bank/questions.php?proj=DE0E276E497AB3784C3FC4CC20248DC0&page=44&pagesize=10#q44CB75,https://oge.fipi.ru/bank/questions.php?proj=DE0E276E497AB3784C3FC4CC20248DC0&page=44#q44CB75,verified_local_archive
21,787778,47,https://oge.fipi.ru/bank/questions.php?proj=DE0E276E497AB3784C3FC4CC20248DC0&page=47&pagesize=10#q787778,https://oge.fipi.ru/bank/questions.php?proj=DE0E276E497AB3784C3FC4CC20248DC0&page=47#q787778,verified_local_archive
21,AE6B73,53,https://oge.fipi.ru/bank/questions.php?proj=DE0E276E497AB3784C3FC4CC20248DC0&page=53&pagesize=10#qAE6B73,https://oge.fipi.ru/bank/questions.php?proj=DE0E276E497AB3784C3FC4CC20248DC0&page=53#qAE6B73,verified_local_archive
21,BC75B3,63,https://oge.fipi.ru/bank/questions.php?proj=DE0E276E497AB3784C3FC4CC20248DC0&page=63&pagesize=10#qBC75B3,https://oge.fipi.ru/bank/questions.php?proj=DE0E276E497AB3784C3FC4CC20248DC0&page=63#qBC75B3,verified_local_archive
21,2F4CBB,65,https://oge.fipi.ru/bank/questions.php?proj=DE0E276E497AB3784C3FC4CC20248DC0&page=65&pagesize=10#q2F4CBB,https://oge.fipi.ru/bank/questions.php?proj=DE0E276E497AB3784C3FC4CC20248DC0&page=65#q2F4CBB,verified_local_archive
21,A82BBF,68,https://oge.fipi.ru/bank/questions.php?proj=DE0E276E497AB3784C3FC4CC20248DC0&page=68&pagesize=10#qA82BBF,https://oge.fipi.ru/bank/questions.php?proj=DE0E276E497AB3784C3FC4CC20248DC0&page=68#qA82BBF,verified_local_archive
21,C0DFBD,69,https://oge.fipi.ru/bank/questions.php?proj=DE0E276E497AB3784C3FC4CC20248DC0&page=69&pagesize=10#qC0DFBD,https://oge.fipi.ru/bank/questions.php?proj=DE0E276E497AB3784C3FC4CC20248DC0&page=69#qC0DFBD,verified_local_archive
21,E0621D,85,https://oge.fipi.ru/bank/questions.php?proj=DE0E276E497AB3784C3FC4CC20248DC0&page=85&pagesize=10#qE0621D,https://oge.fipi.ru/bank/questions.php?proj=DE0E276E497AB3784C3FC4CC20248DC0&page=85#qE0621D,verified_local_archive
21,3D0814,87,https://oge.fipi.ru/bank/questions.php?proj=DE0E276E497AB3784C3FC4CC20248DC0&page=87&pagesize=10#q3D0814,https://oge.fipi.ru/bank/questions.php?proj=DE0E276E497AB3784C3FC4CC20248DC0&page=87#q3D0814,verified_local_archive
21,F0B92B,91,https://oge.fipi.ru/bank/questions.php?proj=DE0E276E497AB3784C3FC4CC20248DC0&page=91&pagesize=10#qF0B92B,https://oge.fipi.ru/bank/questions.php?proj=DE0E276E497AB3784C3FC4CC20248DC0&page=91#qF0B92B,verified_local_archive
21,D36026,98,https://oge.fipi.ru/bank/questions.php?proj=DE0E276E497AB3784C3FC4CC20248DC0&page=98&pagesize=10#qD36026,https://oge.fipi.ru/bank/questions.php?proj=DE0E276E497AB3784C3FC4CC20248DC0&page=98#qD36026,verified_local_archive
21,522929,99,https://oge.fipi.ru/bank/questions.php?proj=DE0E276E497AB3784C3FC4CC20248DC0&page=99&pagesize=10#q522929,https://oge.fipi.ru/bank/questions.php?proj=DE0E276E497AB3784C3FC4CC20248DC0&page=99#q522929,verified_local_archive
21,548E29,99,https://oge.fipi.ru/bank/questions.php?proj=DE0E276E497AB3784C3FC4CC20248DC0&page=99&pagesize=10#q548E29,https://oge.fipi.ru/bank/questions.php?proj=DE0E276E497AB3784C3FC4CC20248DC0&page=99#q548E29,verified_local_archive
21,C6F82A,100,https://oge.fipi.ru/bank/questions.php?proj=DE0E276E497AB3784C3FC4CC20248DC0&page=100&pagesize=10#qC6F82A,https://oge.fipi.ru/bank/questions.php?proj=DE0E276E497AB3784C3FC4CC20248DC0&page=100#qC6F82A,verified_local_archive
21,60E027,103,https://oge.fipi.ru/bank/questions.php?proj=DE0E276E497AB3784C3FC4CC20248DC0&page=103&pagesize=10#q60E027,https://oge.fipi.ru/bank/questions.php?proj=DE0E276E497AB3784C3FC4CC20248DC0&page=103#q60E027,verified_local_archive
21,8FBFD8,118,https://oge.fipi.ru/bank/questions.php?proj=DE0E276E497AB3784C3FC4CC20248DC0&page=118&pagesize=10#q8FBFD8,https://oge.fipi.ru/bank/questions.php?proj=DE0E276E497AB3784C3FC4CC20248DC0&page=118#q8FBFD8,verified_local_archive
21,0C2857,120,https://oge.fipi.ru/bank/questions.php?proj=DE0E276E497AB3784C3FC4CC20248DC0&page=120&pagesize=10#q0C2857,https://oge.fipi.ru/bank/questions.php?proj=DE0E276E497AB3784C3FC4CC20248DC0&page=120#q0C2857,verified_local_archive
21,C9AB5E,128,https://oge.fipi.ru/bank/questions.php?proj=DE0E276E497AB3784C3FC4CC20248DC0&page=128&pagesize=10#qC9AB5E,https://oge.fipi.ru/bank/questions.php?proj=DE0E276E497AB3784C3FC4CC20248DC0&page=128#qC9AB5E,verified_local_archive
21,62EA5C,131,https://oge.fipi.ru/bank/questions.php?proj=DE0E276E497AB3784C3FC4CC20248DC0&page=131&pagesize=10#q62EA5C,https://oge.fipi.ru/bank/questions.php?proj=DE0E276E497AB3784C3FC4CC20248DC0&page=131#q62EA5C,verified_local_archive
21,C0F6AD,141,https://oge.fipi.ru/bank/questions.php?proj=DE0E276E497AB3784C3FC4CC20248DC0&page=141&pagesize=10#qC0F6AD,https://oge.fipi.ru/bank/questions.php?proj=DE0E276E497AB3784C3FC4CC20248DC0&page=141#qC0F6AD,verified_local_archive
21,CEBFAE,141,https://oge.fipi.ru/bank/questions.php?proj=DE0E276E497AB3784C3FC4CC20248DC0&page=141&pagesize=10#qCEBFAE,https://oge.fipi.ru/bank/questions.php?proj=DE0E276E497AB3784C3FC4CC20248DC0&page=141#qCEBFAE,verified_local_archive
21,0578C0,148,https://oge.fipi.ru/bank/questions.php?proj=DE0E276E497AB3784C3FC4CC20248DC0&page=148&pagesize=10#q0578C0,https://oge.fipi.ru/bank/questions.php?proj=DE0E276E497AB3784C3FC4CC20248DC0&page=148#q0578C0,verified_local_archive
21,BF34C1,150,https://oge.fipi.ru/bank/questions.php?proj=DE0E276E497AB3784C3FC4CC20248DC0&page=150&pagesize=10#qBF34C1,https://oge.fipi.ru/bank/questions.php?proj=DE0E276E497AB3784C3FC4CC20248DC0&page=150#qBF34C1,verified_local_archive
21,DD3FCE,153,https://oge.fipi.ru/bank/questions.php?proj=DE0E276E497AB3784C3FC4CC20248DC0&page=153&pagesize=10#qDD3FCE,https://oge.fipi.ru/bank/questions.php?proj=DE0E276E497AB3784C3FC4CC20248DC0&page=153#qDD3FCE,verified_local_archive
21,3006CF,158,https://oge.fipi.ru/bank/questions.php?proj=DE0E276E497AB3784C3FC4CC20248DC0&page=158&pagesize=10#q3006CF,https://oge.fipi.ru/bank/questions.php?proj=DE0E276E497AB3784C3FC4CC20248DC0&page=158#q3006CF,verified_local_archive
21,DF5EEA,180,https://oge.fipi.ru/bank/questions.php?proj=DE0E276E497AB3784C3FC4CC20248DC0&page=180&pagesize=10#qDF5EEA,https://oge.fipi.ru/bank/questions.php?proj=DE0E276E497AB3784C3FC4CC20248DC0&page=180#qDF5EEA,verified_local_archive
21,DF20EC,180,https://oge.fipi.ru/bank/questions.php?proj=DE0E276E497AB3784C3FC4CC20248DC0&page=180&pagesize=10#qDF20EC,https://oge.fipi.ru/bank/questions.php?proj=DE0E276E497AB3784C3FC4CC20248DC0&page=180#qDF20EC,verified_local_archive
21,CE0EEF,182,https://oge.fipi.ru/bank/questions.php?proj=DE0E276E497AB3784C3FC4CC20248DC0&page=182&pagesize=10#qCE0EEF,https://oge.fipi.ru/bank/questions.php?proj=DE0E276E497AB3784C3FC4CC20248DC0&page=182#qCE0EEF,verified_local_archive
21,5B8968,196,https://oge.fipi.ru/bank/questions.php?proj=DE0E276E497AB3784C3FC4CC20248DC0&page=196&pagesize=10#q5B8968,https://oge.fipi.ru/bank/questions.php?proj=DE0E276E497AB3784C3FC4CC20248DC0&page=196#q5B8968,verified_local_archive
21,920267,198,https://oge.fipi.ru/bank/questions.php?proj=DE0E276E497AB3784C3FC4CC20248DC0&page=198&pagesize=10#q920267,https://oge.fipi.ru/bank/questions.php?proj=DE0E276E497AB3784C3FC4CC20248DC0&page=198#q920267,verified_local_archive
21,629F6E,201,https://oge.fipi.ru/bank/questions.php?proj=DE0E276E497AB3784C3FC4CC20248DC0&page=201&pagesize=10#q629F6E,https://oge.fipi.ru/bank/questions.php?proj=DE0E276E497AB3784C3FC4CC20248DC0&page=201#q629F6E,verified_local_archive
21,4EC63B,203,https://oge.fipi.ru/bank/questions.php?proj=DE0E276E497AB3784C3FC4CC20248DC0&page=203&pagesize=10#q4EC63B,https://oge.fipi.ru/bank/questions.php?proj=DE0E276E497AB3784C3FC4CC20248DC0&page=203#q4EC63B,verified_local_archive
21,4C963D,203,https://oge.fipi.ru/bank/questions.php?proj=DE0E276E497AB3784C3FC4CC20248DC0&page=203&pagesize=10#q4C963D,https://oge.fipi.ru/bank/questions.php?proj=DE0E276E497AB3784C3FC4CC20248DC0&page=203#q4C963D,verified_local_archive
21,9C3531,212,https://oge.fipi.ru/bank/questions.php?proj=DE0E276E497AB3784C3FC4CC20248DC0&page=212&pagesize=10#q9C3531,https://oge.fipi.ru/bank/questions.php?proj=DE0E276E497AB3784C3FC4CC20248DC0&page=212#q9C3531,verified_local_archive
21,EAF93C,214,https://oge.fipi.ru/bank/questions.php?proj=DE0E276E497AB3784C3FC4CC20248DC0&page=214&pagesize=10#qEAF93C,https://oge.fipi.ru/bank/questions.php?proj=DE0E276E497AB3784C3FC4CC20248DC0&page=214#qEAF93C,verified_local_archive
21,8E1B38,216,https://oge.fipi.ru/bank/questions.php?proj=DE0E276E497AB3784C3FC4CC20248DC0&page=216&pagesize=10#q8E1B38,https://oge.fipi.ru/bank/questions.php?proj=DE0E276E497AB3784C3FC4CC20248DC0&page=216#q8E1B38,verified_local_archive
21,2A7987,221,https://oge.fipi.ru/bank/questions.php?proj=DE0E276E497AB3784C3FC4CC20248DC0&page=221&pagesize=10#q2A7987,https://oge.fipi.ru/bank/questions.php?proj=DE0E276E497AB3784C3FC4CC20248DC0&page=221#q2A7987,verified_local_archive
21,EF1781,227,https://oge.fipi.ru/bank/questions.php?proj=DE0E276E497AB3784C3FC4CC20248DC0&page=227&pagesize=10#qEF1781,https://oge.fipi.ru/bank/questions.php?proj=DE0E276E497AB3784C3FC4CC20248DC0&page=227#qEF1781,verified_local_archive
21,8A0587,230,https://oge.fipi.ru/bank/questions.php?proj=DE0E276E497AB3784C3FC4CC20248DC0&page=230&pagesize=10#q8A0587,https://oge.fipi.ru/bank/questions.php?proj=DE0E276E497AB3784C3FC4CC20248DC0&page=230#q8A0587,verified_local_archive
21,44A34A,231,https://oge.fipi.ru/bank/questions.php?proj=DE0E276E497AB3784C3FC4CC20248DC0&page=231&pagesize=10#q44A34A,https://oge.fipi.ru/bank/questions.php?proj=DE0E276E497AB3784C3FC4CC20248DC0&page=231#q44A34A,verified_local_archive
21,BA1943,232,https://oge.fipi.ru/bank/questions.php?proj=DE0E276E497AB3784C3FC4CC20248DC0&page=232&pagesize=10#qBA1943,https://oge.fipi.ru/bank/questions.php?proj=DE0E276E497AB3784C3FC4CC20248DC0&page=232#qBA1943,verified_local_archive
21,1CAC40,232,https://oge.fipi.ru/bank/questions.php?proj=DE0E276E497AB3784C3FC4CC20248DC0&page=232&pagesize=10#q1CAC40,https://oge.fipi.ru/bank/questions.php?proj=DE0E276E497AB3784C3FC4CC20248DC0&page=232#q1CAC40,verified_local_archive
21,2AEB4E,233,https://oge.fipi.ru/bank/questions.php?proj=DE0E276E497AB3784C3FC4CC20248DC0&page=233&pagesize=10#q2AEB4E,https://oge.fipi.ru/bank/questions.php?proj=DE0E276E497AB3784C3FC4CC20248DC0&page=233#q2AEB4E,verified_local_archive
21,DE784F,233,https://oge.fipi.ru/bank/questions.php?proj=DE0E276E497AB3784C3FC4CC20248DC0&page=233&pagesize=10#qDE784F,https://oge.fipi.ru/bank/questions.php?proj=DE0E276E497AB3784C3FC4CC20248DC0&page=233#qDE784F,verified_local_archive
21,D7D54B,233,https://oge.fipi.ru/bank/questions.php?proj=DE0E276E497AB3784C3FC4CC20248DC0&page=233&pagesize=10#qD7D54B,https://oge.fipi.ru/bank/questions.php?proj=DE0E276E497AB3784C3FC4CC20248DC0&page=233#qD7D54B,verified_local_archive
21,5F5C4E,234,https://oge.fipi.ru/bank/questions.php?proj=DE0E276E497AB3784C3FC4CC20248DC0&page=234&pagesize=10#q5F5C4E,https://oge.fipi.ru/bank/questions.php?proj=DE0E276E497AB3784C3FC4CC20248DC0&page=234#q5F5C4E,verified_local_archive
21,60CF49,236,https://oge.fipi.ru/bank/questions.php?proj=DE0E276E497AB3784C3FC4CC20248DC0&page=236&pagesize=10#q60CF49,https://oge.fipi.ru/bank/questions.php?proj=DE0E276E497AB3784C3FC4CC20248DC0&page=236#q60CF49,verified_local_archive
21,37F745,236,https://oge.fipi.ru/bank/questions.php?proj=DE0E276E497AB3784C3FC4CC20248DC0&page=236&pagesize=10#q37F745,https://oge.fipi.ru/bank/questions.php?proj=DE0E276E497AB3784C3FC4CC20248DC0&page=236#q37F745,verified_local_archive
21,4AE0FB,237,https://oge.fipi.ru/bank/questions.php?proj=DE0E276E497AB3784C3FC4CC20248DC0&page=237&pagesize=10#q4AE0FB,https://oge.fipi.ru/bank/questions.php?proj=DE0E276E497AB3784C3FC4CC20248DC0&page=237#q4AE0FB,verified_local_archive
21,4CD6F9,237,https://oge.fipi.ru/bank/questions.php?proj=DE0E276E497AB3784C3FC4CC20248DC0&page=237&pagesize=10#q4CD6F9,https://oge.fipi.ru/bank/questions.php?proj=DE0E276E497AB3784C3FC4CC20248DC0&page=237#q4CD6F9,verified_local_archive
21,1D4AF7,238,https://oge.fipi.ru/bank/questions.php?proj=DE0E276E497AB3784C3FC4CC20248DC0&page=238&pagesize=10#q1D4AF7,https://oge.fipi.ru/bank/questions.php?proj=DE0E276E497AB3784C3FC4CC20248DC0&page=238#q1D4AF7,verified_local_archive
21,1A11FD,238,https://oge.fipi.ru/bank/questions.php?proj=DE0E276E497AB3784C3FC4CC20248DC0&page=238&pagesize=10#q1A11FD,https://oge.fipi.ru/bank/questions.php?proj=DE0E276E497AB3784C3FC4CC20248DC0&page=238#q1A11FD,verified_local_archive
21,2509FF,239,https://oge.fipi.ru/bank/questions.php?proj=DE0E276E497AB3784C3FC4CC20248DC0&page=239&pagesize=10#q2509FF,https://oge.fipi.ru/bank/questions.php?proj=DE0E276E497AB3784C3FC4CC20248DC0&page=239#q2509FF,verified_local_archive
21,2C2BF0,239,https://oge.fipi.ru/bank/questions.php?proj=DE0E276E497AB3784C3FC4CC20248DC0&page=239&pagesize=10#q2C2BF0,https://oge.fipi.ru/bank/questions.php?proj=DE0E276E497AB3784C3FC4CC20248DC0&page=239#q2C2BF0,verified_local_archive
21,2C9FFA,239,https://oge.fipi.ru/bank/questions.php?proj=DE0E276E497AB3784C3FC4CC20248DC0&page=239&pagesize=10#q2C9FFA,https://oge.fipi.ru/bank/questions.php?proj=DE0E276E497AB3784C3FC4CC20248DC0&page=239#q2C9FFA,verified_local_archive
21,A777F7,240,https://oge.fipi.ru/bank/questions.php?proj=DE0E276E497AB3784C3FC4CC20248DC0&page=240&pagesize=10#qA777F7,https://oge.fipi.ru/bank/questions.php?proj=DE0E276E497AB3784C3FC4CC20248DC0&page=240#qA777F7,verified_local_archive
21,CF4BF5,240,https://oge.fipi.ru/bank/questions.php?proj=DE0E276E497AB3784C3FC4CC20248DC0&page=240&pagesize=10#qCF4BF5,https://oge.fipi.ru/bank/questions.php?proj=DE0E276E497AB3784C3FC4CC20248DC0&page=240#qCF4BF5,verified_local_archive
21,E9F0F7,241,https://oge.fipi.ru/bank/questions.php?proj=DE0E276E497AB3784C3FC4CC20248DC0&page=241&pagesize=10#qE9F0F7,https://oge.fipi.ru/bank/questions.php?proj=DE0E276E497AB3784C3FC4CC20248DC0&page=241#qE9F0F7,verified_local_archive
21,3149F7,242,https://oge.fipi.ru/bank/questions.php?proj=DE0E276E497AB3784C3FC4CC20248DC0&page=242&pagesize=10#q3149F7,https://oge.fipi.ru/bank/questions.php?proj=DE0E276E497AB3784C3FC4CC20248DC0&page=242#q3149F7,verified_local_archive
21,16250F,244,https://oge.fipi.ru/bank/questions.php?proj=DE0E276E497AB3784C3FC4CC20248DC0&page=244&pagesize=10#q16250F,https://oge.fipi.ru/bank/questions.php?proj=DE0E276E497AB3784C3FC4CC20248DC0&page=244#q16250F,verified_local_archive
21,130306,244,https://oge.fipi.ru/bank/questions.php?proj=DE0E276E497AB3784C3FC4CC20248DC0&page=244&pagesize=10#q130306,https://oge.fipi.ru/bank/questions.php?proj=DE0E276E497AB3784C3FC4CC20248DC0&page=244#q130306,verified_local_archive
21,29D10F,244,https://oge.fipi.ru/bank/questions.php?proj=DE0E276E497AB3784C3FC4CC20248DC0&page=244&pagesize=10#q29D10F,https://oge.fipi.ru/bank/questions.php?proj=DE0E276E497AB3784C3FC4CC20248DC0&page=244#q29D10F,verified_local_archive
21,28CF01,245,https://oge.fipi.ru/bank/questions.php?proj=DE0E276E497AB3784C3FC4CC20248DC0&page=245&pagesize=10#q28CF01,https://oge.fipi.ru/bank/questions.php?proj=DE0E276E497AB3784C3FC4CC20248DC0&page=245#q28CF01,verified_local_archive
21,D70F00,245,https://oge.fipi.ru/bank/questions.php?proj=DE0E276E497AB3784C3FC4CC20248DC0&page=245&pagesize=10#qD70F00,https://oge.fipi.ru/bank/questions.php?proj=DE0E276E497AB3784C3FC4CC20248DC0&page=245#qD70F00,verified_local_archive
21,A8230C,246,https://oge.fipi.ru/bank/questions.php?proj=DE0E276E497AB3784C3FC4CC20248DC0&page=246&pagesize=10#qA8230C,https://oge.fipi.ru/bank/questions.php?proj=DE0E276E497AB3784C3FC4CC20248DC0&page=246#qA8230C,verified_local_archive
21,CFB70C,246,https://oge.fipi.ru/bank/questions.php?proj=DE0E276E497AB3784C3FC4CC20248DC0&page=246&pagesize=10#qCFB70C,https://oge.fipi.ru/bank/questions.php?proj=DE0E276E497AB3784C3FC4CC20248DC0&page=246#qCFB70C,verified_local_archive
21,30AC04,247,https://oge.fipi.ru/bank/questions.php?proj=DE0E276E497AB3784C3FC4CC20248DC0&page=247&pagesize=10#q30AC04,https://oge.fipi.ru/bank/questions.php?proj=DE0E276E497AB3784C3FC4CC20248DC0&page=247#q30AC04,verified_local_archive
21,79B979,249,https://oge.fipi.ru/bank/questions.php?proj=DE0E276E497AB3784C3FC4CC20248DC0&page=249&pagesize=10#q79B979,https://oge.fipi.ru/bank/questions.php?proj=DE0E276E497AB3784C3FC4CC20248DC0&page=249#q79B979,verified_local_archive
21,2A3779,250,https://oge.fipi.ru/bank/questions.php?proj=DE0E276E497AB3784C3FC4CC20248DC0&page=250&pagesize=10#q2A3779,https://oge.fipi.ru/bank/questions.php?proj=DE0E276E497AB3784C3FC4CC20248DC0&page=250#q2A3779,verified_local_archive
21,582A73,251,https://oge.fipi.ru/bank/questions.php?proj=DE0E276E497AB3784C3FC4CC20248DC0&page=251&pagesize=10#q582A73,https://oge.fipi.ru/bank/questions.php?proj=DE0E276E497AB3784C3FC4CC20248DC0&page=251#q582A73,verified_local_archive
21,A9CF75,252,https://oge.fipi.ru/bank/questions.php?proj=DE0E276E497AB3784C3FC4CC20248DC0&page=252&pagesize=10#qA9CF75,https://oge.fipi.ru/bank/questions.php?proj=DE0E276E497AB3784C3FC4CC20248DC0&page=252#qA9CF75,verified_local_archive
21,9EC678,252,https://oge.fipi.ru/bank/questions.php?proj=DE0E276E497AB3784C3FC4CC20248DC0&page=252&pagesize=10#q9EC678,https://oge.fipi.ru/bank/questions.php?proj=DE0E276E497AB3784C3FC4CC20248DC0&page=252#q9EC678,verified_local_archive
21,E6A275,253,https://oge.fipi.ru/bank/questions.php?proj=DE0E276E497AB3784C3FC4CC20248DC0&page=253&pagesize=10#qE6A275,https://oge.fipi.ru/bank/questions.php?proj=DE0E276E497AB3784C3FC4CC20248DC0&page=253#qE6A275,verified_local_archive
21,4295BD,253,https://oge.fipi.ru/bank/questions.php?proj=DE0E276E497AB3784C3FC4CC20248DC0&page=253&pagesize=10#q4295BD,https://oge.fipi.ru/bank/questions.php?proj=DE0E276E497AB3784C3FC4CC20248DC0&page=253#q4295BD,verified_local_archive
21,FC8DBB,254,https://oge.fipi.ru/bank/questions.php?proj=DE0E276E497AB3784C3FC4CC20248DC0&page=254&pagesize=10#qFC8DBB,https://oge.fipi.ru/bank/questions.php?proj=DE0E276E497AB3784C3FC4CC20248DC0&page=254#qFC8DBB,verified_local_archive
21,FDCDB3,254,https://oge.fipi.ru/bank/questions.php?proj=DE0E276E497AB3784C3FC4CC20248DC0&page=254&pagesize=10#qFDCDB3,https://oge.fipi.ru/bank/questions.php?proj=DE0E276E497AB3784C3FC4CC20248DC0&page=254#qFDCDB3,verified_local_archive
21,772BB0,255,https://oge.fipi.ru/bank/questions.php?proj=DE0E276E497AB3784C3FC4CC20248DC0&page=255&pagesize=10#q772BB0,https://oge.fipi.ru/bank/questions.php?proj=DE0E276E497AB3784C3FC4CC20248DC0&page=255#q772BB0,verified_local_archive
21,BE6ABB,255,https://oge.fipi.ru/bank/questions.php?proj=DE0E276E497AB3784C3FC4CC20248DC0&page=255&pagesize=10#qBE6ABB,https://oge.fipi.ru/bank/questions.php?proj=DE0E276E497AB3784C3FC4CC20248DC0&page=255#qBE6ABB,verified_local_archive
21,BC7ABD,255,https://oge.fipi.ru/bank/questions.php?proj=DE0E276E497AB3784C3FC4CC20248DC0&page=255&pagesize=10#qBC7ABD,https://oge.fipi.ru/bank/questions.php?proj=DE0E276E497AB3784C3FC4CC20248DC0&page=255#qBC7ABD,verified_local_archive
21,962FBD,257,https://oge.fipi.ru/bank/questions.php?proj=DE0E276E497AB3784C3FC4CC20248DC0&page=257&pagesize=10#q962FBD,https://oge.fipi.ru/bank/questions.php?proj=DE0E276E497AB3784C3FC4CC20248DC0&page=257#q962FBD,verified_local_archive
21,9794BA,257,https://oge.fipi.ru/bank/questions.php?proj=DE0E276E497AB3784C3FC4CC20248DC0&page=257&pagesize=10#q9794BA,https://oge.fipi.ru/bank/questions.php?proj=DE0E276E497AB3784C3FC4CC20248DC0&page=257#q9794BA,verified_local_archive
21,9468B8,257,https://oge.fipi.ru/bank/questions.php?proj=DE0E276E497AB3784C3FC4CC20248DC0&page=257&pagesize=10#q9468B8,https://oge.fipi.ru/bank/questions.php?proj=DE0E276E497AB3784C3FC4CC20248DC0&page=257#q9468B8,verified_local_archive
21,07E91E,260,https://oge.fipi.ru/bank/questions.php?proj=DE0E276E497AB3784C3FC4CC20248DC0&page=260&pagesize=10#q07E91E,https://oge.fipi.ru/bank/questions.php?proj=DE0E276E497AB3784C3FC4CC20248DC0&page=260#q07E91E,verified_local_archive
21,739910,261,https://oge.fipi.ru/bank/questions.php?proj=DE0E276E497AB3784C3FC4CC20248DC0&page=261&pagesize=10#q739910,https://oge.fipi.ru/bank/questions.php?proj=DE0E276E497AB3784C3FC4CC20248DC0&page=261#q739910,verified_local_archive
21,7A8419,261,https://oge.fipi.ru/bank/questions.php?proj=DE0E276E497AB3784C3FC4CC20248DC0&page=261&pagesize=10#q7A8419,https://oge.fipi.ru/bank/questions.php?proj=DE0E276E497AB3784C3FC4CC20248DC0&page=261#q7A8419,verified_local_archive
21,7BB613,261,https://oge.fipi.ru/bank/questions.php?proj=DE0E276E497AB3784C3FC4CC20248DC0&page=261&pagesize=10#q7BB613,https://oge.fipi.ru/bank/questions.php?proj=DE0E276E497AB3784C3FC4CC20248DC0&page=261#q7BB613,verified_local_archive
21,52D117,263,https://oge.fipi.ru/bank/questions.php?proj=DE0E276E497AB3784C3FC4CC20248DC0&page=263&pagesize=10#q52D117,https://oge.fipi.ru/bank/questions.php?proj=DE0E276E497AB3784C3FC4CC20248DC0&page=263#q52D117,verified_local_archive
21,9AB71F,264,https://oge.fipi.ru/bank/questions.php?proj=DE0E276E497AB3784C3FC4CC20248DC0&page=264&pagesize=10#q9AB71F,https://oge.fipi.ru/bank/questions.php?proj=DE0E276E497AB3784C3FC4CC20248DC0&page=264#q9AB71F,verified_local_archive
21,99C41E,264,https://oge.fipi.ru/bank/questions.php?proj=DE0E276E497AB3784C3FC4CC20248DC0&page=264&pagesize=10#q99C41E,https://oge.fipi.ru/bank/questions.php?proj=DE0E276E497AB3784C3FC4CC20248DC0&page=264#q99C41E,verified_local_archive
21,EA5B16,264,https://oge.fipi.ru/bank/questions.php?proj=DE0E276E497AB3784C3FC4CC20248DC0&page=264&pagesize=10#qEA5B16,https://oge.fipi.ru/bank/questions.php?proj=DE0E276E497AB3784C3FC4CC20248DC0&page=264#qEA5B16,verified_local_archive
21,8ED813,265,https://oge.fipi.ru/bank/questions.php?proj=DE0E276E497AB3784C3FC4CC20248DC0&page=265&pagesize=10#q8ED813,https://oge.fipi.ru/bank/questions.php?proj=DE0E276E497AB3784C3FC4CC20248DC0&page=265#q8ED813,verified_local_archive
21,7B5B2F,266,https://oge.fipi.ru/bank/questions.php?proj=DE0E276E497AB3784C3FC4CC20248DC0&page=266&pagesize=10#q7B5B2F,https://oge.fipi.ru/bank/questions.php?proj=DE0E276E497AB3784C3FC4CC20248DC0&page=266#q7B5B2F,verified_local_archive
21,BE842A,266,https://oge.fipi.ru/bank/questions.php?proj=DE0E276E497AB3784C3FC4CC20248DC0&page=266&pagesize=10#qBE842A,https://oge.fipi.ru/bank/questions.php?proj=DE0E276E497AB3784C3FC4CC20248DC0&page=266#qBE842A,verified_local_archive
21,1D732D,267,https://oge.fipi.ru/bank/questions.php?proj=DE0E276E497AB3784C3FC4CC20248DC0&page=267&pagesize=10#q1D732D,https://oge.fipi.ru/bank/questions.php?proj=DE0E276E497AB3784C3FC4CC20248DC0&page=267#q1D732D,verified_local_archive
21,1D322C,267,https://oge.fipi.ru/bank/questions.php?proj=DE0E276E497AB3784C3FC4CC20248DC0&page=267&pagesize=10#q1D322C,https://oge.fipi.ru/bank/questions.php?proj=DE0E276E497AB3784C3FC4CC20248DC0&page=267#q1D322C,verified_local_archive
21,209120,268,https://oge.fipi.ru/bank/questions.php?proj=DE0E276E497AB3784C3FC4CC20248DC0&page=268&pagesize=10#q209120,https://oge.fipi.ru/bank/questions.php?proj=DE0E276E497AB3784C3FC4CC20248DC0&page=268#q209120,verified_local_archive
21,22DE29,268,https://oge.fipi.ru/bank/questions.php?proj=DE0E276E497AB3784C3FC4CC20248DC0&page=268&pagesize=10#q22DE29,https://oge.fipi.ru/bank/questions.php?proj=DE0E276E497AB3784C3FC4CC20248DC0&page=268#q22DE29,verified_local_archive
21,A2EB29,269,https://oge.fipi.ru/bank/questions.php?proj=DE0E276E497AB3784C3FC4CC20248DC0&page=269&pagesize=10#qA2EB29,https://oge.fipi.ru/bank/questions.php?proj=DE0E276E497AB3784C3FC4CC20248DC0&page=269#qA2EB29,verified_local_archive
21,E4A02D,270,https://oge.fipi.ru/bank/questions.php?proj=DE0E276E497AB3784C3FC4CC20248DC0&page=270&pagesize=10#qE4A02D,https://oge.fipi.ru/bank/questions.php?proj=DE0E276E497AB3784C3FC4CC20248DC0&page=270#qE4A02D,verified_local_archive
21,694321,270,https://oge.fipi.ru/bank/questions.php?proj=DE0E276E497AB3784C3FC4CC20248DC0&page=270&pagesize=10#q694321,https://oge.fipi.ru/bank/questions.php?proj=DE0E276E497AB3784C3FC4CC20248DC0&page=270#q694321,verified_local_archive
21,B61BDD,273,https://oge.fipi.ru/bank/questions.php?proj=DE0E276E497AB3784C3FC4CC20248DC0&page=273&pagesize=10#qB61BDD,https://oge.fipi.ru/bank/questions.php?proj=DE0E276E497AB3784C3FC4CC20248DC0&page=273#qB61BDD,verified_local_archive
21,217BDE,274,https://oge.fipi.ru/bank/questions.php?proj=DE0E276E497AB3784C3FC4CC20248DC0&page=274&pagesize=10#q217BDE,https://oge.fipi.ru/bank/questions.php?proj=DE0E276E497AB3784C3FC4CC20248DC0&page=274#q217BDE,verified_local_archive
21,D31BDF,274,https://oge.fipi.ru/bank/questions.php?proj=DE0E276E497AB3784C3FC4CC20248DC0&page=274&pagesize=10#qD31BDF,https://oge.fipi.ru/bank/questions.php?proj=DE0E276E497AB3784C3FC4CC20248DC0&page=274#qD31BDF,verified_local_archive
21,D54DDD,274,https://oge.fipi.ru/bank/questions.php?proj=DE0E276E497AB3784C3FC4CC20248DC0&page=274&pagesize=10#qD54DDD,https://oge.fipi.ru/bank/questions.php?proj=DE0E276E497AB3784C3FC4CC20248DC0&page=274#qD54DDD,verified_local_archive
21,5C1BD4,275,https://oge.fipi.ru/bank/questions.php?proj=DE0E276E497AB3784C3FC4CC20248DC0&page=275&pagesize=10#q5C1BD4,https://oge.fipi.ru/bank/questions.php?proj=DE0E276E497AB3784C3FC4CC20248DC0&page=275#q5C1BD4,verified_local_archive
21,A291D2,275,https://oge.fipi.ru/bank/questions.php?proj=DE0E276E497AB3784C3FC4CC20248DC0&page=275&pagesize=10#qA291D2,https://oge.fipi.ru/bank/questions.php?proj=DE0E276E497AB3784C3FC4CC20248DC0&page=275#qA291D2,verified_local_archive
21,643ADE,276,https://oge.fipi.ru/bank/questions.php?proj=DE0E276E497AB3784C3FC4CC20248DC0&page=276&pagesize=10#q643ADE,https://oge.fipi.ru/bank/questions.php?proj=DE0E276E497AB3784C3FC4CC20248DC0&page=276#q643ADE,verified_local_archive
21,3E9BDF,276,https://oge.fipi.ru/bank/questions.php?proj=DE0E276E497AB3784C3FC4CC20248DC0&page=276&pagesize=10#q3E9BDF,https://oge.fipi.ru/bank/questions.php?proj=DE0E276E497AB3784C3FC4CC20248DC0&page=276#q3E9BDF,verified_local_archive
21,72795D,278,https://oge.fipi.ru/bank/questions.php?proj=DE0E276E497AB3784C3FC4CC20248DC0&page=278&pagesize=10#q72795D,https://oge.fipi.ru/bank/questions.php?proj=DE0E276E497AB3784C3FC4CC20248DC0&page=278#q72795D,verified_local_archive
21,730F58,278,https://oge.fipi.ru/bank/questions.php?proj=DE0E276E497AB3784C3FC4CC20248DC0&page=278&pagesize=10#q730F58,https://oge.fipi.ru/bank/questions.php?proj=DE0E276E497AB3784C3FC4CC20248DC0&page=278#q730F58,verified_local_archive
21,1E3451,279,https://oge.fipi.ru/bank/questions.php?proj=DE0E276E497AB3784C3FC4CC20248DC0&page=279&pagesize=10#q1E3451,https://oge.fipi.ru/bank/questions.php?proj=DE0E276E497AB3784C3FC4CC20248DC0&page=279#q1E3451,verified_local_archive
21,1ACB58,279,https://oge.fipi.ru/bank/questions.php?proj=DE0E276E497AB3784C3FC4CC20248DC0&page=279&pagesize=10#q1ACB58,https://oge.fipi.ru/bank/questions.php?proj=DE0E276E497AB3784C3FC4CC20248DC0&page=279#q1ACB58,verified_local_archive
21,D2525B,280,https://oge.fipi.ru/bank/questions.php?proj=DE0E276E497AB3784C3FC4CC20248DC0&page=280&pagesize=10#qD2525B,https://oge.fipi.ru/bank/questions.php?proj=DE0E276E497AB3784C3FC4CC20248DC0&page=280#qD2525B,verified_local_archive
21,930157,281,https://oge.fipi.ru/bank/questions.php?proj=DE0E276E497AB3784C3FC4CC20248DC0&page=281&pagesize=10#q930157,https://oge.fipi.ru/bank/questions.php?proj=DE0E276E497AB3784C3FC4CC20248DC0&page=281#q930157,verified_local_archive
21,68A75C,282,https://oge.fipi.ru/bank/questions.php?proj=DE0E276E497AB3784C3FC4CC20248DC0&page=282&pagesize=10#q68A75C,https://oge.fipi.ru/bank/questions.php?proj=DE0E276E497AB3784C3FC4CC20248DC0&page=282#q68A75C,verified_local_archive
21,FE8FA8,283,https://oge.fipi.ru/bank/questions.php?proj=DE0E276E497AB3784C3FC4CC20248DC0&page=283&pagesize=10#qFE8FA8,https://oge.fipi.ru/bank/questions.php?proj=DE0E276E497AB3784C3FC4CC20248DC0&page=283#qFE8FA8,verified_local_archive
21,7362A0,284,https://oge.fipi.ru/bank/questions.php?proj=DE0E276E497AB3784C3FC4CC20248DC0&page=284&pagesize=10#q7362A0,https://oge.fipi.ru/bank/questions.php?proj=DE0E276E497AB3784C3FC4CC20248DC0&page=284#q7362A0,verified_local_archive
21,118EAD,284,https://oge.fipi.ru/bank/questions.php?proj=DE0E276E497AB3784C3FC4CC20248DC0&page=284&pagesize=10#q118EAD,https://oge.fipi.ru/bank/questions.php?proj=DE0E276E497AB3784C3FC4CC20248DC0&page=284#q118EAD,verified_local_archive
21,9968A3,286,https://oge.fipi.ru/bank/questions.php?proj=DE0E276E497AB3784C3FC4CC20248DC0&page=286&pagesize=10#q9968A3,https://oge.fipi.ru/bank/questions.php?proj=DE0E276E497AB3784C3FC4CC20248DC0&page=286#q9968A3,verified_local_archive
21,E75DAB,286,https://oge.fipi.ru/bank/questions.php?proj=DE0E276E497AB3784C3FC4CC20248DC0&page=286&pagesize=10#qE75DAB,https://oge.fipi.ru/bank/questions.php?proj=DE0E276E497AB3784C3FC4CC20248DC0&page=286#qE75DAB,verified_local_archive
21,E7F8AD,286,https://oge.fipi.ru/bank/questions.php?proj=DE0E276E497AB3784C3FC4CC20248DC0&page=286&pagesize=10#qE7F8AD,https://oge.fipi.ru/bank/questions.php?proj=DE0E276E497AB3784C3FC4CC20248DC0&page=286#qE7F8AD,verified_local_archive
21,EDBDA6,286,https://oge.fipi.ru/bank/questions.php?proj=DE0E276E497AB3784C3FC4CC20248DC0&page=286&pagesize=10#qEDBDA6,https://oge.fipi.ru/bank/questions.php?proj=DE0E276E497AB3784C3FC4CC20248DC0&page=286#qEDBDA6,verified_local_archive
21,618AAB,287,https://oge.fipi.ru/bank/questions.php?proj=DE0E276E497AB3784C3FC4CC20248DC0&page=287&pagesize=10#q618AAB,https://oge.fipi.ru/bank/questions.php?proj=DE0E276E497AB3784C3FC4CC20248DC0&page=287#q618AAB,verified_local_archive
21,6E6EA2,287,https://oge.fipi.ru/bank/questions.php?proj=DE0E276E497AB3784C3FC4CC20248DC0&page=287&pagesize=10#q6E6EA2,https://oge.fipi.ru/bank/questions.php?proj=DE0E276E497AB3784C3FC4CC20248DC0&page=287#q6E6EA2,verified_local_archive
21,6F8CA8,287,https://oge.fipi.ru/bank/questions.php?proj=DE0E276E497AB3784C3FC4CC20248DC0&page=287&pagesize=10#q6F8CA8,https://oge.fipi.ru/bank/questions.php?proj=DE0E276E497AB3784C3FC4CC20248DC0&page=287#q6F8CA8,verified_local_archive
21,30EFAE,287,https://oge.fipi.ru/bank/questions.php?proj=DE0E276E497AB3784C3FC4CC20248DC0&page=287&pagesize=10#q30EFAE,https://oge.fipi.ru/bank/questions.php?proj=DE0E276E497AB3784C3FC4CC20248DC0&page=287#q30EFAE,verified_local_archive
21,4CF0C4,288,https://oge.fipi.ru/bank/questions.php?proj=DE0E276E497AB3784C3FC4CC20248DC0&page=288&pagesize=10#q4CF0C4,https://oge.fipi.ru/bank/questions.php?proj=DE0E276E497AB3784C3FC4CC20248DC0&page=288#q4CF0C4,verified_local_archive
21,08D4CB,288,https://oge.fipi.ru/bank/questions.php?proj=DE0E276E497AB3784C3FC4CC20248DC0&page=288&pagesize=10#q08D4CB,https://oge.fipi.ru/bank/questions.php?proj=DE0E276E497AB3784C3FC4CC20248DC0&page=288#q08D4CB,verified_local_archive
21,7565CB,289,https://oge.fipi.ru/bank/questions.php?proj=DE0E276E497AB3784C3FC4CC20248DC0&page=289&pagesize=10#q7565CB,https://oge.fipi.ru/bank/questions.php?proj=DE0E276E497AB3784C3FC4CC20248DC0&page=289#q7565CB,verified_local_archive
21,BBBCCA,289,https://oge.fipi.ru/bank/questions.php?proj=DE0E276E497AB3784C3FC4CC20248DC0&page=289&pagesize=10#qBBBCCA,https://oge.fipi.ru/bank/questions.php?proj=DE0E276E497AB3784C3FC4CC20248DC0&page=289#qBBBCCA,verified_local_archive
21,2B54CC,290,https://oge.fipi.ru/bank/questions.php?proj=DE0E276E497AB3784C3FC4CC20248DC0&page=290&pagesize=10#q2B54CC,https://oge.fipi.ru/bank/questions.php?proj=DE0E276E497AB3784C3FC4CC20248DC0&page=290#q2B54CC,verified_local_archive
21,D523C1,290,https://oge.fipi.ru/bank/questions.php?proj=DE0E276E497AB3784C3FC4CC20248DC0&page=290&pagesize=10#qD523C1,https://oge.fipi.ru/bank/questions.php?proj=DE0E276E497AB3784C3FC4CC20248DC0&page=290#qD523C1,verified_local_archive
21,A2FAC8,292,https://oge.fipi.ru/bank/questions.php?proj=DE0E276E497AB3784C3FC4CC20248DC0&page=292&pagesize=10#qA2FAC8,https://oge.fipi.ru/bank/questions.php?proj=DE0E276E497AB3784C3FC4CC20248DC0&page=292#qA2FAC8,verified_local_archive
21,70D39F,296,https://oge.fipi.ru/bank/questions.php?proj=DE0E276E497AB3784C3FC4CC20248DC0&page=296&pagesize=10#q70D39F,https://oge.fipi.ru/bank/questions.php?proj=DE0E276E497AB3784C3FC4CC20248DC0&page=296#q70D39F,verified_local_archive
21,7AE890,296,https://oge.fipi.ru/bank/questions.php?proj=DE0E276E497AB3784C3FC4CC20248DC0&page=296&pagesize=10#q7AE890,https://oge.fipi.ru/bank/questions.php?proj=DE0E276E497AB3784C3FC4CC20248DC0&page=296#q7AE890,verified_local_archive
21,B6DA9F,296,https://oge.fipi.ru/bank/questions.php?proj=DE0E276E497AB3784C3FC4CC20248DC0&page=296&pagesize=10#qB6DA9F,https://oge.fipi.ru/bank/questions.php?proj=DE0E276E497AB3784C3FC4CC20248DC0&page=296#qB6DA9F,verified_local_archive
21,18229A,297,https://oge.fipi.ru/bank/questions.php?proj=DE0E276E497AB3784C3FC4CC20248DC0&page=297&pagesize=10#q18229A,https://oge.fipi.ru/bank/questions.php?proj=DE0E276E497AB3784C3FC4CC20248DC0&page=297#q18229A,verified_local_archive
21,DB4196,297,https://oge.fipi.ru/bank/questions.php?proj=DE0E276E497AB3784C3FC4CC20248DC0&page=297&pagesize=10#qDB4196,https://oge.fipi.ru/bank/questions.php?proj=DE0E276E497AB3784C3FC4CC20248DC0&page=297#qDB4196,verified_local_archive
21,A7AC98,299,https://oge.fipi.ru/bank/questions.php?proj=DE0E276E497AB3784C3FC4CC20248DC0&page=299&pagesize=10#qA7AC98,https://oge.fipi.ru/bank/questions.php?proj=DE0E276E497AB3784C3FC4CC20248DC0&page=299#qA7AC98,verified_local_archive
21,C0919A,299,https://oge.fipi.ru/bank/questions.php?proj=DE0E276E497AB3784C3FC4CC20248DC0&page=299&pagesize=10#qC0919A,https://oge.fipi.ru/bank/questions.php?proj=DE0E276E497AB3784C3FC4CC20248DC0&page=299#qC0919A,verified_local_archive
21,9D1C92,299,https://oge.fipi.ru/bank/questions.php?proj=DE0E276E497AB3784C3FC4CC20248DC0&page=299&pagesize=10#q9D1C92,https://oge.fipi.ru/bank/questions.php?proj=DE0E276E497AB3784C3FC4CC20248DC0&page=299#q9D1C92,verified_local_archive
21,63049C,301,https://oge.fipi.ru/bank/questions.php?proj=DE0E276E497AB3784C3FC4CC20248DC0&page=301&pagesize=10#q63049C,https://oge.fipi.ru/bank/questions.php?proj=DE0E276E497AB3784C3FC4CC20248DC0&page=301#q63049C,verified_local_archive
21,8C669D,301,https://oge.fipi.ru/bank/questions.php?proj=DE0E276E497AB3784C3FC4CC20248DC0&page=301&pagesize=10#q8C669D,https://oge.fipi.ru/bank/questions.php?proj=DE0E276E497AB3784C3FC4CC20248DC0&page=301#q8C669D,verified_local_archive
21,1A9BE7,302,https://oge.fipi.ru/bank/questions.php?proj=DE0E276E497AB3784C3FC4CC20248DC0&page=302&pagesize=10#q1A9BE7,https://oge.fipi.ru/bank/questions.php?proj=DE0E276E497AB3784C3FC4CC20248DC0&page=302#q1A9BE7,verified_local_archive
21,2C51E0,303,https://oge.fipi.ru/bank/questions.php?proj=DE0E276E497AB3784C3FC4CC20248DC0&page=303&pagesize=10#q2C51E0,https://oge.fipi.ru/bank/questions.php?proj=DE0E276E497AB3784C3FC4CC20248DC0&page=303#q2C51E0,verified_local_archive
21,D452EA,303,https://oge.fipi.ru/bank/questions.php?proj=DE0E276E497AB3784C3FC4CC20248DC0&page=303&pagesize=10#qD452EA,https://oge.fipi.ru/bank/questions.php?proj=DE0E276E497AB3784C3FC4CC20248DC0&page=303#qD452EA,verified_local_archive
21,5605E0,304,https://oge.fipi.ru/bank/questions.php?proj=DE0E276E497AB3784C3FC4CC20248DC0&page=304&pagesize=10#q5605E0,https://oge.fipi.ru/bank/questions.php?proj=DE0E276E497AB3784C3FC4CC20248DC0&page=304#q5605E0,verified_local_archive
21,99EDEC,305,https://oge.fipi.ru/bank/questions.php?proj=DE0E276E497AB3784C3FC4CC20248DC0&page=305&pagesize=10#q99EDEC,https://oge.fipi.ru/bank/questions.php?proj=DE0E276E497AB3784C3FC4CC20248DC0&page=305#q99EDEC,verified_local_archive
21,EB96E6,305,https://oge.fipi.ru/bank/questions.php?proj=DE0E276E497AB3784C3FC4CC20248DC0&page=305&pagesize=10#qEB96E6,https://oge.fipi.ru/bank/questions.php?proj=DE0E276E497AB3784C3FC4CC20248DC0&page=305#qEB96E6,verified_local_archive
21,667CEC,306,https://oge.fipi.ru/bank/questions.php?proj=DE0E276E497AB3784C3FC4CC20248DC0&page=306&pagesize=10#q667CEC,https://oge.fipi.ru/bank/questions.php?proj=DE0E276E497AB3784C3FC4CC20248DC0&page=306#q667CEC,verified_local_archive
21,37F7E4,306,https://oge.fipi.ru/bank/questions.php?proj=DE0E276E497AB3784C3FC4CC20248DC0&page=306&pagesize=10#q37F7E4,https://oge.fipi.ru/bank/questions.php?proj=DE0E276E497AB3784C3FC4CC20248DC0&page=306#q37F7E4,verified_local_archive
21,8B8AEA,307,https://oge.fipi.ru/bank/questions.php?proj=DE0E276E497AB3784C3FC4CC20248DC0&page=307&pagesize=10#q8B8AEA,https://oge.fipi.ru/bank/questions.php?proj=DE0E276E497AB3784C3FC4CC20248DC0&page=307#q8B8AEA,verified_local_archive
21,409469,307,https://oge.fipi.ru/bank/questions.php?proj=DE0E276E497AB3784C3FC4CC20248DC0&page=307&pagesize=10#q409469,https://oge.fipi.ru/bank/questions.php?proj=DE0E276E497AB3784C3FC4CC20248DC0&page=307#q409469,verified_local_archive
21,F4D364,307,https://oge.fipi.ru/bank/questions.php?proj=DE0E276E497AB3784C3FC4CC20248DC0&page=307&pagesize=10#qF4D364,https://oge.fipi.ru/bank/questions.php?proj=DE0E276E497AB3784C3FC4CC20248DC0&page=307#qF4D364,verified_local_archive
21,0EAB6A,308,https://oge.fipi.ru/bank/questions.php?proj=DE0E276E497AB3784C3FC4CC20248DC0&page=308&pagesize=10#q0EAB6A,https://oge.fipi.ru/bank/questions.php?proj=DE0E276E497AB3784C3FC4CC20248DC0&page=308#q0EAB6A,verified_local_archive
21,0EB766,308,https://oge.fipi.ru/bank/questions.php?proj=DE0E276E497AB3784C3FC4CC20248DC0&page=308&pagesize=10#q0EB766,https://oge.fipi.ru/bank/questions.php?proj=DE0E276E497AB3784C3FC4CC20248DC0&page=308#q0EB766,verified_local_archive
21,79DD62,308,https://oge.fipi.ru/bank/questions.php?proj=DE0E276E497AB3784C3FC4CC20248DC0&page=308&pagesize=10#q79DD62,https://oge.fipi.ru/bank/questions.php?proj=DE0E276E497AB3784C3FC4CC20248DC0&page=308#q79DD62,verified_local_archive
21,D53366,310,https://oge.fipi.ru/bank/questions.php?proj=DE0E276E497AB3784C3FC4CC20248DC0&page=310&pagesize=10#qD53366,https://oge.fipi.ru/bank/questions.php?proj=DE0E276E497AB3784C3FC4CC20248DC0&page=310#qD53366,verified_local_archive
21,56F16C,310,https://oge.fipi.ru/bank/questions.php?proj=DE0E276E497AB3784C3FC4CC20248DC0&page=310&pagesize=10#q56F16C,https://oge.fipi.ru/bank/questions.php?proj=DE0E276E497AB3784C3FC4CC20248DC0&page=310#q56F16C,verified_local_archive
21,52F663,310,https://oge.fipi.ru/bank/questions.php?proj=DE0E276E497AB3784C3FC4CC20248DC0&page=310&pagesize=10#q52F663,https://oge.fipi.ru/bank/questions.php?proj=DE0E276E497AB3784C3FC4CC20248DC0&page=310#q52F663,verified_local_archive
21,A5F060,310,https://oge.fipi.ru/bank/questions.php?proj=DE0E276E497AB3784C3FC4CC20248DC0&page=310&pagesize=10#qA5F060,https://oge.fipi.ru/bank/questions.php?proj=DE0E276E497AB3784C3FC4CC20248DC0&page=310#qA5F060,verified_local_archive
21,988466,311,https://oge.fipi.ru/bank/questions.php?proj=DE0E276E497AB3784C3FC4CC20248DC0&page=311&pagesize=10#q988466,https://oge.fipi.ru/bank/questions.php?proj=DE0E276E497AB3784C3FC4CC20248DC0&page=311#q988466,verified_local_archive
21,EB9F68,312,https://oge.fipi.ru/bank/questions.php?proj=DE0E276E497AB3784C3FC4CC20248DC0&page=312&pagesize=10#qEB9F68,https://oge.fipi.ru/bank/questions.php?proj=DE0E276E497AB3784C3FC4CC20248DC0&page=312#qEB9F68,verified_local_archive
21,4A2D3D,313,https://oge.fipi.ru/bank/questions.php?proj=DE0E276E497AB3784C3FC4CC20248DC0&page=313&pagesize=10#q4A2D3D,https://oge.fipi.ru/bank/questions.php?proj=DE0E276E497AB3784C3FC4CC20248DC0&page=313#q4A2D3D,verified_local_archive
21,F74635,313,https://oge.fipi.ru/bank/questions.php?proj=DE0E276E497AB3784C3FC4CC20248DC0&page=313&pagesize=10#qF74635,https://oge.fipi.ru/bank/questions.php?proj=DE0E276E497AB3784C3FC4CC20248DC0&page=313#qF74635,verified_local_archive
21,77D130,314,https://oge.fipi.ru/bank/questions.php?proj=DE0E276E497AB3784C3FC4CC20248DC0&page=314&pagesize=10#q77D130,https://oge.fipi.ru/bank/questions.php?proj=DE0E276E497AB3784C3FC4CC20248DC0&page=314#q77D130,verified_local_archive
21,BD643D,315,https://oge.fipi.ru/bank/questions.php?proj=DE0E276E497AB3784C3FC4CC20248DC0&page=315&pagesize=10#qBD643D,https://oge.fipi.ru/bank/questions.php?proj=DE0E276E497AB3784C3FC4CC20248DC0&page=315#qBD643D,verified_local_archive
21,16183A,315,https://oge.fipi.ru/bank/questions.php?proj=DE0E276E497AB3784C3FC4CC20248DC0&page=315&pagesize=10#q16183A,https://oge.fipi.ru/bank/questions.php?proj=DE0E276E497AB3784C3FC4CC20248DC0&page=315#q16183A,verified_local_archive
21,E2C338,318,https://oge.fipi.ru/bank/questions.php?proj=DE0E276E497AB3784C3FC4CC20248DC0&page=318&pagesize=10#qE2C338,https://oge.fipi.ru/bank/questions.php?proj=DE0E276E497AB3784C3FC4CC20248DC0&page=318#qE2C338,verified_local_archive
21,40F187,318,https://oge.fipi.ru/bank/questions.php?proj=DE0E276E497AB3784C3FC4CC20248DC0&page=318&pagesize=10#q40F187,https://oge.fipi.ru/bank/questions.php?proj=DE0E276E497AB3784C3FC4CC20248DC0&page=318#q40F187,verified_local_archive
21,46E689,319,https://oge.fipi.ru/bank/questions.php?proj=DE0E276E497AB3784C3FC4CC20248DC0&page=319&pagesize=10#q46E689,https://oge.fipi.ru/bank/questions.php?proj=DE0E276E497AB3784C3FC4CC20248DC0&page=319#q46E689,verified_local_archive
21,7D2F81,320,https://oge.fipi.ru/bank/questions.php?proj=DE0E276E497AB3784C3FC4CC20248DC0&page=320&pagesize=10#q7D2F81,https://oge.fipi.ru/bank/questions.php?proj=DE0E276E497AB3784C3FC4CC20248DC0&page=320#q7D2F81,verified_local_archive
21,B8D08D,320,https://oge.fipi.ru/bank/questions.php?proj=DE0E276E497AB3784C3FC4CC20248DC0&page=320&pagesize=10#qB8D08D,https://oge.fipi.ru/bank/questions.php?proj=DE0E276E497AB3784C3FC4CC20248DC0&page=320#qB8D08D,verified_local_archive
21,906A8D,323,https://oge.fipi.ru/bank/questions.php?proj=DE0E276E497AB3784C3FC4CC20248DC0&page=323&pagesize=10#q906A8D,https://oge.fipi.ru/bank/questions.php?proj=DE0E276E497AB3784C3FC4CC20248DC0&page=323#q906A8D,verified_local_archive
21,6F9D81,324,https://oge.fipi.ru/bank/questions.php?proj=DE0E276E497AB3784C3FC4CC20248DC0&page=324&pagesize=10#q6F9D81,https://oge.fipi.ru/bank/questions.php?proj=DE0E276E497AB3784C3FC4CC20248DC0&page=324#q6F9D81,verified_local_archive
21,3ACE84,324,https://oge.fipi.ru/bank/questions.php?proj=DE0E276E497AB3784C3FC4CC20248DC0&page=324&pagesize=10#q3ACE84,https://oge.fipi.ru/bank/questions.php?proj=DE0E276E497AB3784C3FC4CC20248DC0&page=324#q3ACE84,verified_local_archive
21,3B0D80,324,https://oge.fipi.ru/bank/questions.php?proj=DE0E276E497AB3784C3FC4CC20248DC0&page=324&pagesize=10#q3B0D80,https://oge.fipi.ru/bank/questions.php?proj=DE0E276E497AB3784C3FC4CC20248DC0&page=324#q3B0D80,verified_local_archive
21,877781,325,https://oge.fipi.ru/bank/questions.php?proj=DE0E276E497AB3784C3FC4CC20248DC0&page=325&pagesize=10#q877781,https://oge.fipi.ru/bank/questions.php?proj=DE0E276E497AB3784C3FC4CC20248DC0&page=325#q877781,verified_local_archive
21,80208D,325,https://oge.fipi.ru/bank/questions.php?proj=DE0E276E497AB3784C3FC4CC20248DC0&page=325&pagesize=10#q80208D,https://oge.fipi.ru/bank/questions.php?proj=DE0E276E497AB3784C3FC4CC20248DC0&page=325#q80208D,verified_local_archive
22,90FF4E,11,https://oge.fipi.ru/bank/questions.php?proj=DE0E276E497AB3784C3FC4CC20248DC0&page=11&pagesize=10#q90FF4E,https://oge.fipi.ru/bank/questions.php?proj=DE0E276E497AB3784C3FC4CC20248DC0&page=11#q90FF4E,verified_local_archive
22,675547,12,https://oge.fipi.ru/bank/questions.php?proj=DE0E276E497AB3784C3FC4CC20248DC0&page=12&pagesize=10#q675547,https://oge.fipi.ru/bank/questions.php?proj=DE0E276E497AB3784C3FC4CC20248DC0&page=12#q675547,verified_local_archive
22,6DCB49,13,https://oge.fipi.ru/bank/questions.php?proj=DE0E276E497AB3784C3FC4CC20248DC0&page=13&pagesize=10#q6DCB49,https://oge.fipi.ru/bank/questions.php?proj=DE0E276E497AB3784C3FC4CC20248DC0&page=13#q6DCB49,verified_local_archive
22,F98AF0,18,https://oge.fipi.ru/bank/questions.php?proj=DE0E276E497AB3784C3FC4CC20248DC0&page=18&pagesize=10#qF98AF0,https://oge.fipi.ru/bank/questions.php?proj=DE0E276E497AB3784C3FC4CC20248DC0&page=18#qF98AF0,verified_local_archive
22,F486F7,18,https://oge.fipi.ru/bank/questions.php?proj=DE0E276E497AB3784C3FC4CC20248DC0&page=18&pagesize=10#qF486F7,https://oge.fipi.ru/bank/questions.php?proj=DE0E276E497AB3784C3FC4CC20248DC0&page=18#qF486F7,verified_local_archive
22,A58BF6,25,https://oge.fipi.ru/bank/questions.php?proj=DE0E276E497AB3784C3FC4CC20248DC0&page=25&pagesize=10#qA58BF6,https://oge.fipi.ru/bank/questions.php?proj=DE0E276E497AB3784C3FC4CC20248DC0&page=25#qA58BF6,verified_local_archive
22,1D2900,34,https://oge.fipi.ru/bank/questions.php?proj=DE0E276E497AB3784C3FC4CC20248DC0&page=34&pagesize=10#q1D2900,https://oge.fipi.ru/bank/questions.php?proj=DE0E276E497AB3784C3FC4CC20248DC0&page=34#q1D2900,verified_local_archive
22,5A5902,37,https://oge.fipi.ru/bank/questions.php?proj=DE0E276E497AB3784C3FC4CC20248DC0&page=37&pagesize=10#q5A5902,https://oge.fipi.ru/bank/questions.php?proj=DE0E276E497AB3784C3FC4CC20248DC0&page=37#q5A5902,verified_local_archive
22,447D77,44,https://oge.fipi.ru/bank/questions.php?proj=DE0E276E497AB3784C3FC4CC20248DC0&page=44&pagesize=10#q447D77,https://oge.fipi.ru/bank/questions.php?proj=DE0E276E497AB3784C3FC4CC20248DC0&page=44#q447D77,verified_local_archive
22,E4D078,56,https://oge.fipi.ru/bank/questions.php?proj=DE0E276E497AB3784C3FC4CC20248DC0&page=56&pagesize=10#qE4D078,https://oge.fipi.ru/bank/questions.php?proj=DE0E276E497AB3784C3FC4CC20248DC0&page=56#qE4D078,verified_local_archive
22,F708B3,62,https://oge.fipi.ru/bank/questions.php?proj=DE0E276E497AB3784C3FC4CC20248DC0&page=62&pagesize=10#qF708B3,https://oge.fipi.ru/bank/questions.php?proj=DE0E276E497AB3784C3FC4CC20248DC0&page=62#qF708B3,verified_local_archive
22,D35EB0,66,https://oge.fipi.ru/bank/questions.php?proj=DE0E276E497AB3784C3FC4CC20248DC0&page=66&pagesize=10#qD35EB0,https://oge.fipi.ru/bank/questions.php?proj=DE0E276E497AB3784C3FC4CC20248DC0&page=66#qD35EB0,verified_local_archive
22,5BD2BC,67,https://oge.fipi.ru/bank/questions.php?proj=DE0E276E497AB3784C3FC4CC20248DC0&page=67&pagesize=10#q5BD2BC,https://oge.fipi.ru/bank/questions.php?proj=DE0E276E497AB3784C3FC4CC20248DC0&page=67#q5BD2BC,verified_local_archive
22,9E02BA,69,https://oge.fipi.ru/bank/questions.php?proj=DE0E276E497AB3784C3FC4CC20248DC0&page=69&pagesize=10#q9E02BA,https://oge.fipi.ru/bank/questions.php?proj=DE0E276E497AB3784C3FC4CC20248DC0&page=69#q9E02BA,verified_local_archive
22,9600B6,70,https://oge.fipi.ru/bank/questions.php?proj=DE0E276E497AB3784C3FC4CC20248DC0&page=70&pagesize=10#q9600B6,https://oge.fipi.ru/bank/questions.php?proj=DE0E276E497AB3784C3FC4CC20248DC0&page=70#q9600B6,verified_local_archive
22,6E2FBC,71,https://oge.fipi.ru/bank/questions.php?proj=DE0E276E497AB3784C3FC4CC20248DC0&page=71&pagesize=10#q6E2FBC,https://oge.fipi.ru/bank/questions.php?proj=DE0E276E497AB3784C3FC4CC20248DC0&page=71#q6E2FBC,verified_local_archive
22,85AFB6,72,https://oge.fipi.ru/bank/questions.php?proj=DE0E276E497AB3784C3FC4CC20248DC0&page=72&pagesize=10#q85AFB6,https://oge.fipi.ru/bank/questions.php?proj=DE0E276E497AB3784C3FC4CC20248DC0&page=72#q85AFB6,verified_local_archive
22,43A519,73,https://oge.fipi.ru/bank/questions.php?proj=DE0E276E497AB3784C3FC4CC20248DC0&page=73&pagesize=10#q43A519,https://oge.fipi.ru/bank/questions.php?proj=DE0E276E497AB3784C3FC4CC20248DC0&page=73#q43A519,verified_local_archive
22,68001C,86,https://oge.fipi.ru/bank/questions.php?proj=DE0E276E497AB3784C3FC4CC20248DC0&page=86&pagesize=10#q68001C,https://oge.fipi.ru/bank/questions.php?proj=DE0E276E497AB3784C3FC4CC20248DC0&page=86#q68001C,verified_local_archive
22,32AB12,87,https://oge.fipi.ru/bank/questions.php?proj=DE0E276E497AB3784C3FC4CC20248DC0&page=87&pagesize=10#q32AB12,https://oge.fipi.ru/bank/questions.php?proj=DE0E276E497AB3784C3FC4CC20248DC0&page=87#q32AB12,verified_local_archive
22,36C01E,88,https://oge.fipi.ru/bank/questions.php?proj=DE0E276E497AB3784C3FC4CC20248DC0&page=88&pagesize=10#q36C01E,https://oge.fipi.ru/bank/questions.php?proj=DE0E276E497AB3784C3FC4CC20248DC0&page=88#q36C01E,verified_local_archive
22,DB3225,97,https://oge.fipi.ru/bank/questions.php?proj=DE0E276E497AB3784C3FC4CC20248DC0&page=97&pagesize=10#qDB3225,https://oge.fipi.ru/bank/questions.php?proj=DE0E276E497AB3784C3FC4CC20248DC0&page=97#qDB3225,verified_local_archive
22,B817D5,109,https://oge.fipi.ru/bank/questions.php?proj=DE0E276E497AB3784C3FC4CC20248DC0&page=109&pagesize=10#qB817D5,https://oge.fipi.ru/bank/questions.php?proj=DE0E276E497AB3784C3FC4CC20248DC0&page=109#qB817D5,verified_local_archive
22,AD9AD9,114,https://oge.fipi.ru/bank/questions.php?proj=DE0E276E497AB3784C3FC4CC20248DC0&page=114&pagesize=10#qAD9AD9,https://oge.fipi.ru/bank/questions.php?proj=DE0E276E497AB3784C3FC4CC20248DC0&page=114#qAD9AD9,verified_local_archive
22,880BD7,118,https://oge.fipi.ru/bank/questions.php?proj=DE0E276E497AB3784C3FC4CC20248DC0&page=118&pagesize=10#q880BD7,https://oge.fipi.ru/bank/questions.php?proj=DE0E276E497AB3784C3FC4CC20248DC0&page=118#q880BD7,verified_local_archive
22,89C3D3,118,https://oge.fipi.ru/bank/questions.php?proj=DE0E276E497AB3784C3FC4CC20248DC0&page=118&pagesize=10#q89C3D3,https://oge.fipi.ru/bank/questions.php?proj=DE0E276E497AB3784C3FC4CC20248DC0&page=118#q89C3D3,verified_local_archive
22,5E5852,125,https://oge.fipi.ru/bank/questions.php?proj=DE0E276E497AB3784C3FC4CC20248DC0&page=125&pagesize=10#q5E5852,https://oge.fipi.ru/bank/questions.php?proj=DE0E276E497AB3784C3FC4CC20248DC0&page=125#q5E5852,verified_local_archive
22,91BF55,128,https://oge.fipi.ru/bank/questions.php?proj=DE0E276E497AB3784C3FC4CC20248DC0&page=128&pagesize=10#q91BF55,https://oge.fipi.ru/bank/questions.php?proj=DE0E276E497AB3784C3FC4CC20248DC0&page=128#q91BF55,verified_local_archive
22,E1EE5C,129,https://oge.fipi.ru/bank/questions.php?proj=DE0E276E497AB3784C3FC4CC20248DC0&page=129&pagesize=10#qE1EE5C,https://oge.fipi.ru/bank/questions.php?proj=DE0E276E497AB3784C3FC4CC20248DC0&page=129#qE1EE5C,verified_local_archive
22,5C9FAE,140,https://oge.fipi.ru/bank/questions.php?proj=DE0E276E497AB3784C3FC4CC20248DC0&page=140&pagesize=10#q5C9FAE,https://oge.fipi.ru/bank/questions.php?proj=DE0E276E497AB3784C3FC4CC20248DC0&page=140#q5C9FAE,verified_local_archive
22,32C5AB,144,https://oge.fipi.ru/bank/questions.php?proj=DE0E276E497AB3784C3FC4CC20248DC0&page=144&pagesize=10#q32C5AB,https://oge.fipi.ru/bank/questions.php?proj=DE0E276E497AB3784C3FC4CC20248DC0&page=144#q32C5AB,verified_local_archive
22,A2BECD,154,https://oge.fipi.ru/bank/questions.php?proj=DE0E276E497AB3784C3FC4CC20248DC0&page=154&pagesize=10#qA2BECD,https://oge.fipi.ru/bank/questions.php?proj=DE0E276E497AB3784C3FC4CC20248DC0&page=154#qA2BECD,verified_local_archive
22,D89894,165,https://oge.fipi.ru/bank/questions.php?proj=DE0E276E497AB3784C3FC4CC20248DC0&page=165&pagesize=10#qD89894,https://oge.fipi.ru/bank/questions.php?proj=DE0E276E497AB3784C3FC4CC20248DC0&page=165#qD89894,verified_local_archive
22,C7E39A,168,https://oge.fipi.ru/bank/questions.php?proj=DE0E276E497AB3784C3FC4CC20248DC0&page=168&pagesize=10#qC7E39A,https://oge.fipi.ru/bank/questions.php?proj=DE0E276E497AB3784C3FC4CC20248DC0&page=168#qC7E39A,verified_local_archive
22,7D78E6,177,https://oge.fipi.ru/bank/questions.php?proj=DE0E276E497AB3784C3FC4CC20248DC0&page=177&pagesize=10#q7D78E6,https://oge.fipi.ru/bank/questions.php?proj=DE0E276E497AB3784C3FC4CC20248DC0&page=177#q7D78E6,verified_local_archive
22,7B9160,190,https://oge.fipi.ru/bank/questions.php?proj=DE0E276E497AB3784C3FC4CC20248DC0&page=190&pagesize=10#q7B9160,https://oge.fipi.ru/bank/questions.php?proj=DE0E276E497AB3784C3FC4CC20248DC0&page=190#q7B9160,verified_local_archive
22,A8A167,196,https://oge.fipi.ru/bank/questions.php?proj=DE0E276E497AB3784C3FC4CC20248DC0&page=196&pagesize=10#qA8A167,https://oge.fipi.ru/bank/questions.php?proj=DE0E276E497AB3784C3FC4CC20248DC0&page=196#qA8A167,verified_local_archive
22,C6653F,211,https://oge.fipi.ru/bank/questions.php?proj=DE0E276E497AB3784C3FC4CC20248DC0&page=211&pagesize=10#qC6653F,https://oge.fipi.ru/bank/questions.php?proj=DE0E276E497AB3784C3FC4CC20248DC0&page=211#qC6653F,verified_local_archive
22,E05C3B,213,https://oge.fipi.ru/bank/questions.php?proj=DE0E276E497AB3784C3FC4CC20248DC0&page=213&pagesize=10#qE05C3B,https://oge.fipi.ru/bank/questions.php?proj=DE0E276E497AB3784C3FC4CC20248DC0&page=213#qE05C3B,verified_local_archive
22,E73835,214,https://oge.fipi.ru/bank/questions.php?proj=DE0E276E497AB3784C3FC4CC20248DC0&page=214&pagesize=10#qE73835,https://oge.fipi.ru/bank/questions.php?proj=DE0E276E497AB3784C3FC4CC20248DC0&page=214#qE73835,verified_local_archive
22,0B2341,325,https://oge.fipi.ru/bank/questions.php?proj=DE0E276E497AB3784C3FC4CC20248DC0&page=325&pagesize=10#q0B2341,https://oge.fipi.ru/bank/questions.php?proj=DE0E276E497AB3784C3FC4CC20248DC0&page=325#q0B2341,verified_local_archive
22,772C4F,325,https://oge.fipi.ru/bank/questions.php?proj=DE0E276E497AB3784C3FC4CC20248DC0&page=325&pagesize=10#q772C4F,https://oge.fipi.ru/bank/questions.php?proj=DE0E276E497AB3784C3FC4CC20248DC0&page=325#q772C4F,verified_local_archive
22,B4CE4A,325,https://oge.fipi.ru/bank/questions.php?proj=DE0E276E497AB3784C3FC4CC20248DC0&page=325&pagesize=10#qB4CE4A,https://oge.fipi.ru/bank/questions.php?proj=DE0E276E497AB3784C3FC4CC20248DC0&page=325#qB4CE4A,verified_local_archive
22,152E49,325,https://oge.fipi.ru/bank/questions.php?proj=DE0E276E497AB3784C3FC4CC20248DC0&page=325&pagesize=10#q152E49,https://oge.fipi.ru/bank/questions.php?proj=DE0E276E497AB3784C3FC4CC20248DC0&page=325#q152E49,verified_local_archive
22,2A2D4E,326,https://oge.fipi.ru/bank/questions.php?proj=DE0E276E497AB3784C3FC4CC20248DC0&page=326&pagesize=10#q2A2D4E,https://oge.fipi.ru/bank/questions.php?proj=DE0E276E497AB3784C3FC4CC20248DC0&page=326#q2A2D4E,verified_local_archive
22,DF7E4D,326,https://oge.fipi.ru/bank/questions.php?proj=DE0E276E497AB3784C3FC4CC20248DC0&page=326&pagesize=10#qDF7E4D,https://oge.fipi.ru/bank/questions.php?proj=DE0E276E497AB3784C3FC4CC20248DC0&page=326#qDF7E4D,verified_local_archive
22,C0BD4C,326,https://oge.fipi.ru/bank/questions.php?proj=DE0E276E497AB3784C3FC4CC20248DC0&page=326&pagesize=10#qC0BD4C,https://oge.fipi.ru/bank/questions.php?proj=DE0E276E497AB3784C3FC4CC20248DC0&page=326#qC0BD4C,verified_local_archive
22,632946,326,https://oge.fipi.ru/bank/questions.php?proj=DE0E276E497AB3784C3FC4CC20248DC0&page=326&pagesize=10#q632946,https://oge.fipi.ru/bank/questions.php?proj=DE0E276E497AB3784C3FC4CC20248DC0&page=326#q632946,verified_local_archive
22,46EEF6,327,https://oge.fipi.ru/bank/questions.php?proj=DE0E276E497AB3784C3FC4CC20248DC0&page=327&pagesize=10#q46EEF6,https://oge.fipi.ru/bank/questions.php?proj=DE0E276E497AB3784C3FC4CC20248DC0&page=327#q46EEF6,verified_local_archive
22,13A5FD,327,https://oge.fipi.ru/bank/questions.php?proj=DE0E276E497AB3784C3FC4CC20248DC0&page=327&pagesize=10#q13A5FD,https://oge.fipi.ru/bank/questions.php?proj=DE0E276E497AB3784C3FC4CC20248DC0&page=327#q13A5FD,verified_local_archive
22,AB4DF3,327,https://oge.fipi.ru/bank/questions.php?proj=DE0E276E497AB3784C3FC4CC20248DC0&page=327&pagesize=10#qAB4DF3,https://oge.fipi.ru/bank/questions.php?proj=DE0E276E497AB3784C3FC4CC20248DC0&page=327#qAB4DF3,verified_local_archive
22,CB85F6,327,https://oge.fipi.ru/bank/questions.php?proj=DE0E276E497AB3784C3FC4CC20248DC0&page=327&pagesize=10#qCB85F6,https://oge.fipi.ru/bank/questions.php?proj=DE0E276E497AB3784C3FC4CC20248DC0&page=327#qCB85F6,verified_local_archive
22,EB0FF0,328,https://oge.fipi.ru/bank/questions.php?proj=DE0E276E497AB3784C3FC4CC20248DC0&page=328&pagesize=10#qEB0FF0,https://oge.fipi.ru/bank/questions.php?proj=DE0E276E497AB3784C3FC4CC20248DC0&page=328#qEB0FF0,verified_local_archive
22,E993F3,328,https://oge.fipi.ru/bank/questions.php?proj=DE0E276E497AB3784C3FC4CC20248DC0&page=328&pagesize=10#qE993F3,https://oge.fipi.ru/bank/questions.php?proj=DE0E276E497AB3784C3FC4CC20248DC0&page=328#qE993F3,verified_local_archive
22,625FF0,328,https://oge.fipi.ru/bank/questions.php?proj=DE0E276E497AB3784C3FC4CC20248DC0&page=328&pagesize=10#q625FF0,https://oge.fipi.ru/bank/questions.php?proj=DE0E276E497AB3784C3FC4CC20248DC0&page=328#q625FF0,verified_local_archive
22,6250F0,328,https://oge.fipi.ru/bank/questions.php?proj=DE0E276E497AB3784C3FC4CC20248DC0&page=328&pagesize=10#q6250F0,https://oge.fipi.ru/bank/questions.php?proj=DE0E276E497AB3784C3FC4CC20248DC0&page=328#q6250F0,verified_local_archive
22,6D7DF6,328,https://oge.fipi.ru/bank/questions.php?proj=DE0E276E497AB3784C3FC4CC20248DC0&page=328&pagesize=10#q6D7DF6,https://oge.fipi.ru/bank/questions.php?proj=DE0E276E497AB3784C3FC4CC20248DC0&page=328#q6D7DF6,verified_local_archive
22,46800C,328,https://oge.fipi.ru/bank/questions.php?proj=DE0E276E497AB3784C3FC4CC20248DC0&page=328&pagesize=10#q46800C,https://oge.fipi.ru/bank/questions.php?proj=DE0E276E497AB3784C3FC4CC20248DC0&page=328#q46800C,verified_local_archive
22,768602,328,https://oge.fipi.ru/bank/questions.php?proj=DE0E276E497AB3784C3FC4CC20248DC0&page=328&pagesize=10#q768602,https://oge.fipi.ru/bank/questions.php?proj=DE0E276E497AB3784C3FC4CC20248DC0&page=328#q768602,verified_local_archive
22,B3D80F,328,https://oge.fipi.ru/bank/questions.php?proj=DE0E276E497AB3784C3FC4CC20248DC0&page=328&pagesize=10#qB3D80F,https://oge.fipi.ru/bank/questions.php?proj=DE0E276E497AB3784C3FC4CC20248DC0&page=328#qB3D80F,verified_local_archive
22,20CD08,329,https://oge.fipi.ru/bank/questions.php?proj=DE0E276E497AB3784C3FC4CC20248DC0&page=329&pagesize=10#q20CD08,https://oge.fipi.ru/bank/questions.php?proj=DE0E276E497AB3784C3FC4CC20248DC0&page=329#q20CD08,verified_local_archive
22,C1600B,329,https://oge.fipi.ru/bank/questions.php?proj=DE0E276E497AB3784C3FC4CC20248DC0&page=329&pagesize=10#qC1600B,https://oge.fipi.ru/bank/questions.php?proj=DE0E276E497AB3784C3FC4CC20248DC0&page=329#qC1600B,verified_local_archive
22,C69602,329,https://oge.fipi.ru/bank/questions.php?proj=DE0E276E497AB3784C3FC4CC20248DC0&page=329&pagesize=10#qC69602,https://oge.fipi.ru/bank/questions.php?proj=DE0E276E497AB3784C3FC4CC20248DC0&page=329#qC69602,verified_local_archive
22,68EB0C,329,https://oge.fipi.ru/bank/questions.php?proj=DE0E276E497AB3784C3FC4CC20248DC0&page=329&pagesize=10#q68EB0C,https://oge.fipi.ru/bank/questions.php?proj=DE0E276E497AB3784C3FC4CC20248DC0&page=329#q68EB0C,verified_local_archive
22,35020B,329,https://oge.fipi.ru/bank/questions.php?proj=DE0E276E497AB3784C3FC4CC20248DC0&page=329&pagesize=10#q35020B,https://oge.fipi.ru/bank/questions.php?proj=DE0E276E497AB3784C3FC4CC20248DC0&page=329#q35020B,verified_local_archive
22,3D9A0A,329,https://oge.fipi.ru/bank/questions.php?proj=DE0E276E497AB3784C3FC4CC20248DC0&page=329&pagesize=10#q3D9A0A,https://oge.fipi.ru/bank/questions.php?proj=DE0E276E497AB3784C3FC4CC20248DC0&page=329#q3D9A0A,verified_local_archive
22,FCB77C,329,https://oge.fipi.ru/bank/questions.php?proj=DE0E276E497AB3784C3FC4CC20248DC0&page=329&pagesize=10#qFCB77C,https://oge.fipi.ru/bank/questions.php?proj=DE0E276E497AB3784C3FC4CC20248DC0&page=329#qFCB77C,verified_local_archive
22,0D3070,330,https://oge.fipi.ru/bank/questions.php?proj=DE0E276E497AB3784C3FC4CC20248DC0&page=330&pagesize=10#q0D3070,https://oge.fipi.ru/bank/questions.php?proj=DE0E276E497AB3784C3FC4CC20248DC0&page=330#q0D3070,verified_local_archive
22,076977,330,https://oge.fipi.ru/bank/questions.php?proj=DE0E276E497AB3784C3FC4CC20248DC0&page=330&pagesize=10#q076977,https://oge.fipi.ru/bank/questions.php?proj=DE0E276E497AB3784C3FC4CC20248DC0&page=330#q076977,verified_local_archive
22,7AC574,330,https://oge.fipi.ru/bank/questions.php?proj=DE0E276E497AB3784C3FC4CC20248DC0&page=330&pagesize=10#q7AC574,https://oge.fipi.ru/bank/questions.php?proj=DE0E276E497AB3784C3FC4CC20248DC0&page=330#q7AC574,verified_local_archive
22,B80D72,330,https://oge.fipi.ru/bank/questions.php?proj=DE0E276E497AB3784C3FC4CC20248DC0&page=330&pagesize=10#qB80D72,https://oge.fipi.ru/bank/questions.php?proj=DE0E276E497AB3784C3FC4CC20248DC0&page=330#qB80D72,verified_local_archive
22,1CE27B,330,https://oge.fipi.ru/bank/questions.php?proj=DE0E276E497AB3784C3FC4CC20248DC0&page=330&pagesize=10#q1CE27B,https://oge.fipi.ru/bank/questions.php?proj=DE0E276E497AB3784C3FC4CC20248DC0&page=330#q1CE27B,verified_local_archive
22,158C7B,330,https://oge.fipi.ru/bank/questions.php?proj=DE0E276E497AB3784C3FC4CC20248DC0&page=330&pagesize=10#q158C7B,https://oge.fipi.ru/bank/questions.php?proj=DE0E276E497AB3784C3FC4CC20248DC0&page=330#q158C7B,verified_local_archive
22,381A79,331,https://oge.fipi.ru/bank/questions.php?proj=DE0E276E497AB3784C3FC4CC20248DC0&page=331&pagesize=10#q381A79,https://oge.fipi.ru/bank/questions.php?proj=DE0E276E497AB3784C3FC4CC20248DC0&page=331#q381A79,verified_local_archive
22,4773B7,331,https://oge.fipi.ru/bank/questions.php?proj=DE0E276E497AB3784C3FC4CC20248DC0&page=331&pagesize=10#q4773B7,https://oge.fipi.ru/bank/questions.php?proj=DE0E276E497AB3784C3FC4CC20248DC0&page=331#q4773B7,verified_local_archive
22,F0A0B3,332,https://oge.fipi.ru/bank/questions.php?proj=DE0E276E497AB3784C3FC4CC20248DC0&page=332&pagesize=10#qF0A0B3,https://oge.fipi.ru/bank/questions.php?proj=DE0E276E497AB3784C3FC4CC20248DC0&page=332#qF0A0B3,verified_local_archive
22,7493BA,332,https://oge.fipi.ru/bank/questions.php?proj=DE0E276E497AB3784C3FC4CC20248DC0&page=332&pagesize=10#q7493BA,https://oge.fipi.ru/bank/questions.php?proj=DE0E276E497AB3784C3FC4CC20248DC0&page=332#q7493BA,verified_local_archive
22,EF61B5,332,https://oge.fipi.ru/bank/questions.php?proj=DE0E276E497AB3784C3FC4CC20248DC0&page=332&pagesize=10#qEF61B5,https://oge.fipi.ru/bank/questions.php?proj=DE0E276E497AB3784C3FC4CC20248DC0&page=332#qEF61B5,verified_local_archive
22,4FBE10,333,https://oge.fipi.ru/bank/questions.php?proj=DE0E276E497AB3784C3FC4CC20248DC0&page=333&pagesize=10#q4FBE10,https://oge.fipi.ru/bank/questions.php?proj=DE0E276E497AB3784C3FC4CC20248DC0&page=333#q4FBE10,verified_local_archive
22,4CB11B,333,https://oge.fipi.ru/bank/questions.php?proj=DE0E276E497AB3784C3FC4CC20248DC0&page=333&pagesize=10#q4CB11B,https://oge.fipi.ru/bank/questions.php?proj=DE0E276E497AB3784C3FC4CC20248DC0&page=333#q4CB11B,verified_local_archive
22,F3131F,333,https://oge.fipi.ru/bank/questions.php?proj=DE0E276E497AB3784C3FC4CC20248DC0&page=333&pagesize=10#qF3131F,https://oge.fipi.ru/bank/questions.php?proj=DE0E276E497AB3784C3FC4CC20248DC0&page=333#qF3131F,verified_local_archive
22,02F213,333,https://oge.fipi.ru/bank/questions.php?proj=DE0E276E497AB3784C3FC4CC20248DC0&page=333&pagesize=10#q02F213,https://oge.fipi.ru/bank/questions.php?proj=DE0E276E497AB3784C3FC4CC20248DC0&page=333#q02F213,verified_local_archive
22,D69F19,334,https://oge.fipi.ru/bank/questions.php?proj=DE0E276E497AB3784C3FC4CC20248DC0&page=334&pagesize=10#qD69F19,https://oge.fipi.ru/bank/questions.php?proj=DE0E276E497AB3784C3FC4CC20248DC0&page=334#qD69F19,verified_local_archive
22,929B17,334,https://oge.fipi.ru/bank/questions.php?proj=DE0E276E497AB3784C3FC4CC20248DC0&page=334&pagesize=10#q929B17,https://oge.fipi.ru/bank/questions.php?proj=DE0E276E497AB3784C3FC4CC20248DC0&page=334#q929B17,verified_local_archive
22,E23414,334,https://oge.fipi.ru/bank/questions.php?proj=DE0E276E497AB3784C3FC4CC20248DC0&page=334&pagesize=10#qE23414,https://oge.fipi.ru/bank/questions.php?proj=DE0E276E497AB3784C3FC4CC20248DC0&page=334#qE23414,verified_local_archive
22,E88E19,334,https://oge.fipi.ru/bank/questions.php?proj=DE0E276E497AB3784C3FC4CC20248DC0&page=334&pagesize=10#qE88E19,https://oge.fipi.ru/bank/questions.php?proj=DE0E276E497AB3784C3FC4CC20248DC0&page=334#qE88E19,verified_local_archive
22,6DF71A,335,https://oge.fipi.ru/bank/questions.php?proj=DE0E276E497AB3784C3FC4CC20248DC0&page=335&pagesize=10#q6DF71A,https://oge.fipi.ru/bank/questions.php?proj=DE0E276E497AB3784C3FC4CC20248DC0&page=335#q6DF71A,verified_local_archive
22,396E17,335,https://oge.fipi.ru/bank/questions.php?proj=DE0E276E497AB3784C3FC4CC20248DC0&page=335&pagesize=10#q396E17,https://oge.fipi.ru/bank/questions.php?proj=DE0E276E497AB3784C3FC4CC20248DC0&page=335#q396E17,verified_local_archive
22,41D023,335,https://oge.fipi.ru/bank/questions.php?proj=DE0E276E497AB3784C3FC4CC20248DC0&page=335&pagesize=10#q41D023,https://oge.fipi.ru/bank/questions.php?proj=DE0E276E497AB3784C3FC4CC20248DC0&page=335#q41D023,verified_local_archive
22,0DC82F,335,https://oge.fipi.ru/bank/questions.php?proj=DE0E276E497AB3784C3FC4CC20248DC0&page=335&pagesize=10#q0DC82F,https://oge.fipi.ru/bank/questions.php?proj=DE0E276E497AB3784C3FC4CC20248DC0&page=335#q0DC82F,verified_local_archive
22,03E125,335,https://oge.fipi.ru/bank/questions.php?proj=DE0E276E497AB3784C3FC4CC20248DC0&page=335&pagesize=10#q03E125,https://oge.fipi.ru/bank/questions.php?proj=DE0E276E497AB3784C3FC4CC20248DC0&page=335#q03E125,verified_local_archive
22,70822B,335,https://oge.fipi.ru/bank/questions.php?proj=DE0E276E497AB3784C3FC4CC20248DC0&page=335&pagesize=10#q70822B,https://oge.fipi.ru/bank/questions.php?proj=DE0E276E497AB3784C3FC4CC20248DC0&page=335#q70822B,verified_local_archive
22,2C1121,336,https://oge.fipi.ru/bank/questions.php?proj=DE0E276E497AB3784C3FC4CC20248DC0&page=336&pagesize=10#q2C1121,https://oge.fipi.ru/bank/questions.php?proj=DE0E276E497AB3784C3FC4CC20248DC0&page=336#q2C1121,verified_local_archive
22,DE232E,336,https://oge.fipi.ru/bank/questions.php?proj=DE0E276E497AB3784C3FC4CC20248DC0&page=336&pagesize=10#qDE232E,https://oge.fipi.ru/bank/questions.php?proj=DE0E276E497AB3784C3FC4CC20248DC0&page=336#qDE232E,verified_local_archive
22,C16D27,336,https://oge.fipi.ru/bank/questions.php?proj=DE0E276E497AB3784C3FC4CC20248DC0&page=336&pagesize=10#qC16D27,https://oge.fipi.ru/bank/questions.php?proj=DE0E276E497AB3784C3FC4CC20248DC0&page=336#qC16D27,verified_local_archive
22,C1F62D,336,https://oge.fipi.ru/bank/questions.php?proj=DE0E276E497AB3784C3FC4CC20248DC0&page=336&pagesize=10#qC1F62D,https://oge.fipi.ru/bank/questions.php?proj=DE0E276E497AB3784C3FC4CC20248DC0&page=336#qC1F62D,verified_local_archive
22,CC5028,336,https://oge.fipi.ru/bank/questions.php?proj=DE0E276E497AB3784C3FC4CC20248DC0&page=336&pagesize=10#qCC5028,https://oge.fipi.ru/bank/questions.php?proj=DE0E276E497AB3784C3FC4CC20248DC0&page=336#qCC5028,verified_local_archive
22,90DE2C,336,https://oge.fipi.ru/bank/questions.php?proj=DE0E276E497AB3784C3FC4CC20248DC0&page=336&pagesize=10#q90DE2C,https://oge.fipi.ru/bank/questions.php?proj=DE0E276E497AB3784C3FC4CC20248DC0&page=336#q90DE2C,verified_local_archive
22,693B2F,336,https://oge.fipi.ru/bank/questions.php?proj=DE0E276E497AB3784C3FC4CC20248DC0&page=336&pagesize=10#q693B2F,https://oge.fipi.ru/bank/questions.php?proj=DE0E276E497AB3784C3FC4CC20248DC0&page=336#q693B2F,verified_local_archive
22,8A552E,337,https://oge.fipi.ru/bank/questions.php?proj=DE0E276E497AB3784C3FC4CC20248DC0&page=337&pagesize=10#q8A552E,https://oge.fipi.ru/bank/questions.php?proj=DE0E276E497AB3784C3FC4CC20248DC0&page=337#q8A552E,verified_local_archive
22,B745DE,337,https://oge.fipi.ru/bank/questions.php?proj=DE0E276E497AB3784C3FC4CC20248DC0&page=337&pagesize=10#qB745DE,https://oge.fipi.ru/bank/questions.php?proj=DE0E276E497AB3784C3FC4CC20248DC0&page=337#qB745DE,verified_local_archive
22,DA94D8,337,https://oge.fipi.ru/bank/questions.php?proj=DE0E276E497AB3784C3FC4CC20248DC0&page=337&pagesize=10#qDA94D8,https://oge.fipi.ru/bank/questions.php?proj=DE0E276E497AB3784C3FC4CC20248DC0&page=337#qDA94D8,verified_local_archive
22,942ADF,337,https://oge.fipi.ru/bank/questions.php?proj=DE0E276E497AB3784C3FC4CC20248DC0&page=337&pagesize=10#q942ADF,https://oge.fipi.ru/bank/questions.php?proj=DE0E276E497AB3784C3FC4CC20248DC0&page=337#q942ADF,verified_local_archive
22,67EDD6,338,https://oge.fipi.ru/bank/questions.php?proj=DE0E276E497AB3784C3FC4CC20248DC0&page=338&pagesize=10#q67EDD6,https://oge.fipi.ru/bank/questions.php?proj=DE0E276E497AB3784C3FC4CC20248DC0&page=338#q67EDD6,verified_local_archive
22,34C6D0,338,https://oge.fipi.ru/bank/questions.php?proj=DE0E276E497AB3784C3FC4CC20248DC0&page=338&pagesize=10#q34C6D0,https://oge.fipi.ru/bank/questions.php?proj=DE0E276E497AB3784C3FC4CC20248DC0&page=338#q34C6D0,verified_local_archive
22,38C1D6,338,https://oge.fipi.ru/bank/questions.php?proj=DE0E276E497AB3784C3FC4CC20248DC0&page=338&pagesize=10#q38C1D6,https://oge.fipi.ru/bank/questions.php?proj=DE0E276E497AB3784C3FC4CC20248DC0&page=338#q38C1D6,verified_local_archive
22,8E25DC,338,https://oge.fipi.ru/bank/questions.php?proj=DE0E276E497AB3784C3FC4CC20248DC0&page=338&pagesize=10#q8E25DC,https://oge.fipi.ru/bank/questions.php?proj=DE0E276E497AB3784C3FC4CC20248DC0&page=338#q8E25DC,verified_local_archive
22,8D22D9,338,https://oge.fipi.ru/bank/questions.php?proj=DE0E276E497AB3784C3FC4CC20248DC0&page=338&pagesize=10#q8D22D9,https://oge.fipi.ru/bank/questions.php?proj=DE0E276E497AB3784C3FC4CC20248DC0&page=338#q8D22D9,verified_local_archive
22,F92250,338,https://oge.fipi.ru/bank/questions.php?proj=DE0E276E497AB3784C3FC4CC20248DC0&page=338&pagesize=10#qF92250,https://oge.fipi.ru/bank/questions.php?proj=DE0E276E497AB3784C3FC4CC20248DC0&page=338#qF92250,verified_local_archive
22,B50355,338,https://oge.fipi.ru/bank/questions.php?proj=DE0E276E497AB3784C3FC4CC20248DC0&page=338&pagesize=10#qB50355,https://oge.fipi.ru/bank/questions.php?proj=DE0E276E497AB3784C3FC4CC20248DC0&page=338#qB50355,verified_local_archive
22,1D555C,339,https://oge.fipi.ru/bank/questions.php?proj=DE0E276E497AB3784C3FC4CC20248DC0&page=339&pagesize=10#q1D555C,https://oge.fipi.ru/bank/questions.php?proj=DE0E276E497AB3784C3FC4CC20248DC0&page=339#q1D555C,verified_local_archive
22,2E135D,339,https://oge.fipi.ru/bank/questions.php?proj=DE0E276E497AB3784C3FC4CC20248DC0&page=339&pagesize=10#q2E135D,https://oge.fipi.ru/bank/questions.php?proj=DE0E276E497AB3784C3FC4CC20248DC0&page=339#q2E135D,verified_local_archive
22,92985D,339,https://oge.fipi.ru/bank/questions.php?proj=DE0E276E497AB3784C3FC4CC20248DC0&page=339&pagesize=10#q92985D,https://oge.fipi.ru/bank/questions.php?proj=DE0E276E497AB3784C3FC4CC20248DC0&page=339#q92985D,verified_local_archive
22,64F750,340,https://oge.fipi.ru/bank/questions.php?proj=DE0E276E497AB3784C3FC4CC20248DC0&page=340&pagesize=10#q64F750,https://oge.fipi.ru/bank/questions.php?proj=DE0E276E497AB3784C3FC4CC20248DC0&page=340#q64F750,verified_local_archive
22,FE4FAA,340,https://oge.fipi.ru/bank/questions.php?proj=DE0E276E497AB3784C3FC4CC20248DC0&page=340&pagesize=10#qFE4FAA,https://oge.fipi.ru/bank/questions.php?proj=DE0E276E497AB3784C3FC4CC20248DC0&page=340#qFE4FAA,verified_local_archive
22,2F87A2,341,https://oge.fipi.ru/bank/questions.php?proj=DE0E276E497AB3784C3FC4CC20248DC0&page=341&pagesize=10#q2F87A2,https://oge.fipi.ru/bank/questions.php?proj=DE0E276E497AB3784C3FC4CC20248DC0&page=341#q2F87A2,verified_local_archive
22,E4E1A2,341,https://oge.fipi.ru/bank/questions.php?proj=DE0E276E497AB3784C3FC4CC20248DC0&page=341&pagesize=10#qE4E1A2,https://oge.fipi.ru/bank/questions.php?proj=DE0E276E497AB3784C3FC4CC20248DC0&page=341#qE4E1A2,verified_local_archive
22,8228A6,342,https://oge.fipi.ru/bank/questions.php?proj=DE0E276E497AB3784C3FC4CC20248DC0&page=342&pagesize=10#q8228A6,https://oge.fipi.ru/bank/questions.php?proj=DE0E276E497AB3784C3FC4CC20248DC0&page=342#q8228A6,verified_local_archive
22,4296C4,342,https://oge.fipi.ru/bank/questions.php?proj=DE0E276E497AB3784C3FC4CC20248DC0&page=342&pagesize=10#q4296C4,https://oge.fipi.ru/bank/questions.php?proj=DE0E276E497AB3784C3FC4CC20248DC0&page=342#q4296C4,verified_local_archive
22,FD51C3,342,https://oge.fipi.ru/bank/questions.php?proj=DE0E276E497AB3784C3FC4CC20248DC0&page=342&pagesize=10#qFD51C3,https://oge.fipi.ru/bank/questions.php?proj=DE0E276E497AB3784C3FC4CC20248DC0&page=342#qFD51C3,verified_local_archive
22,B6A5C4,342,https://oge.fipi.ru/bank/questions.php?proj=DE0E276E497AB3784C3FC4CC20248DC0&page=342&pagesize=10#qB6A5C4,https://oge.fipi.ru/bank/questions.php?proj=DE0E276E497AB3784C3FC4CC20248DC0&page=342#qB6A5C4,verified_local_archive
22,BCD2CD,342,https://oge.fipi.ru/bank/questions.php?proj=DE0E276E497AB3784C3FC4CC20248DC0&page=342&pagesize=10#qBCD2CD,https://oge.fipi.ru/bank/questions.php?proj=DE0E276E497AB3784C3FC4CC20248DC0&page=342#qBCD2CD,verified_local_archive
22,2939C4,343,https://oge.fipi.ru/bank/questions.php?proj=DE0E276E497AB3784C3FC4CC20248DC0&page=343&pagesize=10#q2939C4,https://oge.fipi.ru/bank/questions.php?proj=DE0E276E497AB3784C3FC4CC20248DC0&page=343#q2939C4,verified_local_archive
22,2029CA,343,https://oge.fipi.ru/bank/questions.php?proj=DE0E276E497AB3784C3FC4CC20248DC0&page=343&pagesize=10#q2029CA,https://oge.fipi.ru/bank/questions.php?proj=DE0E276E497AB3784C3FC4CC20248DC0&page=343#q2029CA,verified_local_archive
22,DC01C3,343,https://oge.fipi.ru/bank/questions.php?proj=DE0E276E497AB3784C3FC4CC20248DC0&page=343&pagesize=10#qDC01C3,https://oge.fipi.ru/bank/questions.php?proj=DE0E276E497AB3784C3FC4CC20248DC0&page=343#qDC01C3,verified_local_archive
22,93A1CB,343,https://oge.fipi.ru/bank/questions.php?proj=DE0E276E497AB3784C3FC4CC20248DC0&page=343&pagesize=10#q93A1CB,https://oge.fipi.ru/bank/questions.php?proj=DE0E276E497AB3784C3FC4CC20248DC0&page=343#q93A1CB,verified_local_archive
22,644EC3,343,https://oge.fipi.ru/bank/questions.php?proj=DE0E276E497AB3784C3FC4CC20248DC0&page=343&pagesize=10#q644EC3,https://oge.fipi.ru/bank/questions.php?proj=DE0E276E497AB3784C3FC4CC20248DC0&page=343#q644EC3,verified_local_archive
22,B1979C,344,https://oge.fipi.ru/bank/questions.php?proj=DE0E276E497AB3784C3FC4CC20248DC0&page=344&pagesize=10#qB1979C,https://oge.fipi.ru/bank/questions.php?proj=DE0E276E497AB3784C3FC4CC20248DC0&page=344#qB1979C,verified_local_archive
22,2C6E96,344,https://oge.fipi.ru/bank/questions.php?proj=DE0E276E497AB3784C3FC4CC20248DC0&page=344&pagesize=10#q2C6E96,https://oge.fipi.ru/bank/questions.php?proj=DE0E276E497AB3784C3FC4CC20248DC0&page=344#q2C6E96,verified_local_archive
22,DCCD98,344,https://oge.fipi.ru/bank/questions.php?proj=DE0E276E497AB3784C3FC4CC20248DC0&page=344&pagesize=10#qDCCD98,https://oge.fipi.ru/bank/questions.php?proj=DE0E276E497AB3784C3FC4CC20248DC0&page=344#qDCCD98,verified_local_archive
22,F8D6E6,345,https://oge.fipi.ru/bank/questions.php?proj=DE0E276E497AB3784C3FC4CC20248DC0&page=345&pagesize=10#qF8D6E6,https://oge.fipi.ru/bank/questions.php?proj=DE0E276E497AB3784C3FC4CC20248DC0&page=345#qF8D6E6,verified_local_archive
22,59A6E0,346,https://oge.fipi.ru/bank/questions.php?proj=DE0E276E497AB3784C3FC4CC20248DC0&page=346&pagesize=10#q59A6E0,https://oge.fipi.ru/bank/questions.php?proj=DE0E276E497AB3784C3FC4CC20248DC0&page=346#q59A6E0,verified_local_archive
22,C415E2,346,https://oge.fipi.ru/bank/questions.php?proj=DE0E276E497AB3784C3FC4CC20248DC0&page=346&pagesize=10#qC415E2,https://oge.fipi.ru/bank/questions.php?proj=DE0E276E497AB3784C3FC4CC20248DC0&page=346#qC415E2,verified_local_archive
22,95BEE9,346,https://oge.fipi.ru/bank/questions.php?proj=DE0E276E497AB3784C3FC4CC20248DC0&page=346&pagesize=10#q95BEE9,https://oge.fipi.ru/bank/questions.php?proj=DE0E276E497AB3784C3FC4CC20248DC0&page=346#q95BEE9,verified_local_archive
22,333EE6,346,https://oge.fipi.ru/bank/questions.php?proj=DE0E276E497AB3784C3FC4CC20248DC0&page=346&pagesize=10#q333EE6,https://oge.fipi.ru/bank/questions.php?proj=DE0E276E497AB3784C3FC4CC20248DC0&page=346#q333EE6,verified_local_archive
22,3B00E8,347,https://oge.fipi.ru/bank/questions.php?proj=DE0E276E497AB3784C3FC4CC20248DC0&page=347&pagesize=10#q3B00E8,https://oge.fipi.ru/bank/questions.php?proj=DE0E276E497AB3784C3FC4CC20248DC0&page=347#q3B00E8,verified_local_archive
22,769468,347,https://oge.fipi.ru/bank/questions.php?proj=DE0E276E497AB3784C3FC4CC20248DC0&page=347&pagesize=10#q769468,https://oge.fipi.ru/bank/questions.php?proj=DE0E276E497AB3784C3FC4CC20248DC0&page=347#q769468,verified_local_archive
22,B0AF6B,347,https://oge.fipi.ru/bank/questions.php?proj=DE0E276E497AB3784C3FC4CC20248DC0&page=347&pagesize=10#qB0AF6B,https://oge.fipi.ru/bank/questions.php?proj=DE0E276E497AB3784C3FC4CC20248DC0&page=347#qB0AF6B,verified_local_archive
22,1A7E63,347,https://oge.fipi.ru/bank/questions.php?proj=DE0E276E497AB3784C3FC4CC20248DC0&page=347&pagesize=10#q1A7E63,https://oge.fipi.ru/bank/questions.php?proj=DE0E276E497AB3784C3FC4CC20248DC0&page=347#q1A7E63,verified_local_archive
22,C1266B,348,https://oge.fipi.ru/bank/questions.php?proj=DE0E276E497AB3784C3FC4CC20248DC0&page=348&pagesize=10#qC1266B,https://oge.fipi.ru/bank/questions.php?proj=DE0E276E497AB3784C3FC4CC20248DC0&page=348#qC1266B,verified_local_archive
22,EFF36A,348,https://oge.fipi.ru/bank/questions.php?proj=DE0E276E497AB3784C3FC4CC20248DC0&page=348&pagesize=10#qEFF36A,https://oge.fipi.ru/bank/questions.php?proj=DE0E276E497AB3784C3FC4CC20248DC0&page=348#qEFF36A,verified_local_archive
22,7FE635,349,https://oge.fipi.ru/bank/questions.php?proj=DE0E276E497AB3784C3FC4CC20248DC0&page=349&pagesize=10#q7FE635,https://oge.fipi.ru/bank/questions.php?proj=DE0E276E497AB3784C3FC4CC20248DC0&page=349#q7FE635,verified_local_archive
22,D22637,349,https://oge.fipi.ru/bank/questions.php?proj=DE0E276E497AB3784C3FC4CC20248DC0&page=349&pagesize=10#qD22637,https://oge.fipi.ru/bank/questions.php?proj=DE0E276E497AB3784C3FC4CC20248DC0&page=349#qD22637,verified_local_archive
22,D28F33,349,https://oge.fipi.ru/bank/questions.php?proj=DE0E276E497AB3784C3FC4CC20248DC0&page=349&pagesize=10#qD28F33,https://oge.fipi.ru/bank/questions.php?proj=DE0E276E497AB3784C3FC4CC20248DC0&page=349#qD28F33,verified_local_archive
22,CE2631,349,https://oge.fipi.ru/bank/questions.php?proj=DE0E276E497AB3784C3FC4CC20248DC0&page=349&pagesize=10#qCE2631,https://oge.fipi.ru/bank/questions.php?proj=DE0E276E497AB3784C3FC4CC20248DC0&page=349#qCE2631,verified_local_archive
22,EC2E37,349,https://oge.fipi.ru/bank/questions.php?proj=DE0E276E497AB3784C3FC4CC20248DC0&page=349&pagesize=10#qEC2E37,https://oge.fipi.ru/bank/questions.php?proj=DE0E276E497AB3784C3FC4CC20248DC0&page=349#qEC2E37,verified_local_archive
22,E34C3B,350,https://oge.fipi.ru/bank/questions.php?proj=DE0E276E497AB3784C3FC4CC20248DC0&page=350&pagesize=10#qE34C3B,https://oge.fipi.ru/bank/questions.php?proj=DE0E276E497AB3784C3FC4CC20248DC0&page=350#qE34C3B,verified_local_archive
22,E13E3C,350,https://oge.fipi.ru/bank/questions.php?proj=DE0E276E497AB3784C3FC4CC20248DC0&page=350&pagesize=10#qE13E3C,https://oge.fipi.ru/bank/questions.php?proj=DE0E276E497AB3784C3FC4CC20248DC0&page=350#qE13E3C,verified_local_archive
22,38ED33,350,https://oge.fipi.ru/bank/questions.php?proj=DE0E276E497AB3784C3FC4CC20248DC0&page=350&pagesize=10#q38ED33,https://oge.fipi.ru/bank/questions.php?proj=DE0E276E497AB3784C3FC4CC20248DC0&page=350#q38ED33,verified_local_archive
22,83223D,350,https://oge.fipi.ru/bank/questions.php?proj=DE0E276E497AB3784C3FC4CC20248DC0&page=350&pagesize=10#q83223D,https://oge.fipi.ru/bank/questions.php?proj=DE0E276E497AB3784C3FC4CC20248DC0&page=350#q83223D,verified_local_archive
22,778885,351,https://oge.fipi.ru/bank/questions.php?proj=DE0E276E497AB3784C3FC4CC20248DC0&page=351&pagesize=10#q778885,https://oge.fipi.ru/bank/questions.php?proj=DE0E276E497AB3784C3FC4CC20248DC0&page=351#q778885,verified_local_archive
22,7AC286,351,https://oge.fipi.ru/bank/questions.php?proj=DE0E276E497AB3784C3FC4CC20248DC0&page=351&pagesize=10#q7AC286,https://oge.fipi.ru/bank/questions.php?proj=DE0E276E497AB3784C3FC4CC20248DC0&page=351#q7AC286,verified_local_archive
22,2CBB87,351,https://oge.fipi.ru/bank/questions.php?proj=DE0E276E497AB3784C3FC4CC20248DC0&page=351&pagesize=10#q2CBB87,https://oge.fipi.ru/bank/questions.php?proj=DE0E276E497AB3784C3FC4CC20248DC0&page=351#q2CBB87,verified_local_archive
22,24E78D,351,https://oge.fipi.ru/bank/questions.php?proj=DE0E276E497AB3784C3FC4CC20248DC0&page=351&pagesize=10#q24E78D,https://oge.fipi.ru/bank/questions.php?proj=DE0E276E497AB3784C3FC4CC20248DC0&page=351#q24E78D,verified_local_archive
22,5A6286,351,https://oge.fipi.ru/bank/questions.php?proj=DE0E276E497AB3784C3FC4CC20248DC0&page=351&pagesize=10#q5A6286,https://oge.fipi.ru/bank/questions.php?proj=DE0E276E497AB3784C3FC4CC20248DC0&page=351#q5A6286,verified_local_archive
22,E0478E,352,https://oge.fipi.ru/bank/questions.php?proj=DE0E276E497AB3784C3FC4CC20248DC0&page=352&pagesize=10#qE0478E,https://oge.fipi.ru/bank/questions.php?proj=DE0E276E497AB3784C3FC4CC20248DC0&page=352#qE0478E,verified_local_archive
22,6B948F,352,https://oge.fipi.ru/bank/questions.php?proj=DE0E276E497AB3784C3FC4CC20248DC0&page=352&pagesize=10#q6B948F,https://oge.fipi.ru/bank/questions.php?proj=DE0E276E497AB3784C3FC4CC20248DC0&page=352#q6B948F,verified_local_archive
23,B5384B,232,https://oge.fipi.ru/bank/questions.php?proj=DE0E276E497AB3784C3FC4CC20248DC0&page=232&pagesize=10#qB5384B,https://oge.fipi.ru/bank/questions.php?proj=DE0E276E497AB3784C3FC4CC20248DC0&page=232#qB5384B,verified_local_archive
23,2DD84F,233,https://oge.fipi.ru/bank/questions.php?proj=DE0E276E497AB3784C3FC4CC20248DC0&page=233&pagesize=10#q2DD84F,https://oge.fipi.ru/bank/questions.php?proj=DE0E276E497AB3784C3FC4CC20248DC0&page=233#q2DD84F,verified_local_archive
23,2E1F4A,233,https://oge.fipi.ru/bank/questions.php?proj=DE0E276E497AB3784C3FC4CC20248DC0&page=233&pagesize=10#q2E1F4A,https://oge.fipi.ru/bank/questions.php?proj=DE0E276E497AB3784C3FC4CC20248DC0&page=233#q2E1F4A,verified_local_archive
23,225F49,233,https://oge.fipi.ru/bank/questions.php?proj=DE0E276E497AB3784C3FC4CC20248DC0&page=233&pagesize=10#q225F49,https://oge.fipi.ru/bank/questions.php?proj=DE0E276E497AB3784C3FC4CC20248DC0&page=233#q225F49,verified_local_archive
23,9CB749,235,https://oge.fipi.ru/bank/questions.php?proj=DE0E276E497AB3784C3FC4CC20248DC0&page=235&pagesize=10#q9CB749,https://oge.fipi.ru/bank/questions.php?proj=DE0E276E497AB3784C3FC4CC20248DC0&page=235#q9CB749,verified_local_archive
23,D6ACF3,239,https://oge.fipi.ru/bank/questions.php?proj=DE0E276E497AB3784C3FC4CC20248DC0&page=239&pagesize=10#qD6ACF3,https://oge.fipi.ru/bank/questions.php?proj=DE0E276E497AB3784C3FC4CC20248DC0&page=239#qD6ACF3,verified_local_archive
23,5BE0F9,240,https://oge.fipi.ru/bank/questions.php?proj=DE0E276E497AB3784C3FC4CC20248DC0&page=240&pagesize=10#q5BE0F9,https://oge.fipi.ru/bank/questions.php?proj=DE0E276E497AB3784C3FC4CC20248DC0&page=240#q5BE0F9,verified_local_archive
23,6380F3,242,https://oge.fipi.ru/bank/questions.php?proj=DE0E276E497AB3784C3FC4CC20248DC0&page=242&pagesize=10#q6380F3,https://oge.fipi.ru/bank/questions.php?proj=DE0E276E497AB3784C3FC4CC20248DC0&page=242#q6380F3,verified_local_archive
23,F69509,243,https://oge.fipi.ru/bank/questions.php?proj=DE0E276E497AB3784C3FC4CC20248DC0&page=243&pagesize=10#qF69509,https://oge.fipi.ru/bank/questions.php?proj=DE0E276E497AB3784C3FC4CC20248DC0&page=243#qF69509,verified_local_archive
23,13C50A,244,https://oge.fipi.ru/bank/questions.php?proj=DE0E276E497AB3784C3FC4CC20248DC0&page=244&pagesize=10#q13C50A,https://oge.fipi.ru/bank/questions.php?proj=DE0E276E497AB3784C3FC4CC20248DC0&page=244#q13C50A,verified_local_archive
23,20DE0A,245,https://oge.fipi.ru/bank/questions.php?proj=DE0E276E497AB3784C3FC4CC20248DC0&page=245&pagesize=10#q20DE0A,https://oge.fipi.ru/bank/questions.php?proj=DE0E276E497AB3784C3FC4CC20248DC0&page=245#q20DE0A,verified_local_archive
23,D5F808,245,https://oge.fipi.ru/bank/questions.php?proj=DE0E276E497AB3784C3FC4CC20248DC0&page=245&pagesize=10#qD5F808,https://oge.fipi.ru/bank/questions.php?proj=DE0E276E497AB3784C3FC4CC20248DC0&page=245#qD5F808,verified_local_archive
23,A9B305,246,https://oge.fipi.ru/bank/questions.php?proj=DE0E276E497AB3784C3FC4CC20248DC0&page=246&pagesize=10#qA9B305,https://oge.fipi.ru/bank/questions.php?proj=DE0E276E497AB3784C3FC4CC20248DC0&page=246#qA9B305,verified_local_archive
23,C3F608,246,https://oge.fipi.ru/bank/questions.php?proj=DE0E276E497AB3784C3FC4CC20248DC0&page=246&pagesize=10#qC3F608,https://oge.fipi.ru/bank/questions.php?proj=DE0E276E497AB3784C3FC4CC20248DC0&page=246#qC3F608,verified_local_archive
23,F47774,248,https://oge.fipi.ru/bank/questions.php?proj=DE0E276E497AB3784C3FC4CC20248DC0&page=248&pagesize=10#qF47774,https://oge.fipi.ru/bank/questions.php?proj=DE0E276E497AB3784C3FC4CC20248DC0&page=248#qF47774,verified_local_archive
23,75F77A,249,https://oge.fipi.ru/bank/questions.php?proj=DE0E276E497AB3784C3FC4CC20248DC0&page=249&pagesize=10#q75F77A,https://oge.fipi.ru/bank/questions.php?proj=DE0E276E497AB3784C3FC4CC20248DC0&page=249#q75F77A,verified_local_archive
23,105572,250,https://oge.fipi.ru/bank/questions.php?proj=DE0E276E497AB3784C3FC4CC20248DC0&page=250&pagesize=10#q105572,https://oge.fipi.ru/bank/questions.php?proj=DE0E276E497AB3784C3FC4CC20248DC0&page=250#q105572,verified_local_archive
23,D35E73,251,https://oge.fipi.ru/bank/questions.php?proj=DE0E276E497AB3784C3FC4CC20248DC0&page=251&pagesize=10#qD35E73,https://oge.fipi.ru/bank/questions.php?proj=DE0E276E497AB3784C3FC4CC20248DC0&page=251#qD35E73,verified_local_archive
23,6D4E75,253,https://oge.fipi.ru/bank/questions.php?proj=DE0E276E497AB3784C3FC4CC20248DC0&page=253&pagesize=10#q6D4E75,https://oge.fipi.ru/bank/questions.php?proj=DE0E276E497AB3784C3FC4CC20248DC0&page=253#q6D4E75,verified_local_archive
23,C911B9,257,https://oge.fipi.ru/bank/questions.php?proj=DE0E276E497AB3784C3FC4CC20248DC0&page=257&pagesize=10#qC911B9,https://oge.fipi.ru/bank/questions.php?proj=DE0E276E497AB3784C3FC4CC20248DC0&page=257#qC911B9,verified_local_archive
23,E208B7,258,https://oge.fipi.ru/bank/questions.php?proj=DE0E276E497AB3784C3FC4CC20248DC0&page=258&pagesize=10#qE208B7,https://oge.fipi.ru/bank/questions.php?proj=DE0E276E497AB3784C3FC4CC20248DC0&page=258#qE208B7,verified_local_archive
23,8C5FB4,259,https://oge.fipi.ru/bank/questions.php?proj=DE0E276E497AB3784C3FC4CC20248DC0&page=259&pagesize=10#q8C5FB4,https://oge.fipi.ru/bank/questions.php?proj=DE0E276E497AB3784C3FC4CC20248DC0&page=259#q8C5FB4,verified_local_archive
23,286410,262,https://oge.fipi.ru/bank/questions.php?proj=DE0E276E497AB3784C3FC4CC20248DC0&page=262&pagesize=10#q286410,https://oge.fipi.ru/bank/questions.php?proj=DE0E276E497AB3784C3FC4CC20248DC0&page=262#q286410,verified_local_archive
23,AE3B14,263,https://oge.fipi.ru/bank/questions.php?proj=DE0E276E497AB3784C3FC4CC20248DC0&page=263&pagesize=10#qAE3B14,https://oge.fipi.ru/bank/questions.php?proj=DE0E276E497AB3784C3FC4CC20248DC0&page=263#qAE3B14,verified_local_archive
23,7E7A22,266,https://oge.fipi.ru/bank/questions.php?proj=DE0E276E497AB3784C3FC4CC20248DC0&page=266&pagesize=10#q7E7A22,https://oge.fipi.ru/bank/questions.php?proj=DE0E276E497AB3784C3FC4CC20248DC0&page=266#q7E7A22,verified_local_archive
23,B5852E,267,https://oge.fipi.ru/bank/questions.php?proj=DE0E276E497AB3784C3FC4CC20248DC0&page=267&pagesize=10#qB5852E,https://oge.fipi.ru/bank/questions.php?proj=DE0E276E497AB3784C3FC4CC20248DC0&page=267#qB5852E,verified_local_archive
23,CF802A,269,https://oge.fipi.ru/bank/questions.php?proj=DE0E276E497AB3784C3FC4CC20248DC0&page=269&pagesize=10#qCF802A,https://oge.fipi.ru/bank/questions.php?proj=DE0E276E497AB3784C3FC4CC20248DC0&page=269#qCF802A,verified_local_archive
23,E08426,270,https://oge.fipi.ru/bank/questions.php?proj=DE0E276E497AB3784C3FC4CC20248DC0&page=270&pagesize=10#qE08426,https://oge.fipi.ru/bank/questions.php?proj=DE0E276E497AB3784C3FC4CC20248DC0&page=270#qE08426,verified_local_archive
23,608A20,270,https://oge.fipi.ru/bank/questions.php?proj=DE0E276E497AB3784C3FC4CC20248DC0&page=270&pagesize=10#q608A20,https://oge.fipi.ru/bank/questions.php?proj=DE0E276E497AB3784C3FC4CC20248DC0&page=270#q608A20,verified_local_archive
23,6AFB28,271,https://oge.fipi.ru/bank/questions.php?proj=DE0E276E497AB3784C3FC4CC20248DC0&page=271&pagesize=10#q6AFB28,https://oge.fipi.ru/bank/questions.php?proj=DE0E276E497AB3784C3FC4CC20248DC0&page=271#q6AFB28,verified_local_archive
23,B7EFD7,273,https://oge.fipi.ru/bank/questions.php?proj=DE0E276E497AB3784C3FC4CC20248DC0&page=273&pagesize=10#qB7EFD7,https://oge.fipi.ru/bank/questions.php?proj=DE0E276E497AB3784C3FC4CC20248DC0&page=273#qB7EFD7,verified_local_archive
23,16CCD8,274,https://oge.fipi.ru/bank/questions.php?proj=DE0E276E497AB3784C3FC4CC20248DC0&page=274&pagesize=10#q16CCD8,https://oge.fipi.ru/bank/questions.php?proj=DE0E276E497AB3784C3FC4CC20248DC0&page=274#q16CCD8,verified_local_archive
23,A230D2,275,https://oge.fipi.ru/bank/questions.php?proj=DE0E276E497AB3784C3FC4CC20248DC0&page=275&pagesize=10#qA230D2,https://oge.fipi.ru/bank/questions.php?proj=DE0E276E497AB3784C3FC4CC20248DC0&page=275#qA230D2,verified_local_archive
23,9B86D4,275,https://oge.fipi.ru/bank/questions.php?proj=DE0E276E497AB3784C3FC4CC20248DC0&page=275&pagesize=10#q9B86D4,https://oge.fipi.ru/bank/questions.php?proj=DE0E276E497AB3784C3FC4CC20248DC0&page=275#q9B86D4,verified_local_archive
23,F5E152,277,https://oge.fipi.ru/bank/questions.php?proj=DE0E276E497AB3784C3FC4CC20248DC0&page=277&pagesize=10#qF5E152,https://oge.fipi.ru/bank/questions.php?proj=DE0E276E497AB3784C3FC4CC20248DC0&page=277#qF5E152,verified_local_archive
23,CF7752,281,https://oge.fipi.ru/bank/questions.php?proj=DE0E276E497AB3784C3FC4CC20248DC0&page=281&pagesize=10#qCF7752,https://oge.fipi.ru/bank/questions.php?proj=DE0E276E497AB3784C3FC4CC20248DC0&page=281#qCF7752,verified_local_archive
23,E6B259,282,https://oge.fipi.ru/bank/questions.php?proj=DE0E276E497AB3784C3FC4CC20248DC0&page=282&pagesize=10#qE6B259,https://oge.fipi.ru/bank/questions.php?proj=DE0E276E497AB3784C3FC4CC20248DC0&page=282#qE6B259,verified_local_archive
23,DBFCAE,285,https://oge.fipi.ru/bank/questions.php?proj=DE0E276E497AB3784C3FC4CC20248DC0&page=285&pagesize=10#qDBFCAE,https://oge.fipi.ru/bank/questions.php?proj=DE0E276E497AB3784C3FC4CC20248DC0&page=285#qDBFCAE,verified_local_archive
23,6172A7,286,https://oge.fipi.ru/bank/questions.php?proj=DE0E276E497AB3784C3FC4CC20248DC0&page=286&pagesize=10#q6172A7,https://oge.fipi.ru/bank/questions.php?proj=DE0E276E497AB3784C3FC4CC20248DC0&page=286#q6172A7,verified_local_archive
23,0A90C5,289,https://oge.fipi.ru/bank/questions.php?proj=DE0E276E497AB3784C3FC4CC20248DC0&page=289&pagesize=10#q0A90C5,https://oge.fipi.ru/bank/questions.php?proj=DE0E276E497AB3784C3FC4CC20248DC0&page=289#q0A90C5,verified_local_archive
23,740FCC,289,https://oge.fipi.ru/bank/questions.php?proj=DE0E276E497AB3784C3FC4CC20248DC0&page=289&pagesize=10#q740FCC,https://oge.fipi.ru/bank/questions.php?proj=DE0E276E497AB3784C3FC4CC20248DC0&page=289#q740FCC,verified_local_archive
23,118EC8,290,https://oge.fipi.ru/bank/questions.php?proj=DE0E276E497AB3784C3FC4CC20248DC0&page=290&pagesize=10#q118EC8,https://oge.fipi.ru/bank/questions.php?proj=DE0E276E497AB3784C3FC4CC20248DC0&page=290#q118EC8,verified_local_archive
23,2924CE,290,https://oge.fipi.ru/bank/questions.php?proj=DE0E276E497AB3784C3FC4CC20248DC0&page=290&pagesize=10#q2924CE,https://oge.fipi.ru/bank/questions.php?proj=DE0E276E497AB3784C3FC4CC20248DC0&page=290#q2924CE,verified_local_archive
23,2038C3,290,https://oge.fipi.ru/bank/questions.php?proj=DE0E276E497AB3784C3FC4CC20248DC0&page=290&pagesize=10#q2038C3,https://oge.fipi.ru/bank/questions.php?proj=DE0E276E497AB3784C3FC4CC20248DC0&page=290#q2038C3,verified_local_archive
23,53FFC0,291,https://oge.fipi.ru/bank/questions.php?proj=DE0E276E497AB3784C3FC4CC20248DC0&page=291&pagesize=10#q53FFC0,https://oge.fipi.ru/bank/questions.php?proj=DE0E276E497AB3784C3FC4CC20248DC0&page=291#q53FFC0,verified_local_archive
23,9A0CCB,292,https://oge.fipi.ru/bank/questions.php?proj=DE0E276E497AB3784C3FC4CC20248DC0&page=292&pagesize=10#q9A0CCB,https://oge.fipi.ru/bank/questions.php?proj=DE0E276E497AB3784C3FC4CC20248DC0&page=292#q9A0CCB,verified_local_archive
23,EFA5CC,294,https://oge.fipi.ru/bank/questions.php?proj=DE0E276E497AB3784C3FC4CC20248DC0&page=294&pagesize=10#qEFA5CC,https://oge.fipi.ru/bank/questions.php?proj=DE0E276E497AB3784C3FC4CC20248DC0&page=294#qEFA5CC,verified_local_archive
23,F50997,295,https://oge.fipi.ru/bank/questions.php?proj=DE0E276E497AB3784C3FC4CC20248DC0&page=295&pagesize=10#qF50997,https://oge.fipi.ru/bank/questions.php?proj=DE0E276E497AB3784C3FC4CC20248DC0&page=295#qF50997,verified_local_archive
23,FC969E,295,https://oge.fipi.ru/bank/questions.php?proj=DE0E276E497AB3784C3FC4CC20248DC0&page=295&pagesize=10#qFC969E,https://oge.fipi.ru/bank/questions.php?proj=DE0E276E497AB3784C3FC4CC20248DC0&page=295#qFC969E,verified_local_archive
23,214395,297,https://oge.fipi.ru/bank/questions.php?proj=DE0E276E497AB3784C3FC4CC20248DC0&page=297&pagesize=10#q214395,https://oge.fipi.ru/bank/questions.php?proj=DE0E276E497AB3784C3FC4CC20248DC0&page=297#q214395,verified_local_archive
23,DC2396,297,https://oge.fipi.ru/bank/questions.php?proj=DE0E276E497AB3784C3FC4CC20248DC0&page=297&pagesize=10#qDC2396,https://oge.fipi.ru/bank/questions.php?proj=DE0E276E497AB3784C3FC4CC20248DC0&page=297#qDC2396,verified_local_archive
23,591A99,298,https://oge.fipi.ru/bank/questions.php?proj=DE0E276E497AB3784C3FC4CC20248DC0&page=298&pagesize=10#q591A99,https://oge.fipi.ru/bank/questions.php?proj=DE0E276E497AB3784C3FC4CC20248DC0&page=298#q591A99,verified_local_archive
23,ACAF91,298,https://oge.fipi.ru/bank/questions.php?proj=DE0E276E497AB3784C3FC4CC20248DC0&page=298&pagesize=10#qACAF91,https://oge.fipi.ru/bank/questions.php?proj=DE0E276E497AB3784C3FC4CC20248DC0&page=298#qACAF91,verified_local_archive
23,95FF9C,300,https://oge.fipi.ru/bank/questions.php?proj=DE0E276E497AB3784C3FC4CC20248DC0&page=300&pagesize=10#q95FF9C,https://oge.fipi.ru/bank/questions.php?proj=DE0E276E497AB3784C3FC4CC20248DC0&page=300#q95FF9C,verified_local_archive
23,FDCAEE,302,https://oge.fipi.ru/bank/questions.php?proj=DE0E276E497AB3784C3FC4CC20248DC0&page=302&pagesize=10#qFDCAEE,https://oge.fipi.ru/bank/questions.php?proj=DE0E276E497AB3784C3FC4CC20248DC0&page=302#qFDCAEE,verified_local_archive
23,18FAEE,303,https://oge.fipi.ru/bank/questions.php?proj=DE0E276E497AB3784C3FC4CC20248DC0&page=303&pagesize=10#q18FAEE,https://oge.fipi.ru/bank/questions.php?proj=DE0E276E497AB3784C3FC4CC20248DC0&page=303#q18FAEE,verified_local_archive
23,D344E8,304,https://oge.fipi.ru/bank/questions.php?proj=DE0E276E497AB3784C3FC4CC20248DC0&page=304&pagesize=10#qD344E8,https://oge.fipi.ru/bank/questions.php?proj=DE0E276E497AB3784C3FC4CC20248DC0&page=304#qD344E8,verified_local_archive
23,64DBE8,306,https://oge.fipi.ru/bank/questions.php?proj=DE0E276E497AB3784C3FC4CC20248DC0&page=306&pagesize=10#q64DBE8,https://oge.fipi.ru/bank/questions.php?proj=DE0E276E497AB3784C3FC4CC20248DC0&page=306#q64DBE8,verified_local_archive
23,F6CC6F,307,https://oge.fipi.ru/bank/questions.php?proj=DE0E276E497AB3784C3FC4CC20248DC0&page=307&pagesize=10#qF6CC6F,https://oge.fipi.ru/bank/questions.php?proj=DE0E276E497AB3784C3FC4CC20248DC0&page=307#qF6CC6F,verified_local_archive
23,2A556B,309,https://oge.fipi.ru/bank/questions.php?proj=DE0E276E497AB3784C3FC4CC20248DC0&page=309&pagesize=10#q2A556B,https://oge.fipi.ru/bank/questions.php?proj=DE0E276E497AB3784C3FC4CC20248DC0&page=309#q2A556B,verified_local_archive
23,DAF765,310,https://oge.fipi.ru/bank/questions.php?proj=DE0E276E497AB3784C3FC4CC20248DC0&page=310&pagesize=10#qDAF765,https://oge.fipi.ru/bank/questions.php?proj=DE0E276E497AB3784C3FC4CC20248DC0&page=310#qDAF765,verified_local_archive
23,C5C26D,311,https://oge.fipi.ru/bank/questions.php?proj=DE0E276E497AB3784C3FC4CC20248DC0&page=311&pagesize=10#qC5C26D,https://oge.fipi.ru/bank/questions.php?proj=DE0E276E497AB3784C3FC4CC20248DC0&page=311#qC5C26D,verified_local_archive
23,E5A864,311,https://oge.fipi.ru/bank/questions.php?proj=DE0E276E497AB3784C3FC4CC20248DC0&page=311&pagesize=10#qE5A864,https://oge.fipi.ru/bank/questions.php?proj=DE0E276E497AB3784C3FC4CC20248DC0&page=311#qE5A864,verified_local_archive
23,631164,312,https://oge.fipi.ru/bank/questions.php?proj=DE0E276E497AB3784C3FC4CC20248DC0&page=312&pagesize=10#q631164,https://oge.fipi.ru/bank/questions.php?proj=DE0E276E497AB3784C3FC4CC20248DC0&page=312#q631164,verified_local_archive
23,8E9764,312,https://oge.fipi.ru/bank/questions.php?proj=DE0E276E497AB3784C3FC4CC20248DC0&page=312&pagesize=10#q8E9764,https://oge.fipi.ru/bank/questions.php?proj=DE0E276E497AB3784C3FC4CC20248DC0&page=312#q8E9764,verified_local_archive
23,8DCB6C,313,https://oge.fipi.ru/bank/questions.php?proj=DE0E276E497AB3784C3FC4CC20248DC0&page=313&pagesize=10#q8DCB6C,https://oge.fipi.ru/bank/questions.php?proj=DE0E276E497AB3784C3FC4CC20248DC0&page=313#q8DCB6C,verified_local_archive
23,BE1C32,314,https://oge.fipi.ru/bank/questions.php?proj=DE0E276E497AB3784C3FC4CC20248DC0&page=314&pagesize=10#qBE1C32,https://oge.fipi.ru/bank/questions.php?proj=DE0E276E497AB3784C3FC4CC20248DC0&page=314#qBE1C32,verified_local_archive
23,273438,315,https://oge.fipi.ru/bank/questions.php?proj=DE0E276E497AB3784C3FC4CC20248DC0&page=315&pagesize=10#q273438,https://oge.fipi.ru/bank/questions.php?proj=DE0E276E497AB3784C3FC4CC20248DC0&page=315#q273438,verified_local_archive
23,A4813D,316,https://oge.fipi.ru/bank/questions.php?proj=DE0E276E497AB3784C3FC4CC20248DC0&page=316&pagesize=10#qA4813D,https://oge.fipi.ru/bank/questions.php?proj=DE0E276E497AB3784C3FC4CC20248DC0&page=316#qA4813D,verified_local_archive
23,E9233B,317,https://oge.fipi.ru/bank/questions.php?proj=DE0E276E497AB3784C3FC4CC20248DC0&page=317&pagesize=10#qE9233B,https://oge.fipi.ru/bank/questions.php?proj=DE0E276E497AB3784C3FC4CC20248DC0&page=317#qE9233B,verified_local_archive
23,68B434,318,https://oge.fipi.ru/bank/questions.php?proj=DE0E276E497AB3784C3FC4CC20248DC0&page=318&pagesize=10#q68B434,https://oge.fipi.ru/bank/questions.php?proj=DE0E276E497AB3784C3FC4CC20248DC0&page=318#q68B434,verified_local_archive
23,FC2D84,319,https://oge.fipi.ru/bank/questions.php?proj=DE0E276E497AB3784C3FC4CC20248DC0&page=319&pagesize=10#qFC2D84,https://oge.fipi.ru/bank/questions.php?proj=DE0E276E497AB3784C3FC4CC20248DC0&page=319#qFC2D84,verified_local_archive
23,FDB483,319,https://oge.fipi.ru/bank/questions.php?proj=DE0E276E497AB3784C3FC4CC20248DC0&page=319&pagesize=10#qFDB483,https://oge.fipi.ru/bank/questions.php?proj=DE0E276E497AB3784C3FC4CC20248DC0&page=319#qFDB483,verified_local_archive
23,F80C88,319,https://oge.fipi.ru/bank/questions.php?proj=DE0E276E497AB3784C3FC4CC20248DC0&page=319&pagesize=10#qF80C88,https://oge.fipi.ru/bank/questions.php?proj=DE0E276E497AB3784C3FC4CC20248DC0&page=319#qF80C88,verified_local_archive
23,745683,320,https://oge.fipi.ru/bank/questions.php?proj=DE0E276E497AB3784C3FC4CC20248DC0&page=320&pagesize=10#q745683,https://oge.fipi.ru/bank/questions.php?proj=DE0E276E497AB3784C3FC4CC20248DC0&page=320#q745683,verified_local_archive
23,5FC087,322,https://oge.fipi.ru/bank/questions.php?proj=DE0E276E497AB3784C3FC4CC20248DC0&page=322&pagesize=10#q5FC087,https://oge.fipi.ru/bank/questions.php?proj=DE0E276E497AB3784C3FC4CC20248DC0&page=322#q5FC087,verified_local_archive
23,A83F83,322,https://oge.fipi.ru/bank/questions.php?proj=DE0E276E497AB3784C3FC4CC20248DC0&page=322&pagesize=10#qA83F83,https://oge.fipi.ru/bank/questions.php?proj=DE0E276E497AB3784C3FC4CC20248DC0&page=322#qA83F83,verified_local_archive
23,E45C8A,324,https://oge.fipi.ru/bank/questions.php?proj=DE0E276E497AB3784C3FC4CC20248DC0&page=324&pagesize=10#qE45C8A,https://oge.fipi.ru/bank/questions.php?proj=DE0E276E497AB3784C3FC4CC20248DC0&page=324#qE45C8A,verified_local_archive
23,26684F,326,https://oge.fipi.ru/bank/questions.php?proj=DE0E276E497AB3784C3FC4CC20248DC0&page=326&pagesize=10#q26684F,https://oge.fipi.ru/bank/questions.php?proj=DE0E276E497AB3784C3FC4CC20248DC0&page=326#q26684F,verified_local_archive
23,C18F47,326,https://oge.fipi.ru/bank/questions.php?proj=DE0E276E497AB3784C3FC4CC20248DC0&page=326&pagesize=10#qC18F47,https://oge.fipi.ru/bank/questions.php?proj=DE0E276E497AB3784C3FC4CC20248DC0&page=326#qC18F47,verified_local_archive
23,994A4D,326,https://oge.fipi.ru/bank/questions.php?proj=DE0E276E497AB3784C3FC4CC20248DC0&page=326&pagesize=10#q994A4D,https://oge.fipi.ru/bank/questions.php?proj=DE0E276E497AB3784C3FC4CC20248DC0&page=326#q994A4D,verified_local_archive
23,377F40,327,https://oge.fipi.ru/bank/questions.php?proj=DE0E276E497AB3784C3FC4CC20248DC0&page=327&pagesize=10#q377F40,https://oge.fipi.ru/bank/questions.php?proj=DE0E276E497AB3784C3FC4CC20248DC0&page=327#q377F40,verified_local_archive
23,A172F9,327,https://oge.fipi.ru/bank/questions.php?proj=DE0E276E497AB3784C3FC4CC20248DC0&page=327&pagesize=10#qA172F9,https://oge.fipi.ru/bank/questions.php?proj=DE0E276E497AB3784C3FC4CC20248DC0&page=327#qA172F9,verified_local_archive
23,602BF1,328,https://oge.fipi.ru/bank/questions.php?proj=DE0E276E497AB3784C3FC4CC20248DC0&page=328&pagesize=10#q602BF1,https://oge.fipi.ru/bank/questions.php?proj=DE0E276E497AB3784C3FC4CC20248DC0&page=328#q602BF1,verified_local_archive
23,CCDD0E,329,https://oge.fipi.ru/bank/questions.php?proj=DE0E276E497AB3784C3FC4CC20248DC0&page=329&pagesize=10#qCCDD0E,https://oge.fipi.ru/bank/questions.php?proj=DE0E276E497AB3784C3FC4CC20248DC0&page=329#qCCDD0E,verified_local_archive
23,3ECA01,329,https://oge.fipi.ru/bank/questions.php?proj=DE0E276E497AB3784C3FC4CC20248DC0&page=329&pagesize=10#q3ECA01,https://oge.fipi.ru/bank/questions.php?proj=DE0E276E497AB3784C3FC4CC20248DC0&page=329#q3ECA01,verified_local_archive
23,B83171,330,https://oge.fipi.ru/bank/questions.php?proj=DE0E276E497AB3784C3FC4CC20248DC0&page=330&pagesize=10#qB83171,https://oge.fipi.ru/bank/questions.php?proj=DE0E276E497AB3784C3FC4CC20248DC0&page=330#qB83171,verified_local_archive
23,10B970,330,https://oge.fipi.ru/bank/questions.php?proj=DE0E276E497AB3784C3FC4CC20248DC0&page=330&pagesize=10#q10B970,https://oge.fipi.ru/bank/questions.php?proj=DE0E276E497AB3784C3FC4CC20248DC0&page=330#q10B970,verified_local_archive
23,2BB17F,330,https://oge.fipi.ru/bank/questions.php?proj=DE0E276E497AB3784C3FC4CC20248DC0&page=330&pagesize=10#q2BB17F,https://oge.fipi.ru/bank/questions.php?proj=DE0E276E497AB3784C3FC4CC20248DC0&page=330#q2BB17F,verified_local_archive
23,AE3879,331,https://oge.fipi.ru/bank/questions.php?proj=DE0E276E497AB3784C3FC4CC20248DC0&page=331&pagesize=10#qAE3879,https://oge.fipi.ru/bank/questions.php?proj=DE0E276E497AB3784C3FC4CC20248DC0&page=331#qAE3879,verified_local_archive
23,9B997B,331,https://oge.fipi.ru/bank/questions.php?proj=DE0E276E497AB3784C3FC4CC20248DC0&page=331&pagesize=10#q9B997B,https://oge.fipi.ru/bank/questions.php?proj=DE0E276E497AB3784C3FC4CC20248DC0&page=331#q9B997B,verified_local_archive
23,E7B372,331,https://oge.fipi.ru/bank/questions.php?proj=DE0E276E497AB3784C3FC4CC20248DC0&page=331&pagesize=10#qE7B372,https://oge.fipi.ru/bank/questions.php?proj=DE0E276E497AB3784C3FC4CC20248DC0&page=331#qE7B372,verified_local_archive
23,8FDA75,331,https://oge.fipi.ru/bank/questions.php?proj=DE0E276E497AB3784C3FC4CC20248DC0&page=331&pagesize=10#q8FDA75,https://oge.fipi.ru/bank/questions.php?proj=DE0E276E497AB3784C3FC4CC20248DC0&page=331#q8FDA75,verified_local_archive
23,F41EBF,331,https://oge.fipi.ru/bank/questions.php?proj=DE0E276E497AB3784C3FC4CC20248DC0&page=331&pagesize=10#qF41EBF,https://oge.fipi.ru/bank/questions.php?proj=DE0E276E497AB3784C3FC4CC20248DC0&page=331#qF41EBF,verified_local_archive
23,F10ABA,332,https://oge.fipi.ru/bank/questions.php?proj=DE0E276E497AB3784C3FC4CC20248DC0&page=332&pagesize=10#qF10ABA,https://oge.fipi.ru/bank/questions.php?proj=DE0E276E497AB3784C3FC4CC20248DC0&page=332#qF10ABA,verified_local_archive
23,F45CB6,332,https://oge.fipi.ru/bank/questions.php?proj=DE0E276E497AB3784C3FC4CC20248DC0&page=332&pagesize=10#qF45CB6,https://oge.fipi.ru/bank/questions.php?proj=DE0E276E497AB3784C3FC4CC20248DC0&page=332#qF45CB6,verified_local_archive
23,B844B3,332,https://oge.fipi.ru/bank/questions.php?proj=DE0E276E497AB3784C3FC4CC20248DC0&page=332&pagesize=10#qB844B3,https://oge.fipi.ru/bank/questions.php?proj=DE0E276E497AB3784C3FC4CC20248DC0&page=332#qB844B3,verified_local_archive
23,29FBB2,332,https://oge.fipi.ru/bank/questions.php?proj=DE0E276E497AB3784C3FC4CC20248DC0&page=332&pagesize=10#q29FBB2,https://oge.fipi.ru/bank/questions.php?proj=DE0E276E497AB3784C3FC4CC20248DC0&page=332#q29FBB2,verified_local_archive
23,A142B2,332,https://oge.fipi.ru/bank/questions.php?proj=DE0E276E497AB3784C3FC4CC20248DC0&page=332&pagesize=10#qA142B2,https://oge.fipi.ru/bank/questions.php?proj=DE0E276E497AB3784C3FC4CC20248DC0&page=332#qA142B2,verified_local_archive
23,A077B6,332,https://oge.fipi.ru/bank/questions.php?proj=DE0E276E497AB3784C3FC4CC20248DC0&page=332&pagesize=10#qA077B6,https://oge.fipi.ru/bank/questions.php?proj=DE0E276E497AB3784C3FC4CC20248DC0&page=332#qA077B6,verified_local_archive
23,022418,333,https://oge.fipi.ru/bank/questions.php?proj=DE0E276E497AB3784C3FC4CC20248DC0&page=333&pagesize=10#q022418,https://oge.fipi.ru/bank/questions.php?proj=DE0E276E497AB3784C3FC4CC20248DC0&page=333#q022418,verified_local_archive
23,BCFC1C,333,https://oge.fipi.ru/bank/questions.php?proj=DE0E276E497AB3784C3FC4CC20248DC0&page=333&pagesize=10#qBCFC1C,https://oge.fipi.ru/bank/questions.php?proj=DE0E276E497AB3784C3FC4CC20248DC0&page=333#qBCFC1C,verified_local_archive
23,29FC1C,333,https://oge.fipi.ru/bank/questions.php?proj=DE0E276E497AB3784C3FC4CC20248DC0&page=333&pagesize=10#q29FC1C,https://oge.fipi.ru/bank/questions.php?proj=DE0E276E497AB3784C3FC4CC20248DC0&page=333#q29FC1C,verified_local_archive
23,2FAD1C,334,https://oge.fipi.ru/bank/questions.php?proj=DE0E276E497AB3784C3FC4CC20248DC0&page=334&pagesize=10#q2FAD1C,https://oge.fipi.ru/bank/questions.php?proj=DE0E276E497AB3784C3FC4CC20248DC0&page=334#q2FAD1C,verified_local_archive
23,CCD611,334,https://oge.fipi.ru/bank/questions.php?proj=DE0E276E497AB3784C3FC4CC20248DC0&page=334&pagesize=10#qCCD611,https://oge.fipi.ru/bank/questions.php?proj=DE0E276E497AB3784C3FC4CC20248DC0&page=334#qCCD611,verified_local_archive
23,C4C611,334,https://oge.fipi.ru/bank/questions.php?proj=DE0E276E497AB3784C3FC4CC20248DC0&page=334&pagesize=10#qC4C611,https://oge.fipi.ru/bank/questions.php?proj=DE0E276E497AB3784C3FC4CC20248DC0&page=334#qC4C611,verified_local_archive
23,30181B,335,https://oge.fipi.ru/bank/questions.php?proj=DE0E276E497AB3784C3FC4CC20248DC0&page=335&pagesize=10#q30181B,https://oge.fipi.ru/bank/questions.php?proj=DE0E276E497AB3784C3FC4CC20248DC0&page=335#q30181B,verified_local_archive
23,42942C,335,https://oge.fipi.ru/bank/questions.php?proj=DE0E276E497AB3784C3FC4CC20248DC0&page=335&pagesize=10#q42942C,https://oge.fipi.ru/bank/questions.php?proj=DE0E276E497AB3784C3FC4CC20248DC0&page=335#q42942C,verified_local_archive
23,BC032E,335,https://oge.fipi.ru/bank/questions.php?proj=DE0E276E497AB3784C3FC4CC20248DC0&page=335&pagesize=10#qBC032E,https://oge.fipi.ru/bank/questions.php?proj=DE0E276E497AB3784C3FC4CC20248DC0&page=335#qBC032E,verified_local_archive
23,25CB29,336,https://oge.fipi.ru/bank/questions.php?proj=DE0E276E497AB3784C3FC4CC20248DC0&page=336&pagesize=10#q25CB29,https://oge.fipi.ru/bank/questions.php?proj=DE0E276E497AB3784C3FC4CC20248DC0&page=336#q25CB29,verified_local_archive
23,BD1CD0,337,https://oge.fipi.ru/bank/questions.php?proj=DE0E276E497AB3784C3FC4CC20248DC0&page=337&pagesize=10#qBD1CD0,https://oge.fipi.ru/bank/questions.php?proj=DE0E276E497AB3784C3FC4CC20248DC0&page=337#qBD1CD0,verified_local_archive
23,E55CD0,337,https://oge.fipi.ru/bank/questions.php?proj=DE0E276E497AB3784C3FC4CC20248DC0&page=337&pagesize=10#qE55CD0,https://oge.fipi.ru/bank/questions.php?proj=DE0E276E497AB3784C3FC4CC20248DC0&page=337#qE55CD0,verified_local_archive
23,C77754,339,https://oge.fipi.ru/bank/questions.php?proj=DE0E276E497AB3784C3FC4CC20248DC0&page=339&pagesize=10#qC77754,https://oge.fipi.ru/bank/questions.php?proj=DE0E276E497AB3784C3FC4CC20248DC0&page=339#qC77754,verified_local_archive
23,C2FA52,339,https://oge.fipi.ru/bank/questions.php?proj=DE0E276E497AB3784C3FC4CC20248DC0&page=339&pagesize=10#qC2FA52,https://oge.fipi.ru/bank/questions.php?proj=DE0E276E497AB3784C3FC4CC20248DC0&page=339#qC2FA52,verified_local_archive
23,66B052,340,https://oge.fipi.ru/bank/questions.php?proj=DE0E276E497AB3784C3FC4CC20248DC0&page=340&pagesize=10#q66B052,https://oge.fipi.ru/bank/questions.php?proj=DE0E276E497AB3784C3FC4CC20248DC0&page=340#q66B052,verified_local_archive
23,3F455F,340,https://oge.fipi.ru/bank/questions.php?proj=DE0E276E497AB3784C3FC4CC20248DC0&page=340&pagesize=10#q3F455F,https://oge.fipi.ru/bank/questions.php?proj=DE0E276E497AB3784C3FC4CC20248DC0&page=340#q3F455F,verified_local_archive
23,FB13AA,340,https://oge.fipi.ru/bank/questions.php?proj=DE0E276E497AB3784C3FC4CC20248DC0&page=340&pagesize=10#qFB13AA,https://oge.fipi.ru/bank/questions.php?proj=DE0E276E497AB3784C3FC4CC20248DC0&page=340#qFB13AA,verified_local_archive
23,1B79A1,341,https://oge.fipi.ru/bank/questions.php?proj=DE0E276E497AB3784C3FC4CC20248DC0&page=341&pagesize=10#q1B79A1,https://oge.fipi.ru/bank/questions.php?proj=DE0E276E497AB3784C3FC4CC20248DC0&page=341#q1B79A1,verified_local_archive
23,DC28AA,341,https://oge.fipi.ru/bank/questions.php?proj=DE0E276E497AB3784C3FC4CC20248DC0&page=341&pagesize=10#qDC28AA,https://oge.fipi.ru/bank/questions.php?proj=DE0E276E497AB3784C3FC4CC20248DC0&page=341#qDC28AA,verified_local_archive
23,CBF1A6,341,https://oge.fipi.ru/bank/questions.php?proj=DE0E276E497AB3784C3FC4CC20248DC0&page=341&pagesize=10#qCBF1A6,https://oge.fipi.ru/bank/questions.php?proj=DE0E276E497AB3784C3FC4CC20248DC0&page=341#qCBF1A6,verified_local_archive
23,65B0A0,342,https://oge.fipi.ru/bank/questions.php?proj=DE0E276E497AB3784C3FC4CC20248DC0&page=342&pagesize=10#q65B0A0,https://oge.fipi.ru/bank/questions.php?proj=DE0E276E497AB3784C3FC4CC20248DC0&page=342#q65B0A0,verified_local_archive
23,89CAAE,342,https://oge.fipi.ru/bank/questions.php?proj=DE0E276E497AB3784C3FC4CC20248DC0&page=342&pagesize=10#q89CAAE,https://oge.fipi.ru/bank/questions.php?proj=DE0E276E497AB3784C3FC4CC20248DC0&page=342#q89CAAE,verified_local_archive
23,7D21C3,342,https://oge.fipi.ru/bank/questions.php?proj=DE0E276E497AB3784C3FC4CC20248DC0&page=342&pagesize=10#q7D21C3,https://oge.fipi.ru/bank/questions.php?proj=DE0E276E497AB3784C3FC4CC20248DC0&page=342#q7D21C3,verified_local_archive
23,C510C2,343,https://oge.fipi.ru/bank/questions.php?proj=DE0E276E497AB3784C3FC4CC20248DC0&page=343&pagesize=10#qC510C2,https://oge.fipi.ru/bank/questions.php?proj=DE0E276E497AB3784C3FC4CC20248DC0&page=343#qC510C2,verified_local_archive
23,3272C4,343,https://oge.fipi.ru/bank/questions.php?proj=DE0E276E497AB3784C3FC4CC20248DC0&page=343&pagesize=10#q3272C4,https://oge.fipi.ru/bank/questions.php?proj=DE0E276E497AB3784C3FC4CC20248DC0&page=343#q3272C4,verified_local_archive
23,3801CE,343,https://oge.fipi.ru/bank/questions.php?proj=DE0E276E497AB3784C3FC4CC20248DC0&page=343&pagesize=10#q3801CE,https://oge.fipi.ru/bank/questions.php?proj=DE0E276E497AB3784C3FC4CC20248DC0&page=343#q3801CE,verified_local_archive
23,78449B,343,https://oge.fipi.ru/bank/questions.php?proj=DE0E276E497AB3784C3FC4CC20248DC0&page=343&pagesize=10#q78449B,https://oge.fipi.ru/bank/questions.php?proj=DE0E276E497AB3784C3FC4CC20248DC0&page=343#q78449B,verified_local_archive
23,1D3A90,344,https://oge.fipi.ru/bank/questions.php?proj=DE0E276E497AB3784C3FC4CC20248DC0&page=344&pagesize=10#q1D3A90,https://oge.fipi.ru/bank/questions.php?proj=DE0E276E497AB3784C3FC4CC20248DC0&page=344#q1D3A90,verified_local_archive
23,97889E,345,https://oge.fipi.ru/bank/questions.php?proj=DE0E276E497AB3784C3FC4CC20248DC0&page=345&pagesize=10#q97889E,https://oge.fipi.ru/bank/questions.php?proj=DE0E276E497AB3784C3FC4CC20248DC0&page=345#q97889E,verified_local_archive
23,35C690,345,https://oge.fipi.ru/bank/questions.php?proj=DE0E276E497AB3784C3FC4CC20248DC0&page=345&pagesize=10#q35C690,https://oge.fipi.ru/bank/questions.php?proj=DE0E276E497AB3784C3FC4CC20248DC0&page=345#q35C690,verified_local_archive
23,71A2EF,345,https://oge.fipi.ru/bank/questions.php?proj=DE0E276E497AB3784C3FC4CC20248DC0&page=345&pagesize=10#q71A2EF,https://oge.fipi.ru/bank/questions.php?proj=DE0E276E497AB3784C3FC4CC20248DC0&page=345#q71A2EF,verified_local_archive
23,11E6E2,346,https://oge.fipi.ru/bank/questions.php?proj=DE0E276E497AB3784C3FC4CC20248DC0&page=346&pagesize=10#q11E6E2,https://oge.fipi.ru/bank/questions.php?proj=DE0E276E497AB3784C3FC4CC20248DC0&page=346#q11E6E2,verified_local_archive
23,23C5ED,346,https://oge.fipi.ru/bank/questions.php?proj=DE0E276E497AB3784C3FC4CC20248DC0&page=346&pagesize=10#q23C5ED,https://oge.fipi.ru/bank/questions.php?proj=DE0E276E497AB3784C3FC4CC20248DC0&page=346#q23C5ED,verified_local_archive
23,3C74ED,346,https://oge.fipi.ru/bank/questions.php?proj=DE0E276E497AB3784C3FC4CC20248DC0&page=346&pagesize=10#q3C74ED,https://oge.fipi.ru/bank/questions.php?proj=DE0E276E497AB3784C3FC4CC20248DC0&page=346#q3C74ED,verified_local_archive
23,03EA6C,347,https://oge.fipi.ru/bank/questions.php?proj=DE0E276E497AB3784C3FC4CC20248DC0&page=347&pagesize=10#q03EA6C,https://oge.fipi.ru/bank/questions.php?proj=DE0E276E497AB3784C3FC4CC20248DC0&page=347#q03EA6C,verified_local_archive
23,0BFE66,347,https://oge.fipi.ru/bank/questions.php?proj=DE0E276E497AB3784C3FC4CC20248DC0&page=347&pagesize=10#q0BFE66,https://oge.fipi.ru/bank/questions.php?proj=DE0E276E497AB3784C3FC4CC20248DC0&page=347#q0BFE66,verified_local_archive
23,553368,348,https://oge.fipi.ru/bank/questions.php?proj=DE0E276E497AB3784C3FC4CC20248DC0&page=348&pagesize=10#q553368,https://oge.fipi.ru/bank/questions.php?proj=DE0E276E497AB3784C3FC4CC20248DC0&page=348#q553368,verified_local_archive
23,A5F365,348,https://oge.fipi.ru/bank/questions.php?proj=DE0E276E497AB3784C3FC4CC20248DC0&page=348&pagesize=10#qA5F365,https://oge.fipi.ru/bank/questions.php?proj=DE0E276E497AB3784C3FC4CC20248DC0&page=348#qA5F365,verified_local_archive
23,951A66,348,https://oge.fipi.ru/bank/questions.php?proj=DE0E276E497AB3784C3FC4CC20248DC0&page=348&pagesize=10#q951A66,https://oge.fipi.ru/bank/questions.php?proj=DE0E276E497AB3784C3FC4CC20248DC0&page=348#q951A66,verified_local_archive
23,973563,348,https://oge.fipi.ru/bank/questions.php?proj=DE0E276E497AB3784C3FC4CC20248DC0&page=348&pagesize=10#q973563,https://oge.fipi.ru/bank/questions.php?proj=DE0E276E497AB3784C3FC4CC20248DC0&page=348#q973563,verified_local_archive
23,382962,348,https://oge.fipi.ru/bank/questions.php?proj=DE0E276E497AB3784C3FC4CC20248DC0&page=348&pagesize=10#q382962,https://oge.fipi.ru/bank/questions.php?proj=DE0E276E497AB3784C3FC4CC20248DC0&page=348#q382962,verified_local_archive
23,84B967,348,https://oge.fipi.ru/bank/questions.php?proj=DE0E276E497AB3784C3FC4CC20248DC0&page=348&pagesize=10#q84B967,https://oge.fipi.ru/bank/questions.php?proj=DE0E276E497AB3784C3FC4CC20248DC0&page=348#q84B967,verified_local_archive
23,0F4C38,349,https://oge.fipi.ru/bank/questions.php?proj=DE0E276E497AB3784C3FC4CC20248DC0&page=349&pagesize=10#q0F4C38,https://oge.fipi.ru/bank/questions.php?proj=DE0E276E497AB3784C3FC4CC20248DC0&page=349#q0F4C38,verified_local_archive
23,36C43D,350,https://oge.fipi.ru/bank/questions.php?proj=DE0E276E497AB3784C3FC4CC20248DC0&page=350&pagesize=10#q36C43D,https://oge.fipi.ru/bank/questions.php?proj=DE0E276E497AB3784C3FC4CC20248DC0&page=350#q36C43D,verified_local_archive
23,F69982,350,https://oge.fipi.ru/bank/questions.php?proj=DE0E276E497AB3784C3FC4CC20248DC0&page=350&pagesize=10#qF69982,https://oge.fipi.ru/bank/questions.php?proj=DE0E276E497AB3784C3FC4CC20248DC0&page=350#qF69982,verified_local_archive
23,048981,350,https://oge.fipi.ru/bank/questions.php?proj=DE0E276E497AB3784C3FC4CC20248DC0&page=350&pagesize=10#q048981,https://oge.fipi.ru/bank/questions.php?proj=DE0E276E497AB3784C3FC4CC20248DC0&page=350#q048981,verified_local_archive
23,108486,351,https://oge.fipi.ru/bank/questions.php?proj=DE0E276E497AB3784C3FC4CC20248DC0&page=351&pagesize=10#q108486,https://oge.fipi.ru/bank/questions.php?proj=DE0E276E497AB3784C3FC4CC20248DC0&page=351#q108486,verified_local_archive
23,C0E083,351,https://oge.fipi.ru/bank/questions.php?proj=DE0E276E497AB3784C3FC4CC20248DC0&page=351&pagesize=10#qC0E083,https://oge.fipi.ru/bank/questions.php?proj=DE0E276E497AB3784C3FC4CC20248DC0&page=351#qC0E083,verified_local_archive
23,94CC89,352,https://oge.fipi.ru/bank/questions.php?proj=DE0E276E497AB3784C3FC4CC20248DC0&page=352&pagesize=10#q94CC89,https://oge.fipi.ru/bank/questions.php?proj=DE0E276E497AB3784C3FC4CC20248DC0&page=352#q94CC89,verified_local_archive
23,3D4F8C,352,https://oge.fipi.ru/bank/questions.php?proj=DE0E276E497AB3784C3FC4CC20248DC0&page=352&pagesize=10#q3D4F8C,https://oge.fipi.ru/bank/questions.php?proj=DE0E276E497AB3784C3FC4CC20248DC0&page=352#q3D4F8C,verified_local_archive
24,4E334E,231,https://oge.fipi.ru/bank/questions.php?proj=DE0E276E497AB3784C3FC4CC20248DC0&page=231&pagesize=10#q4E334E,https://oge.fipi.ru/bank/questions.php?proj=DE0E276E497AB3784C3FC4CC20248DC0&page=231#q4E334E,verified_local_archive
24,006642,232,https://oge.fipi.ru/bank/questions.php?proj=DE0E276E497AB3784C3FC4CC20248DC0&page=232&pagesize=10#q006642,https://oge.fipi.ru/bank/questions.php?proj=DE0E276E497AB3784C3FC4CC20248DC0&page=232#q006642,verified_local_archive
24,BE9A49,232,https://oge.fipi.ru/bank/questions.php?proj=DE0E276E497AB3784C3FC4CC20248DC0&page=232&pagesize=10#qBE9A49,https://oge.fipi.ru/bank/questions.php?proj=DE0E276E497AB3784C3FC4CC20248DC0&page=232#qBE9A49,verified_local_archive
24,BD4A4E,232,https://oge.fipi.ru/bank/questions.php?proj=DE0E276E497AB3784C3FC4CC20248DC0&page=232&pagesize=10#qBD4A4E,https://oge.fipi.ru/bank/questions.php?proj=DE0E276E497AB3784C3FC4CC20248DC0&page=232#qBD4A4E,verified_local_archive
24,DFBC4D,233,https://oge.fipi.ru/bank/questions.php?proj=DE0E276E497AB3784C3FC4CC20248DC0&page=233&pagesize=10#qDFBC4D,https://oge.fipi.ru/bank/questions.php?proj=DE0E276E497AB3784C3FC4CC20248DC0&page=233#qDFBC4D,verified_local_archive
24,9D9F45,235,https://oge.fipi.ru/bank/questions.php?proj=DE0E276E497AB3784C3FC4CC20248DC0&page=235&pagesize=10#q9D9F45,https://oge.fipi.ru/bank/questions.php?proj=DE0E276E497AB3784C3FC4CC20248DC0&page=235#q9D9F45,verified_local_archive
24,613B4F,235,https://oge.fipi.ru/bank/questions.php?proj=DE0E276E497AB3784C3FC4CC20248DC0&page=235&pagesize=10#q613B4F,https://oge.fipi.ru/bank/questions.php?proj=DE0E276E497AB3784C3FC4CC20248DC0&page=235#q613B4F,verified_local_archive
24,F149FA,237,https://oge.fipi.ru/bank/questions.php?proj=DE0E276E497AB3784C3FC4CC20248DC0&page=237&pagesize=10#qF149FA,https://oge.fipi.ru/bank/questions.php?proj=DE0E276E497AB3784C3FC4CC20248DC0&page=237#qF149FA,verified_local_archive
24,7A5DF6,238,https://oge.fipi.ru/bank/questions.php?proj=DE0E276E497AB3784C3FC4CC20248DC0&page=238&pagesize=10#q7A5DF6,https://oge.fipi.ru/bank/questions.php?proj=DE0E276E497AB3784C3FC4CC20248DC0&page=238#q7A5DF6,verified_local_archive
24,D294F5,239,https://oge.fipi.ru/bank/questions.php?proj=DE0E276E497AB3784C3FC4CC20248DC0&page=239&pagesize=10#qD294F5,https://oge.fipi.ru/bank/questions.php?proj=DE0E276E497AB3784C3FC4CC20248DC0&page=239#qD294F5,verified_local_archive
24,A810F6,240,https://oge.fipi.ru/bank/questions.php?proj=DE0E276E497AB3784C3FC4CC20248DC0&page=240&pagesize=10#qA810F6,https://oge.fipi.ru/bank/questions.php?proj=DE0E276E497AB3784C3FC4CC20248DC0&page=240#qA810F6,verified_local_archive
24,9F76F4,240,https://oge.fipi.ru/bank/questions.php?proj=DE0E276E497AB3784C3FC4CC20248DC0&page=240&pagesize=10#q9F76F4,https://oge.fipi.ru/bank/questions.php?proj=DE0E276E497AB3784C3FC4CC20248DC0&page=240#q9F76F4,verified_local_archive
24,E3F9F8,241,https://oge.fipi.ru/bank/questions.php?proj=DE0E276E497AB3784C3FC4CC20248DC0&page=241&pagesize=10#qE3F9F8,https://oge.fipi.ru/bank/questions.php?proj=DE0E276E497AB3784C3FC4CC20248DC0&page=241#qE3F9F8,verified_local_archive
24,367AFE,243,https://oge.fipi.ru/bank/questions.php?proj=DE0E276E497AB3784C3FC4CC20248DC0&page=243&pagesize=10#q367AFE,https://oge.fipi.ru/bank/questions.php?proj=DE0E276E497AB3784C3FC4CC20248DC0&page=243#q367AFE,verified_local_archive
24,ABC508,246,https://oge.fipi.ru/bank/questions.php?proj=DE0E276E497AB3784C3FC4CC20248DC0&page=246&pagesize=10#qABC508,https://oge.fipi.ru/bank/questions.php?proj=DE0E276E497AB3784C3FC4CC20248DC0&page=246#qABC508,verified_local_archive
24,955204,246,https://oge.fipi.ru/bank/questions.php?proj=DE0E276E497AB3784C3FC4CC20248DC0&page=246&pagesize=10#q955204,https://oge.fipi.ru/bank/questions.php?proj=DE0E276E497AB3784C3FC4CC20248DC0&page=246#q955204,verified_local_archive
24,632804,247,https://oge.fipi.ru/bank/questions.php?proj=DE0E276E497AB3784C3FC4CC20248DC0&page=247&pagesize=10#q632804,https://oge.fipi.ru/bank/questions.php?proj=DE0E276E497AB3784C3FC4CC20248DC0&page=247#q632804,verified_local_archive
24,367109,247,https://oge.fipi.ru/bank/questions.php?proj=DE0E276E497AB3784C3FC4CC20248DC0&page=247&pagesize=10#q367109,https://oge.fipi.ru/bank/questions.php?proj=DE0E276E497AB3784C3FC4CC20248DC0&page=247#q367109,verified_local_archive
24,B81A7C,249,https://oge.fipi.ru/bank/questions.php?proj=DE0E276E497AB3784C3FC4CC20248DC0&page=249&pagesize=10#qB81A7C,https://oge.fipi.ru/bank/questions.php?proj=DE0E276E497AB3784C3FC4CC20248DC0&page=249#qB81A7C,verified_local_archive
24,0796BC,254,https://oge.fipi.ru/bank/questions.php?proj=DE0E276E497AB3784C3FC4CC20248DC0&page=254&pagesize=10#q0796BC,https://oge.fipi.ru/bank/questions.php?proj=DE0E276E497AB3784C3FC4CC20248DC0&page=254#q0796BC,verified_local_archive
24,51ABBB,257,https://oge.fipi.ru/bank/questions.php?proj=DE0E276E497AB3784C3FC4CC20248DC0&page=257&pagesize=10#q51ABBB,https://oge.fipi.ru/bank/questions.php?proj=DE0E276E497AB3784C3FC4CC20248DC0&page=257#q51ABBB,verified_local_archive
24,730010,260,https://oge.fipi.ru/bank/questions.php?proj=DE0E276E497AB3784C3FC4CC20248DC0&page=260&pagesize=10#q730010,https://oge.fipi.ru/bank/questions.php?proj=DE0E276E497AB3784C3FC4CC20248DC0&page=260#q730010,verified_local_archive
24,25581B,262,https://oge.fipi.ru/bank/questions.php?proj=DE0E276E497AB3784C3FC4CC20248DC0&page=262&pagesize=10#q25581B,https://oge.fipi.ru/bank/questions.php?proj=DE0E276E497AB3784C3FC4CC20248DC0&page=262#q25581B,verified_local_archive
24,D2ED10,263,https://oge.fipi.ru/bank/questions.php?proj=DE0E276E497AB3784C3FC4CC20248DC0&page=263&pagesize=10#qD2ED10,https://oge.fipi.ru/bank/questions.php?proj=DE0E276E497AB3784C3FC4CC20248DC0&page=263#qD2ED10,verified_local_archive
24,1F1A22,267,https://oge.fipi.ru/bank/questions.php?proj=DE0E276E497AB3784C3FC4CC20248DC0&page=267&pagesize=10#q1F1A22,https://oge.fipi.ru/bank/questions.php?proj=DE0E276E497AB3784C3FC4CC20248DC0&page=267#q1F1A22,verified_local_archive
24,13AC23,268,https://oge.fipi.ru/bank/questions.php?proj=DE0E276E497AB3784C3FC4CC20248DC0&page=268&pagesize=10#q13AC23,https://oge.fipi.ru/bank/questions.php?proj=DE0E276E497AB3784C3FC4CC20248DC0&page=268#q13AC23,verified_local_archive
24,991A27,270,https://oge.fipi.ru/bank/questions.php?proj=DE0E276E497AB3784C3FC4CC20248DC0&page=270&pagesize=10#q991A27,https://oge.fipi.ru/bank/questions.php?proj=DE0E276E497AB3784C3FC4CC20248DC0&page=270#q991A27,verified_local_archive
24,3AA429,272,https://oge.fipi.ru/bank/questions.php?proj=DE0E276E497AB3784C3FC4CC20248DC0&page=272&pagesize=10#q3AA429,https://oge.fipi.ru/bank/questions.php?proj=DE0E276E497AB3784C3FC4CC20248DC0&page=272#q3AA429,verified_local_archive
24,2EF3D2,274,https://oge.fipi.ru/bank/questions.php?proj=DE0E276E497AB3784C3FC4CC20248DC0&page=274&pagesize=10#q2EF3D2,https://oge.fipi.ru/bank/questions.php?proj=DE0E276E497AB3784C3FC4CC20248DC0&page=274#q2EF3D2,verified_local_archive
24,B35E5A,279,https://oge.fipi.ru/bank/questions.php?proj=DE0E276E497AB3784C3FC4CC20248DC0&page=279&pagesize=10#qB35E5A,https://oge.fipi.ru/bank/questions.php?proj=DE0E276E497AB3784C3FC4CC20248DC0&page=279#qB35E5A,verified_local_archive
24,2FEF51,279,https://oge.fipi.ru/bank/questions.php?proj=DE0E276E497AB3784C3FC4CC20248DC0&page=279&pagesize=10#q2FEF51,https://oge.fipi.ru/bank/questions.php?proj=DE0E276E497AB3784C3FC4CC20248DC0&page=279#q2FEF51,verified_local_archive
24,DAEC5D,280,https://oge.fipi.ru/bank/questions.php?proj=DE0E276E497AB3784C3FC4CC20248DC0&page=280&pagesize=10#qDAEC5D,https://oge.fipi.ru/bank/questions.php?proj=DE0E276E497AB3784C3FC4CC20248DC0&page=280#qDAEC5D,verified_local_archive
24,6BB457,282,https://oge.fipi.ru/bank/questions.php?proj=DE0E276E497AB3784C3FC4CC20248DC0&page=282&pagesize=10#q6BB457,https://oge.fipi.ru/bank/questions.php?proj=DE0E276E497AB3784C3FC4CC20248DC0&page=282#q6BB457,verified_local_archive
24,8A0155,283,https://oge.fipi.ru/bank/questions.php?proj=DE0E276E497AB3784C3FC4CC20248DC0&page=283&pagesize=10#q8A0155,https://oge.fipi.ru/bank/questions.php?proj=DE0E276E497AB3784C3FC4CC20248DC0&page=283#q8A0155,verified_local_archive
24,B609A6,284,https://oge.fipi.ru/bank/questions.php?proj=DE0E276E497AB3784C3FC4CC20248DC0&page=284&pagesize=10#qB609A6,https://oge.fipi.ru/bank/questions.php?proj=DE0E276E497AB3784C3FC4CC20248DC0&page=284#qB609A6,verified_local_archive
24,1B07A7,284,https://oge.fipi.ru/bank/questions.php?proj=DE0E276E497AB3784C3FC4CC20248DC0&page=284&pagesize=10#q1B07A7,https://oge.fipi.ru/bank/questions.php?proj=DE0E276E497AB3784C3FC4CC20248DC0&page=284#q1B07A7,verified_local_archive
24,7487CE,289,https://oge.fipi.ru/bank/questions.php?proj=DE0E276E497AB3784C3FC4CC20248DC0&page=289&pagesize=10#q7487CE,https://oge.fipi.ru/bank/questions.php?proj=DE0E276E497AB3784C3FC4CC20248DC0&page=289#q7487CE,verified_local_archive
24,3842C4,294,https://oge.fipi.ru/bank/questions.php?proj=DE0E276E497AB3784C3FC4CC20248DC0&page=294&pagesize=10#q3842C4,https://oge.fipi.ru/bank/questions.php?proj=DE0E276E497AB3784C3FC4CC20248DC0&page=294#q3842C4,verified_local_archive
24,A57F97,298,https://oge.fipi.ru/bank/questions.php?proj=DE0E276E497AB3784C3FC4CC20248DC0&page=298&pagesize=10#qA57F97,https://oge.fipi.ru/bank/questions.php?proj=DE0E276E497AB3784C3FC4CC20248DC0&page=298#qA57F97,verified_local_archive
24,9A9096,300,https://oge.fipi.ru/bank/questions.php?proj=DE0E276E497AB3784C3FC4CC20248DC0&page=300&pagesize=10#q9A9096,https://oge.fipi.ru/bank/questions.php?proj=DE0E276E497AB3784C3FC4CC20248DC0&page=300#q9A9096,verified_local_archive
24,E7E298,300,https://oge.fipi.ru/bank/questions.php?proj=DE0E276E497AB3784C3FC4CC20248DC0&page=300&pagesize=10#qE7E298,https://oge.fipi.ru/bank/questions.php?proj=DE0E276E497AB3784C3FC4CC20248DC0&page=300#qE7E298,verified_local_archive
24,B32AEC,302,https://oge.fipi.ru/bank/questions.php?proj=DE0E276E497AB3784C3FC4CC20248DC0&page=302&pagesize=10#qB32AEC,https://oge.fipi.ru/bank/questions.php?proj=DE0E276E497AB3784C3FC4CC20248DC0&page=302#qB32AEC,verified_local_archive
24,BE34E8,302,https://oge.fipi.ru/bank/questions.php?proj=DE0E276E497AB3784C3FC4CC20248DC0&page=302&pagesize=10#qBE34E8,https://oge.fipi.ru/bank/questions.php?proj=DE0E276E497AB3784C3FC4CC20248DC0&page=302#qBE34E8,verified_local_archive
24,C60AED,304,https://oge.fipi.ru/bank/questions.php?proj=DE0E276E497AB3784C3FC4CC20248DC0&page=304&pagesize=10#qC60AED,https://oge.fipi.ru/bank/questions.php?proj=DE0E276E497AB3784C3FC4CC20248DC0&page=304#qC60AED,verified_local_archive
24,37CCE6,306,https://oge.fipi.ru/bank/questions.php?proj=DE0E276E497AB3784C3FC4CC20248DC0&page=306&pagesize=10#q37CCE6,https://oge.fipi.ru/bank/questions.php?proj=DE0E276E497AB3784C3FC4CC20248DC0&page=306#q37CCE6,verified_local_archive
24,F57F67,307,https://oge.fipi.ru/bank/questions.php?proj=DE0E276E497AB3784C3FC4CC20248DC0&page=307&pagesize=10#qF57F67,https://oge.fipi.ru/bank/questions.php?proj=DE0E276E497AB3784C3FC4CC20248DC0&page=307#qF57F67,verified_local_archive
24,04B467,308,https://oge.fipi.ru/bank/questions.php?proj=DE0E276E497AB3784C3FC4CC20248DC0&page=308&pagesize=10#q04B467,https://oge.fipi.ru/bank/questions.php?proj=DE0E276E497AB3784C3FC4CC20248DC0&page=308#q04B467,verified_local_archive
24,6B3568,312,https://oge.fipi.ru/bank/questions.php?proj=DE0E276E497AB3784C3FC4CC20248DC0&page=312&pagesize=10#q6B3568,https://oge.fipi.ru/bank/questions.php?proj=DE0E276E497AB3784C3FC4CC20248DC0&page=312#q6B3568,verified_local_archive
24,40EA31,313,https://oge.fipi.ru/bank/questions.php?proj=DE0E276E497AB3784C3FC4CC20248DC0&page=313&pagesize=10#q40EA31,https://oge.fipi.ru/bank/questions.php?proj=DE0E276E497AB3784C3FC4CC20248DC0&page=313#q40EA31,verified_local_archive
24,FA5D37,313,https://oge.fipi.ru/bank/questions.php?proj=DE0E276E497AB3784C3FC4CC20248DC0&page=313&pagesize=10#qFA5D37,https://oge.fipi.ru/bank/questions.php?proj=DE0E276E497AB3784C3FC4CC20248DC0&page=313#qFA5D37,verified_local_archive
24,079233,314,https://oge.fipi.ru/bank/questions.php?proj=DE0E276E497AB3784C3FC4CC20248DC0&page=314&pagesize=10#q079233,https://oge.fipi.ru/bank/questions.php?proj=DE0E276E497AB3784C3FC4CC20248DC0&page=314#q079233,verified_local_archive
24,18E434,315,https://oge.fipi.ru/bank/questions.php?proj=DE0E276E497AB3784C3FC4CC20248DC0&page=315&pagesize=10#q18E434,https://oge.fipi.ru/bank/questions.php?proj=DE0E276E497AB3784C3FC4CC20248DC0&page=315#q18E434,verified_local_archive
24,DE7034,315,https://oge.fipi.ru/bank/questions.php?proj=DE0E276E497AB3784C3FC4CC20248DC0&page=315&pagesize=10#qDE7034,https://oge.fipi.ru/bank/questions.php?proj=DE0E276E497AB3784C3FC4CC20248DC0&page=315#qDE7034,verified_local_archive
24,C7AA3F,316,https://oge.fipi.ru/bank/questions.php?proj=DE0E276E497AB3784C3FC4CC20248DC0&page=316&pagesize=10#qC7AA3F,https://oge.fipi.ru/bank/questions.php?proj=DE0E276E497AB3784C3FC4CC20248DC0&page=316#qC7AA3F,verified_local_archive
24,9B683D,317,https://oge.fipi.ru/bank/questions.php?proj=DE0E276E497AB3784C3FC4CC20248DC0&page=317&pagesize=10#q9B683D,https://oge.fipi.ru/bank/questions.php?proj=DE0E276E497AB3784C3FC4CC20248DC0&page=317#q9B683D,verified_local_archive
24,39A131,318,https://oge.fipi.ru/bank/questions.php?proj=DE0E276E497AB3784C3FC4CC20248DC0&page=318&pagesize=10#q39A131,https://oge.fipi.ru/bank/questions.php?proj=DE0E276E497AB3784C3FC4CC20248DC0&page=318#q39A131,verified_local_archive
24,B14289,320,https://oge.fipi.ru/bank/questions.php?proj=DE0E276E497AB3784C3FC4CC20248DC0&page=320&pagesize=10#qB14289,https://oge.fipi.ru/bank/questions.php?proj=DE0E276E497AB3784C3FC4CC20248DC0&page=320#qB14289,verified_local_archive
24,D57685,321,https://oge.fipi.ru/bank/questions.php?proj=DE0E276E497AB3784C3FC4CC20248DC0&page=321&pagesize=10#qD57685,https://oge.fipi.ru/bank/questions.php?proj=DE0E276E497AB3784C3FC4CC20248DC0&page=321#qD57685,verified_local_archive
24,E90E86,324,https://oge.fipi.ru/bank/questions.php?proj=DE0E276E497AB3784C3FC4CC20248DC0&page=324&pagesize=10#qE90E86,https://oge.fipi.ru/bank/questions.php?proj=DE0E276E497AB3784C3FC4CC20248DC0&page=324#qE90E86,verified_local_archive
24,36C482,325,https://oge.fipi.ru/bank/questions.php?proj=DE0E276E497AB3784C3FC4CC20248DC0&page=325&pagesize=10#q36C482,https://oge.fipi.ru/bank/questions.php?proj=DE0E276E497AB3784C3FC4CC20248DC0&page=325#q36C482,verified_local_archive
25,5A2C47,234,https://oge.fipi.ru/bank/questions.php?proj=DE0E276E497AB3784C3FC4CC20248DC0&page=234&pagesize=10#q5A2C47,https://oge.fipi.ru/bank/questions.php?proj=DE0E276E497AB3784C3FC4CC20248DC0&page=234#q5A2C47,verified_local_archive
25,55CB45,234,https://oge.fipi.ru/bank/questions.php?proj=DE0E276E497AB3784C3FC4CC20248DC0&page=234&pagesize=10#q55CB45,https://oge.fipi.ru/bank/questions.php?proj=DE0E276E497AB3784C3FC4CC20248DC0&page=234#q55CB45,verified_local_archive
25,AB214A,234,https://oge.fipi.ru/bank/questions.php?proj=DE0E276E497AB3784C3FC4CC20248DC0&page=234&pagesize=10#qAB214A,https://oge.fipi.ru/bank/questions.php?proj=DE0E276E497AB3784C3FC4CC20248DC0&page=234#qAB214A,verified_local_archive
25,CF5F48,235,https://oge.fipi.ru/bank/questions.php?proj=DE0E276E497AB3784C3FC4CC20248DC0&page=235&pagesize=10#qCF5F48,https://oge.fipi.ru/bank/questions.php?proj=DE0E276E497AB3784C3FC4CC20248DC0&page=235#qCF5F48,verified_local_archive
25,92214F,235,https://oge.fipi.ru/bank/questions.php?proj=DE0E276E497AB3784C3FC4CC20248DC0&page=235&pagesize=10#q92214F,https://oge.fipi.ru/bank/questions.php?proj=DE0E276E497AB3784C3FC4CC20248DC0&page=235#q92214F,verified_local_archive
25,96E347,235,https://oge.fipi.ru/bank/questions.php?proj=DE0E276E497AB3784C3FC4CC20248DC0&page=235&pagesize=10#q96E347,https://oge.fipi.ru/bank/questions.php?proj=DE0E276E497AB3784C3FC4CC20248DC0&page=235#q96E347,verified_local_archive
25,EF764E,235,https://oge.fipi.ru/bank/questions.php?proj=DE0E276E497AB3784C3FC4CC20248DC0&page=235&pagesize=10#qEF764E,https://oge.fipi.ru/bank/questions.php?proj=DE0E276E497AB3784C3FC4CC20248DC0&page=235#qEF764E,verified_local_archive
25,683F49,236,https://oge.fipi.ru/bank/questions.php?proj=DE0E276E497AB3784C3FC4CC20248DC0&page=236&pagesize=10#q683F49,https://oge.fipi.ru/bank/questions.php?proj=DE0E276E497AB3784C3FC4CC20248DC0&page=236#q683F49,verified_local_archive
25,6F3846,236,https://oge.fipi.ru/bank/questions.php?proj=DE0E276E497AB3784C3FC4CC20248DC0&page=236&pagesize=10#q6F3846,https://oge.fipi.ru/bank/questions.php?proj=DE0E276E497AB3784C3FC4CC20248DC0&page=236#q6F3846,verified_local_archive
25,1C1CFA,238,https://oge.fipi.ru/bank/questions.php?proj=DE0E276E497AB3784C3FC4CC20248DC0&page=238&pagesize=10#q1C1CFA,https://oge.fipi.ru/bank/questions.php?proj=DE0E276E497AB3784C3FC4CC20248DC0&page=238#q1C1CFA,verified_local_archive
25,27E2F1,239,https://oge.fipi.ru/bank/questions.php?proj=DE0E276E497AB3784C3FC4CC20248DC0&page=239&pagesize=10#q27E2F1,https://oge.fipi.ru/bank/questions.php?proj=DE0E276E497AB3784C3FC4CC20248DC0&page=239#q27E2F1,verified_local_archive
25,EEF3FC,241,https://oge.fipi.ru/bank/questions.php?proj=DE0E276E497AB3784C3FC4CC20248DC0&page=241&pagesize=10#qEEF3FC,https://oge.fipi.ru/bank/questions.php?proj=DE0E276E497AB3784C3FC4CC20248DC0&page=241#qEEF3FC,verified_local_archive
25,DDE606,245,https://oge.fipi.ru/bank/questions.php?proj=DE0E276E497AB3784C3FC4CC20248DC0&page=245&pagesize=10#qDDE606,https://oge.fipi.ru/bank/questions.php?proj=DE0E276E497AB3784C3FC4CC20248DC0&page=245#qDDE606,verified_local_archive
25,23F177,250,https://oge.fipi.ru/bank/questions.php?proj=DE0E276E497AB3784C3FC4CC20248DC0&page=250&pagesize=10#q23F177,https://oge.fipi.ru/bank/questions.php?proj=DE0E276E497AB3784C3FC4CC20248DC0&page=250#q23F177,verified_local_archive
25,EFC57B,253,https://oge.fipi.ru/bank/questions.php?proj=DE0E276E497AB3784C3FC4CC20248DC0&page=253&pagesize=10#qEFC57B,https://oge.fipi.ru/bank/questions.php?proj=DE0E276E497AB3784C3FC4CC20248DC0&page=253#qEFC57B,verified_local_archive
25,43E5B5,254,https://oge.fipi.ru/bank/questions.php?proj=DE0E276E497AB3784C3FC4CC20248DC0&page=254&pagesize=10#q43E5B5,https://oge.fipi.ru/bank/questions.php?proj=DE0E276E497AB3784C3FC4CC20248DC0&page=254#q43E5B5,verified_local_archive
25,F0C3BD,254,https://oge.fipi.ru/bank/questions.php?proj=DE0E276E497AB3784C3FC4CC20248DC0&page=254&pagesize=10#qF0C3BD,https://oge.fipi.ru/bank/questions.php?proj=DE0E276E497AB3784C3FC4CC20248DC0&page=254#qF0C3BD,verified_local_archive
25,D01FBF,256,https://oge.fipi.ru/bank/questions.php?proj=DE0E276E497AB3784C3FC4CC20248DC0&page=256&pagesize=10#qD01FBF,https://oge.fipi.ru/bank/questions.php?proj=DE0E276E497AB3784C3FC4CC20248DC0&page=256#qD01FBF,verified_local_archive
25,DD14BB,256,https://oge.fipi.ru/bank/questions.php?proj=DE0E276E497AB3784C3FC4CC20248DC0&page=256&pagesize=10#qDD14BB,https://oge.fipi.ru/bank/questions.php?proj=DE0E276E497AB3784C3FC4CC20248DC0&page=256#qDD14BB,verified_local_archive
25,DCE2BA,256,https://oge.fipi.ru/bank/questions.php?proj=DE0E276E497AB3784C3FC4CC20248DC0&page=256&pagesize=10#qDCE2BA,https://oge.fipi.ru/bank/questions.php?proj=DE0E276E497AB3784C3FC4CC20248DC0&page=256#qDCE2BA,verified_local_archive
25,D4D0BC,256,https://oge.fipi.ru/bank/questions.php?proj=DE0E276E497AB3784C3FC4CC20248DC0&page=256&pagesize=10#qD4D0BC,https://oge.fipi.ru/bank/questions.php?proj=DE0E276E497AB3784C3FC4CC20248DC0&page=256#qD4D0BC,verified_local_archive
25,EE99B1,258,https://oge.fipi.ru/bank/questions.php?proj=DE0E276E497AB3784C3FC4CC20248DC0&page=258&pagesize=10#qEE99B1,https://oge.fipi.ru/bank/questions.php?proj=DE0E276E497AB3784C3FC4CC20248DC0&page=258#qEE99B1,verified_local_archive
25,1B191C,262,https://oge.fipi.ru/bank/questions.php?proj=DE0E276E497AB3784C3FC4CC20248DC0&page=262&pagesize=10#q1B191C,https://oge.fipi.ru/bank/questions.php?proj=DE0E276E497AB3784C3FC4CC20248DC0&page=262#q1B191C,verified_local_archive
25,292E1E,263,https://oge.fipi.ru/bank/questions.php?proj=DE0E276E497AB3784C3FC4CC20248DC0&page=263&pagesize=10#q292E1E,https://oge.fipi.ru/bank/questions.php?proj=DE0E276E497AB3784C3FC4CC20248DC0&page=263#q292E1E,verified_local_archive
25,351F19,264,https://oge.fipi.ru/bank/questions.php?proj=DE0E276E497AB3784C3FC4CC20248DC0&page=264&pagesize=10#q351F19,https://oge.fipi.ru/bank/questions.php?proj=DE0E276E497AB3784C3FC4CC20248DC0&page=264#q351F19,verified_local_archive
25,4C7923,265,https://oge.fipi.ru/bank/questions.php?proj=DE0E276E497AB3784C3FC4CC20248DC0&page=265&pagesize=10#q4C7923,https://oge.fipi.ru/bank/questions.php?proj=DE0E276E497AB3784C3FC4CC20248DC0&page=265#q4C7923,verified_local_archive
25,BF2C2E,267,https://oge.fipi.ru/bank/questions.php?proj=DE0E276E497AB3784C3FC4CC20248DC0&page=267&pagesize=10#qBF2C2E,https://oge.fipi.ru/bank/questions.php?proj=DE0E276E497AB3784C3FC4CC20248DC0&page=267#qBF2C2E,verified_local_archive
25,987228,270,https://oge.fipi.ru/bank/questions.php?proj=DE0E276E497AB3784C3FC4CC20248DC0&page=270&pagesize=10#q987228,https://oge.fipi.ru/bank/questions.php?proj=DE0E276E497AB3784C3FC4CC20248DC0&page=270#q987228,verified_local_archive
25,382F20,271,https://oge.fipi.ru/bank/questions.php?proj=DE0E276E497AB3784C3FC4CC20248DC0&page=271&pagesize=10#q382F20,https://oge.fipi.ru/bank/questions.php?proj=DE0E276E497AB3784C3FC4CC20248DC0&page=271#q382F20,verified_local_archive
25,3A4E2D,271,https://oge.fipi.ru/bank/questions.php?proj=DE0E276E497AB3784C3FC4CC20248DC0&page=271&pagesize=10#q3A4E2D,https://oge.fipi.ru/bank/questions.php?proj=DE0E276E497AB3784C3FC4CC20248DC0&page=271#q3A4E2D,verified_local_archive
25,83F622,272,https://oge.fipi.ru/bank/questions.php?proj=DE0E276E497AB3784C3FC4CC20248DC0&page=272&pagesize=10#q83F622,https://oge.fipi.ru/bank/questions.php?proj=DE0E276E497AB3784C3FC4CC20248DC0&page=272#q83F622,verified_local_archive
25,0247D6,273,https://oge.fipi.ru/bank/questions.php?proj=DE0E276E497AB3784C3FC4CC20248DC0&page=273&pagesize=10#q0247D6,https://oge.fipi.ru/bank/questions.php?proj=DE0E276E497AB3784C3FC4CC20248DC0&page=273#q0247D6,verified_local_archive
25,2FCCDB,274,https://oge.fipi.ru/bank/questions.php?proj=DE0E276E497AB3784C3FC4CC20248DC0&page=274&pagesize=10#q2FCCDB,https://oge.fipi.ru/bank/questions.php?proj=DE0E276E497AB3784C3FC4CC20248DC0&page=274#q2FCCDB,verified_local_archive
25,3D72D5,276,https://oge.fipi.ru/bank/questions.php?proj=DE0E276E497AB3784C3FC4CC20248DC0&page=276&pagesize=10#q3D72D5,https://oge.fipi.ru/bank/questions.php?proj=DE0E276E497AB3784C3FC4CC20248DC0&page=276#q3D72D5,verified_local_archive
25,F13255,277,https://oge.fipi.ru/bank/questions.php?proj=DE0E276E497AB3784C3FC4CC20248DC0&page=277&pagesize=10#qF13255,https://oge.fipi.ru/bank/questions.php?proj=DE0E276E497AB3784C3FC4CC20248DC0&page=277#qF13255,verified_local_archive
25,705153,278,https://oge.fipi.ru/bank/questions.php?proj=DE0E276E497AB3784C3FC4CC20248DC0&page=278&pagesize=10#q705153,https://oge.fipi.ru/bank/questions.php?proj=DE0E276E497AB3784C3FC4CC20248DC0&page=278#q705153,verified_local_archive
25,A39656,280,https://oge.fipi.ru/bank/questions.php?proj=DE0E276E497AB3784C3FC4CC20248DC0&page=280&pagesize=10#qA39656,https://oge.fipi.ru/bank/questions.php?proj=DE0E276E497AB3784C3FC4CC20248DC0&page=280#qA39656,verified_local_archive
25,C96A5C,281,https://oge.fipi.ru/bank/questions.php?proj=DE0E276E497AB3784C3FC4CC20248DC0&page=281&pagesize=10#qC96A5C,https://oge.fipi.ru/bank/questions.php?proj=DE0E276E497AB3784C3FC4CC20248DC0&page=281#qC96A5C,verified_local_archive
25,6AD95A,282,https://oge.fipi.ru/bank/questions.php?proj=DE0E276E497AB3784C3FC4CC20248DC0&page=282&pagesize=10#q6AD95A,https://oge.fipi.ru/bank/questions.php?proj=DE0E276E497AB3784C3FC4CC20248DC0&page=282#q6AD95A,verified_local_archive
25,0A27C6,289,https://oge.fipi.ru/bank/questions.php?proj=DE0E276E497AB3784C3FC4CC20248DC0&page=289&pagesize=10#q0A27C6,https://oge.fipi.ru/bank/questions.php?proj=DE0E276E497AB3784C3FC4CC20248DC0&page=289#q0A27C6,verified_local_archive
25,141DCA,290,https://oge.fipi.ru/bank/questions.php?proj=DE0E276E497AB3784C3FC4CC20248DC0&page=290&pagesize=10#q141DCA,https://oge.fipi.ru/bank/questions.php?proj=DE0E276E497AB3784C3FC4CC20248DC0&page=290#q141DCA,verified_local_archive
25,D9E6CA,291,https://oge.fipi.ru/bank/questions.php?proj=DE0E276E497AB3784C3FC4CC20248DC0&page=291&pagesize=10#qD9E6CA,https://oge.fipi.ru/bank/questions.php?proj=DE0E276E497AB3784C3FC4CC20248DC0&page=291#qD9E6CA,verified_local_archive
25,5D0CC5,291,https://oge.fipi.ru/bank/questions.php?proj=DE0E276E497AB3784C3FC4CC20248DC0&page=291&pagesize=10#q5D0CC5,https://oge.fipi.ru/bank/questions.php?proj=DE0E276E497AB3784C3FC4CC20248DC0&page=291#q5D0CC5,verified_local_archive
25,AD1CCC,291,https://oge.fipi.ru/bank/questions.php?proj=DE0E276E497AB3784C3FC4CC20248DC0&page=291&pagesize=10#qAD1CCC,https://oge.fipi.ru/bank/questions.php?proj=DE0E276E497AB3784C3FC4CC20248DC0&page=291#qAD1CCC,verified_local_archive
25,C2A1CF,292,https://oge.fipi.ru/bank/questions.php?proj=DE0E276E497AB3784C3FC4CC20248DC0&page=292&pagesize=10#qC2A1CF,https://oge.fipi.ru/bank/questions.php?proj=DE0E276E497AB3784C3FC4CC20248DC0&page=292#qC2A1CF,verified_local_archive
25,CCD3C9,292,https://oge.fipi.ru/bank/questions.php?proj=DE0E276E497AB3784C3FC4CC20248DC0&page=292&pagesize=10#qCCD3C9,https://oge.fipi.ru/bank/questions.php?proj=DE0E276E497AB3784C3FC4CC20248DC0&page=292#qCCD3C9,verified_local_archive
25,9599CF,292,https://oge.fipi.ru/bank/questions.php?proj=DE0E276E497AB3784C3FC4CC20248DC0&page=292&pagesize=10#q9599CF,https://oge.fipi.ru/bank/questions.php?proj=DE0E276E497AB3784C3FC4CC20248DC0&page=292#q9599CF,verified_local_archive
25,9A2CC6,293,https://oge.fipi.ru/bank/questions.php?proj=DE0E276E497AB3784C3FC4CC20248DC0&page=293&pagesize=10#q9A2CC6,https://oge.fipi.ru/bank/questions.php?proj=DE0E276E497AB3784C3FC4CC20248DC0&page=293#q9A2CC6,verified_local_archive
25,E847C5,294,https://oge.fipi.ru/bank/questions.php?proj=DE0E276E497AB3784C3FC4CC20248DC0&page=294&pagesize=10#qE847C5,https://oge.fipi.ru/bank/questions.php?proj=DE0E276E497AB3784C3FC4CC20248DC0&page=294#qE847C5,verified_local_archive
25,3BDDCB,294,https://oge.fipi.ru/bank/questions.php?proj=DE0E276E497AB3784C3FC4CC20248DC0&page=294&pagesize=10#q3BDDCB,https://oge.fipi.ru/bank/questions.php?proj=DE0E276E497AB3784C3FC4CC20248DC0&page=294#q3BDDCB,verified_local_archive
25,F3229F,295,https://oge.fipi.ru/bank/questions.php?proj=DE0E276E497AB3784C3FC4CC20248DC0&page=295&pagesize=10#qF3229F,https://oge.fipi.ru/bank/questions.php?proj=DE0E276E497AB3784C3FC4CC20248DC0&page=295#qF3229F,verified_local_archive
25,099B90,295,https://oge.fipi.ru/bank/questions.php?proj=DE0E276E497AB3784C3FC4CC20248DC0&page=295&pagesize=10#q099B90,https://oge.fipi.ru/bank/questions.php?proj=DE0E276E497AB3784C3FC4CC20248DC0&page=295#q099B90,verified_local_archive
25,7ADF99,296,https://oge.fipi.ru/bank/questions.php?proj=DE0E276E497AB3784C3FC4CC20248DC0&page=296&pagesize=10#q7ADF99,https://oge.fipi.ru/bank/questions.php?proj=DE0E276E497AB3784C3FC4CC20248DC0&page=296#q7ADF99,verified_local_archive
25,B53A99,296,https://oge.fipi.ru/bank/questions.php?proj=DE0E276E497AB3784C3FC4CC20248DC0&page=296&pagesize=10#qB53A99,https://oge.fipi.ru/bank/questions.php?proj=DE0E276E497AB3784C3FC4CC20248DC0&page=296#qB53A99,verified_local_archive
25,DD7C92,297,https://oge.fipi.ru/bank/questions.php?proj=DE0E276E497AB3784C3FC4CC20248DC0&page=297&pagesize=10#qDD7C92,https://oge.fipi.ru/bank/questions.php?proj=DE0E276E497AB3784C3FC4CC20248DC0&page=297#qDD7C92,verified_local_archive
25,CC279D,299,https://oge.fipi.ru/bank/questions.php?proj=DE0E276E497AB3784C3FC4CC20248DC0&page=299&pagesize=10#qCC279D,https://oge.fipi.ru/bank/questions.php?proj=DE0E276E497AB3784C3FC4CC20248DC0&page=299#qCC279D,verified_local_archive
25,92BF9C,300,https://oge.fipi.ru/bank/questions.php?proj=DE0E276E497AB3784C3FC4CC20248DC0&page=300&pagesize=10#q92BF9C,https://oge.fipi.ru/bank/questions.php?proj=DE0E276E497AB3784C3FC4CC20248DC0&page=300#q92BF9C,verified_local_archive
25,EBA29F,300,https://oge.fipi.ru/bank/questions.php?proj=DE0E276E497AB3784C3FC4CC20248DC0&page=300&pagesize=10#qEBA29F,https://oge.fipi.ru/bank/questions.php?proj=DE0E276E497AB3784C3FC4CC20248DC0&page=300#qEBA29F,verified_local_archive
25,248EE7,303,https://oge.fipi.ru/bank/questions.php?proj=DE0E276E497AB3784C3FC4CC20248DC0&page=303&pagesize=10#q248EE7,https://oge.fipi.ru/bank/questions.php?proj=DE0E276E497AB3784C3FC4CC20248DC0&page=303#q248EE7,verified_local_archive
25,3F5FE3,306,https://oge.fipi.ru/bank/questions.php?proj=DE0E276E497AB3784C3FC4CC20248DC0&page=306&pagesize=10#q3F5FE3,https://oge.fipi.ru/bank/questions.php?proj=DE0E276E497AB3784C3FC4CC20248DC0&page=306#q3F5FE3,verified_local_archive
25,19BB60,309,https://oge.fipi.ru/bank/questions.php?proj=DE0E276E497AB3784C3FC4CC20248DC0&page=309&pagesize=10#q19BB60,https://oge.fipi.ru/bank/questions.php?proj=DE0E276E497AB3784C3FC4CC20248DC0&page=309#q19BB60,verified_local_archive
25,1EA262,309,https://oge.fipi.ru/bank/questions.php?proj=DE0E276E497AB3784C3FC4CC20248DC0&page=309&pagesize=10#q1EA262,https://oge.fipi.ru/bank/questions.php?proj=DE0E276E497AB3784C3FC4CC20248DC0&page=309#q1EA262,verified_local_archive
25,D90C6D,310,https://oge.fipi.ru/bank/questions.php?proj=DE0E276E497AB3784C3FC4CC20248DC0&page=310&pagesize=10#qD90C6D,https://oge.fipi.ru/bank/questions.php?proj=DE0E276E497AB3784C3FC4CC20248DC0&page=310#qD90C6D,verified_local_archive
25,A7BB6D,311,https://oge.fipi.ru/bank/questions.php?proj=DE0E276E497AB3784C3FC4CC20248DC0&page=311&pagesize=10#qA7BB6D,https://oge.fipi.ru/bank/questions.php?proj=DE0E276E497AB3784C3FC4CC20248DC0&page=311#qA7BB6D,verified_local_archive
25,9C2D65,311,https://oge.fipi.ru/bank/questions.php?proj=DE0E276E497AB3784C3FC4CC20248DC0&page=311&pagesize=10#q9C2D65,https://oge.fipi.ru/bank/questions.php?proj=DE0E276E497AB3784C3FC4CC20248DC0&page=311#q9C2D65,verified_local_archive
25,60A16B,312,https://oge.fipi.ru/bank/questions.php?proj=DE0E276E497AB3784C3FC4CC20248DC0&page=312&pagesize=10#q60A16B,https://oge.fipi.ru/bank/questions.php?proj=DE0E276E497AB3784C3FC4CC20248DC0&page=312#q60A16B,verified_local_archive
25,3F6C6B,312,https://oge.fipi.ru/bank/questions.php?proj=DE0E276E497AB3784C3FC4CC20248DC0&page=312&pagesize=10#q3F6C6B,https://oge.fipi.ru/bank/questions.php?proj=DE0E276E497AB3784C3FC4CC20248DC0&page=312#q3F6C6B,verified_local_archive
25,40D431,313,https://oge.fipi.ru/bank/questions.php?proj=DE0E276E497AB3784C3FC4CC20248DC0&page=313&pagesize=10#q40D431,https://oge.fipi.ru/bank/questions.php?proj=DE0E276E497AB3784C3FC4CC20248DC0&page=313#q40D431,verified_local_archive
25,CFEE3D,316,https://oge.fipi.ru/bank/questions.php?proj=DE0E276E497AB3784C3FC4CC20248DC0&page=316&pagesize=10#qCFEE3D,https://oge.fipi.ru/bank/questions.php?proj=DE0E276E497AB3784C3FC4CC20248DC0&page=316#qCFEE3D,verified_local_archive
25,89A535,318,https://oge.fipi.ru/bank/questions.php?proj=DE0E276E497AB3784C3FC4CC20248DC0&page=318&pagesize=10#q89A535,https://oge.fipi.ru/bank/questions.php?proj=DE0E276E497AB3784C3FC4CC20248DC0&page=318#q89A535,verified_local_archive
25,DF648D,321,https://oge.fipi.ru/bank/questions.php?proj=DE0E276E497AB3784C3FC4CC20248DC0&page=321&pagesize=10#qDF648D,https://oge.fipi.ru/bank/questions.php?proj=DE0E276E497AB3784C3FC4CC20248DC0&page=321#qDF648D,verified_local_archive
25,853489,325,https://oge.fipi.ru/bank/questions.php?proj=DE0E276E497AB3784C3FC4CC20248DC0&page=325&pagesize=10#q853489,https://oge.fipi.ru/bank/questions.php?proj=DE0E276E497AB3784C3FC4CC20248DC0&page=325#q853489,verified_local_archive
25,26D14E,326,https://oge.fipi.ru/bank/questions.php?proj=DE0E276E497AB3784C3FC4CC20248DC0&page=326&pagesize=10#q26D14E,https://oge.fipi.ru/bank/questions.php?proj=DE0E276E497AB3784C3FC4CC20248DC0&page=326#q26D14E,verified_local_archive
25,51A343,326,https://oge.fipi.ru/bank/questions.php?proj=DE0E276E497AB3784C3FC4CC20248DC0&page=326&pagesize=10#q51A343,https://oge.fipi.ru/bank/questions.php?proj=DE0E276E497AB3784C3FC4CC20248DC0&page=326#q51A343,verified_local_archive
25,A7594E,326,https://oge.fipi.ru/bank/questions.php?proj=DE0E276E497AB3784C3FC4CC20248DC0&page=326&pagesize=10#qA7594E,https://oge.fipi.ru/bank/questions.php?proj=DE0E276E497AB3784C3FC4CC20248DC0&page=326#qA7594E,verified_local_archive
25,BE20F1,327,https://oge.fipi.ru/bank/questions.php?proj=DE0E276E497AB3784C3FC4CC20248DC0&page=327&pagesize=10#qBE20F1,https://oge.fipi.ru/bank/questions.php?proj=DE0E276E497AB3784C3FC4CC20248DC0&page=327#qBE20F1,verified_local_archive
25,D035F7,327,https://oge.fipi.ru/bank/questions.php?proj=DE0E276E497AB3784C3FC4CC20248DC0&page=327&pagesize=10#qD035F7,https://oge.fipi.ru/bank/questions.php?proj=DE0E276E497AB3784C3FC4CC20248DC0&page=327#qD035F7,verified_local_archive
25,AA39FE,327,https://oge.fipi.ru/bank/questions.php?proj=DE0E276E497AB3784C3FC4CC20248DC0&page=327&pagesize=10#qAA39FE,https://oge.fipi.ru/bank/questions.php?proj=DE0E276E497AB3784C3FC4CC20248DC0&page=327#qAA39FE,verified_local_archive
25,9B51F6,327,https://oge.fipi.ru/bank/questions.php?proj=DE0E276E497AB3784C3FC4CC20248DC0&page=327&pagesize=10#q9B51F6,https://oge.fipi.ru/bank/questions.php?proj=DE0E276E497AB3784C3FC4CC20248DC0&page=327#q9B51F6,verified_local_archive
25,E097F7,328,https://oge.fipi.ru/bank/questions.php?proj=DE0E276E497AB3784C3FC4CC20248DC0&page=328&pagesize=10#qE097F7,https://oge.fipi.ru/bank/questions.php?proj=DE0E276E497AB3784C3FC4CC20248DC0&page=328#qE097F7,verified_local_archive
25,8D9E03,329,https://oge.fipi.ru/bank/questions.php?proj=DE0E276E497AB3784C3FC4CC20248DC0&page=329&pagesize=10#q8D9E03,https://oge.fipi.ru/bank/questions.php?proj=DE0E276E497AB3784C3FC4CC20248DC0&page=329#q8D9E03,verified_local_archive
25,569075,330,https://oge.fipi.ru/bank/questions.php?proj=DE0E276E497AB3784C3FC4CC20248DC0&page=330&pagesize=10#q569075,https://oge.fipi.ru/bank/questions.php?proj=DE0E276E497AB3784C3FC4CC20248DC0&page=330#q569075,verified_local_archive
25,97C87B,331,https://oge.fipi.ru/bank/questions.php?proj=DE0E276E497AB3784C3FC4CC20248DC0&page=331&pagesize=10#q97C87B,https://oge.fipi.ru/bank/questions.php?proj=DE0E276E497AB3784C3FC4CC20248DC0&page=331#q97C87B,verified_local_archive
25,62EB73,331,https://oge.fipi.ru/bank/questions.php?proj=DE0E276E497AB3784C3FC4CC20248DC0&page=331&pagesize=10#q62EB73,https://oge.fipi.ru/bank/questions.php?proj=DE0E276E497AB3784C3FC4CC20248DC0&page=331#q62EB73,verified_local_archive
25,4D1DBB,331,https://oge.fipi.ru/bank/questions.php?proj=DE0E276E497AB3784C3FC4CC20248DC0&page=331&pagesize=10#q4D1DBB,https://oge.fipi.ru/bank/questions.php?proj=DE0E276E497AB3784C3FC4CC20248DC0&page=331#q4D1DBB,verified_local_archive
25,0A23B5,332,https://oge.fipi.ru/bank/questions.php?proj=DE0E276E497AB3784C3FC4CC20248DC0&page=332&pagesize=10#q0A23B5,https://oge.fipi.ru/bank/questions.php?proj=DE0E276E497AB3784C3FC4CC20248DC0&page=332#q0A23B5,verified_local_archive
25,FB531E,333,https://oge.fipi.ru/bank/questions.php?proj=DE0E276E497AB3784C3FC4CC20248DC0&page=333&pagesize=10#qFB531E,https://oge.fipi.ru/bank/questions.php?proj=DE0E276E497AB3784C3FC4CC20248DC0&page=333#qFB531E,verified_local_archive
25,701E1F,333,https://oge.fipi.ru/bank/questions.php?proj=DE0E276E497AB3784C3FC4CC20248DC0&page=333&pagesize=10#q701E1F,https://oge.fipi.ru/bank/questions.php?proj=DE0E276E497AB3784C3FC4CC20248DC0&page=333#q701E1F,verified_local_archive
25,B9101E,333,https://oge.fipi.ru/bank/questions.php?proj=DE0E276E497AB3784C3FC4CC20248DC0&page=333&pagesize=10#qB9101E,https://oge.fipi.ru/bank/questions.php?proj=DE0E276E497AB3784C3FC4CC20248DC0&page=333#qB9101E,verified_local_archive
25,C5871A,334,https://oge.fipi.ru/bank/questions.php?proj=DE0E276E497AB3784C3FC4CC20248DC0&page=334&pagesize=10#qC5871A,https://oge.fipi.ru/bank/questions.php?proj=DE0E276E497AB3784C3FC4CC20248DC0&page=334#qC5871A,verified_local_archive
25,EBE71A,334,https://oge.fipi.ru/bank/questions.php?proj=DE0E276E497AB3784C3FC4CC20248DC0&page=334&pagesize=10#qEBE71A,https://oge.fipi.ru/bank/questions.php?proj=DE0E276E497AB3784C3FC4CC20248DC0&page=334#qEBE71A,verified_local_archive
25,6C7F1F,334,https://oge.fipi.ru/bank/questions.php?proj=DE0E276E497AB3784C3FC4CC20248DC0&page=334&pagesize=10#q6C7F1F,https://oge.fipi.ru/bank/questions.php?proj=DE0E276E497AB3784C3FC4CC20248DC0&page=334#q6C7F1F,verified_local_archive
25,1EE527,335,https://oge.fipi.ru/bank/questions.php?proj=DE0E276E497AB3784C3FC4CC20248DC0&page=335&pagesize=10#q1EE527,https://oge.fipi.ru/bank/questions.php?proj=DE0E276E497AB3784C3FC4CC20248DC0&page=335#q1EE527,verified_local_archive
25,A79D29,336,https://oge.fipi.ru/bank/questions.php?proj=DE0E276E497AB3784C3FC4CC20248DC0&page=336&pagesize=10#qA79D29,https://oge.fipi.ru/bank/questions.php?proj=DE0E276E497AB3784C3FC4CC20248DC0&page=336#qA79D29,verified_local_archive
25,A4192E,336,https://oge.fipi.ru/bank/questions.php?proj=DE0E276E497AB3784C3FC4CC20248DC0&page=336&pagesize=10#qA4192E,https://oge.fipi.ru/bank/questions.php?proj=DE0E276E497AB3784C3FC4CC20248DC0&page=336#qA4192E,verified_local_archive
25,897324,337,https://oge.fipi.ru/bank/questions.php?proj=DE0E276E497AB3784C3FC4CC20248DC0&page=337&pagesize=10#q897324,https://oge.fipi.ru/bank/questions.php?proj=DE0E276E497AB3784C3FC4CC20248DC0&page=337#q897324,verified_local_archive
25,8C4A28,337,https://oge.fipi.ru/bank/questions.php?proj=DE0E276E497AB3784C3FC4CC20248DC0&page=337&pagesize=10#q8C4A28,https://oge.fipi.ru/bank/questions.php?proj=DE0E276E497AB3784C3FC4CC20248DC0&page=337#q8C4A28,verified_local_archive
25,F311D0,337,https://oge.fipi.ru/bank/questions.php?proj=DE0E276E497AB3784C3FC4CC20248DC0&page=337&pagesize=10#qF311D0,https://oge.fipi.ru/bank/questions.php?proj=DE0E276E497AB3784C3FC4CC20248DC0&page=337#qF311D0,verified_local_archive
25,B435D4,337,https://oge.fipi.ru/bank/questions.php?proj=DE0E276E497AB3784C3FC4CC20248DC0&page=337&pagesize=10#qB435D4,https://oge.fipi.ru/bank/questions.php?proj=DE0E276E497AB3784C3FC4CC20248DC0&page=337#qB435D4,verified_local_archive
25,3FECDD,338,https://oge.fipi.ru/bank/questions.php?proj=DE0E276E497AB3784C3FC4CC20248DC0&page=338&pagesize=10#q3FECDD,https://oge.fipi.ru/bank/questions.php?proj=DE0E276E497AB3784C3FC4CC20248DC0&page=338#q3FECDD,verified_local_archive
25,FD6657,338,https://oge.fipi.ru/bank/questions.php?proj=DE0E276E497AB3784C3FC4CC20248DC0&page=338&pagesize=10#qFD6657,https://oge.fipi.ru/bank/questions.php?proj=DE0E276E497AB3784C3FC4CC20248DC0&page=338#qFD6657,verified_local_archive
25,BD3655,338,https://oge.fipi.ru/bank/questions.php?proj=DE0E276E497AB3784C3FC4CC20248DC0&page=338&pagesize=10#qBD3655,https://oge.fipi.ru/bank/questions.php?proj=DE0E276E497AB3784C3FC4CC20248DC0&page=338#qBD3655,verified_local_archive
25,277E5E,339,https://oge.fipi.ru/bank/questions.php?proj=DE0E276E497AB3784C3FC4CC20248DC0&page=339&pagesize=10#q277E5E,https://oge.fipi.ru/bank/questions.php?proj=DE0E276E497AB3784C3FC4CC20248DC0&page=339#q277E5E,verified_local_archive
25,2E555E,339,https://oge.fipi.ru/bank/questions.php?proj=DE0E276E497AB3784C3FC4CC20248DC0&page=339&pagesize=10#q2E555E,https://oge.fipi.ru/bank/questions.php?proj=DE0E276E497AB3784C3FC4CC20248DC0&page=339#q2E555E,verified_local_archive
25,22C756,339,https://oge.fipi.ru/bank/questions.php?proj=DE0E276E497AB3784C3FC4CC20248DC0&page=339&pagesize=10#q22C756,https://oge.fipi.ru/bank/questions.php?proj=DE0E276E497AB3784C3FC4CC20248DC0&page=339#q22C756,verified_local_archive
25,9CA354,339,https://oge.fipi.ru/bank/questions.php?proj=DE0E276E497AB3784C3FC4CC20248DC0&page=339&pagesize=10#q9CA354,https://oge.fipi.ru/bank/questions.php?proj=DE0E276E497AB3784C3FC4CC20248DC0&page=339#q9CA354,verified_local_archive
25,9E2A56,339,https://oge.fipi.ru/bank/questions.php?proj=DE0E276E497AB3784C3FC4CC20248DC0&page=339&pagesize=10#q9E2A56,https://oge.fipi.ru/bank/questions.php?proj=DE0E276E497AB3784C3FC4CC20248DC0&page=339#q9E2A56,verified_local_archive
25,EE7854,340,https://oge.fipi.ru/bank/questions.php?proj=DE0E276E497AB3784C3FC4CC20248DC0&page=340&pagesize=10#qEE7854,https://oge.fipi.ru/bank/questions.php?proj=DE0E276E497AB3784C3FC4CC20248DC0&page=340#qEE7854,verified_local_archive
25,8A2B5A,340,https://oge.fipi.ru/bank/questions.php?proj=DE0E276E497AB3784C3FC4CC20248DC0&page=340&pagesize=10#q8A2B5A,https://oge.fipi.ru/bank/questions.php?proj=DE0E276E497AB3784C3FC4CC20248DC0&page=340#q8A2B5A,verified_local_archive
25,7673A9,340,https://oge.fipi.ru/bank/questions.php?proj=DE0E276E497AB3784C3FC4CC20248DC0&page=340&pagesize=10#q7673A9,https://oge.fipi.ru/bank/questions.php?proj=DE0E276E497AB3784C3FC4CC20248DC0&page=340#q7673A9,verified_local_archive
25,7AFAA8,340,https://oge.fipi.ru/bank/questions.php?proj=DE0E276E497AB3784C3FC4CC20248DC0&page=340&pagesize=10#q7AFAA8,https://oge.fipi.ru/bank/questions.php?proj=DE0E276E497AB3784C3FC4CC20248DC0&page=340#q7AFAA8,verified_local_archive
25,B706A4,340,https://oge.fipi.ru/bank/questions.php?proj=DE0E276E497AB3784C3FC4CC20248DC0&page=340&pagesize=10#qB706A4,https://oge.fipi.ru/bank/questions.php?proj=DE0E276E497AB3784C3FC4CC20248DC0&page=340#qB706A4,verified_local_archive
25,221DAD,341,https://oge.fipi.ru/bank/questions.php?proj=DE0E276E497AB3784C3FC4CC20248DC0&page=341&pagesize=10#q221DAD,https://oge.fipi.ru/bank/questions.php?proj=DE0E276E497AB3784C3FC4CC20248DC0&page=341#q221DAD,verified_local_archive
25,288EAC,341,https://oge.fipi.ru/bank/questions.php?proj=DE0E276E497AB3784C3FC4CC20248DC0&page=341&pagesize=10#q288EAC,https://oge.fipi.ru/bank/questions.php?proj=DE0E276E497AB3784C3FC4CC20248DC0&page=341#q288EAC,verified_local_archive
25,57D6A3,341,https://oge.fipi.ru/bank/questions.php?proj=DE0E276E497AB3784C3FC4CC20248DC0&page=341&pagesize=10#q57D6A3,https://oge.fipi.ru/bank/questions.php?proj=DE0E276E497AB3784C3FC4CC20248DC0&page=341#q57D6A3,verified_local_archive
25,CE1DA2,341,https://oge.fipi.ru/bank/questions.php?proj=DE0E276E497AB3784C3FC4CC20248DC0&page=341&pagesize=10#qCE1DA2,https://oge.fipi.ru/bank/questions.php?proj=DE0E276E497AB3784C3FC4CC20248DC0&page=341#qCE1DA2,verified_local_archive
25,9FFCAD,341,https://oge.fipi.ru/bank/questions.php?proj=DE0E276E497AB3784C3FC4CC20248DC0&page=341&pagesize=10#q9FFCAD,https://oge.fipi.ru/bank/questions.php?proj=DE0E276E497AB3784C3FC4CC20248DC0&page=341#q9FFCAD,verified_local_archive
25,7D84CB,342,https://oge.fipi.ru/bank/questions.php?proj=DE0E276E497AB3784C3FC4CC20248DC0&page=342&pagesize=10#q7D84CB,https://oge.fipi.ru/bank/questions.php?proj=DE0E276E497AB3784C3FC4CC20248DC0&page=342#q7D84CB,verified_local_archive
25,BA70C1,342,https://oge.fipi.ru/bank/questions.php?proj=DE0E276E497AB3784C3FC4CC20248DC0&page=342&pagesize=10#qBA70C1,https://oge.fipi.ru/bank/questions.php?proj=DE0E276E497AB3784C3FC4CC20248DC0&page=342#qBA70C1,verified_local_archive
25,096495,343,https://oge.fipi.ru/bank/questions.php?proj=DE0E276E497AB3784C3FC4CC20248DC0&page=343&pagesize=10#q096495,https://oge.fipi.ru/bank/questions.php?proj=DE0E276E497AB3784C3FC4CC20248DC0&page=343#q096495,verified_local_archive
25,7E8F98,344,https://oge.fipi.ru/bank/questions.php?proj=DE0E276E497AB3784C3FC4CC20248DC0&page=344&pagesize=10#q7E8F98,https://oge.fipi.ru/bank/questions.php?proj=DE0E276E497AB3784C3FC4CC20248DC0&page=344#q7E8F98,verified_local_archive
25,1C2090,344,https://oge.fipi.ru/bank/questions.php?proj=DE0E276E497AB3784C3FC4CC20248DC0&page=344&pagesize=10#q1C2090,https://oge.fipi.ru/bank/questions.php?proj=DE0E276E497AB3784C3FC4CC20248DC0&page=344#q1C2090,verified_local_archive
25,1C7299,344,https://oge.fipi.ru/bank/questions.php?proj=DE0E276E497AB3784C3FC4CC20248DC0&page=344&pagesize=10#q1C7299,https://oge.fipi.ru/bank/questions.php?proj=DE0E276E497AB3784C3FC4CC20248DC0&page=344#q1C7299,verified_local_archive
25,2FA692,344,https://oge.fipi.ru/bank/questions.php?proj=DE0E276E497AB3784C3FC4CC20248DC0&page=344&pagesize=10#q2FA692,https://oge.fipi.ru/bank/questions.php?proj=DE0E276E497AB3784C3FC4CC20248DC0&page=344#q2FA692,verified_local_archive
25,D60F99,344,https://oge.fipi.ru/bank/questions.php?proj=DE0E276E497AB3784C3FC4CC20248DC0&page=344&pagesize=10#qD60F99,https://oge.fipi.ru/bank/questions.php?proj=DE0E276E497AB3784C3FC4CC20248DC0&page=344#qD60F99,verified_local_archive
25,AE4891,344,https://oge.fipi.ru/bank/questions.php?proj=DE0E276E497AB3784C3FC4CC20248DC0&page=344&pagesize=10#qAE4891,https://oge.fipi.ru/bank/questions.php?proj=DE0E276E497AB3784C3FC4CC20248DC0&page=344#qAE4891,verified_local_archive
25,CF289F,345,https://oge.fipi.ru/bank/questions.php?proj=DE0E276E497AB3784C3FC4CC20248DC0&page=345&pagesize=10#qCF289F,https://oge.fipi.ru/bank/questions.php?proj=DE0E276E497AB3784C3FC4CC20248DC0&page=345#qCF289F,verified_local_archive
25,6F1598,345,https://oge.fipi.ru/bank/questions.php?proj=DE0E276E497AB3784C3FC4CC20248DC0&page=345&pagesize=10#q6F1598,https://oge.fipi.ru/bank/questions.php?proj=DE0E276E497AB3784C3FC4CC20248DC0&page=345#q6F1598,verified_local_archive
25,84CE9A,345,https://oge.fipi.ru/bank/questions.php?proj=DE0E276E497AB3784C3FC4CC20248DC0&page=345&pagesize=10#q84CE9A,https://oge.fipi.ru/bank/questions.php?proj=DE0E276E497AB3784C3FC4CC20248DC0&page=345#q84CE9A,verified_local_archive
25,F8A0E6,345,https://oge.fipi.ru/bank/questions.php?proj=DE0E276E497AB3784C3FC4CC20248DC0&page=345&pagesize=10#qF8A0E6,https://oge.fipi.ru/bank/questions.php?proj=DE0E276E497AB3784C3FC4CC20248DC0&page=345#qF8A0E6,verified_local_archive
25,7B2FE8,345,https://oge.fipi.ru/bank/questions.php?proj=DE0E276E497AB3784C3FC4CC20248DC0&page=345&pagesize=10#q7B2FE8,https://oge.fipi.ru/bank/questions.php?proj=DE0E276E497AB3784C3FC4CC20248DC0&page=345#q7B2FE8,verified_local_archive
25,716CE8,345,https://oge.fipi.ru/bank/questions.php?proj=DE0E276E497AB3784C3FC4CC20248DC0&page=345&pagesize=10#q716CE8,https://oge.fipi.ru/bank/questions.php?proj=DE0E276E497AB3784C3FC4CC20248DC0&page=345#q716CE8,verified_local_archive
25,B520E8,346,https://oge.fipi.ru/bank/questions.php?proj=DE0E276E497AB3784C3FC4CC20248DC0&page=346&pagesize=10#qB520E8,https://oge.fipi.ru/bank/questions.php?proj=DE0E276E497AB3784C3FC4CC20248DC0&page=346#qB520E8,verified_local_archive
25,5AF0E1,346,https://oge.fipi.ru/bank/questions.php?proj=DE0E276E497AB3784C3FC4CC20248DC0&page=346&pagesize=10#q5AF0E1,https://oge.fipi.ru/bank/questions.php?proj=DE0E276E497AB3784C3FC4CC20248DC0&page=346#q5AF0E1,verified_local_archive
25,6EF2E3,346,https://oge.fipi.ru/bank/questions.php?proj=DE0E276E497AB3784C3FC4CC20248DC0&page=346&pagesize=10#q6EF2E3,https://oge.fipi.ru/bank/questions.php?proj=DE0E276E497AB3784C3FC4CC20248DC0&page=346#q6EF2E3,verified_local_archive
25,418268,347,https://oge.fipi.ru/bank/questions.php?proj=DE0E276E497AB3784C3FC4CC20248DC0&page=347&pagesize=10#q418268,https://oge.fipi.ru/bank/questions.php?proj=DE0E276E497AB3784C3FC4CC20248DC0&page=347#q418268,verified_local_archive
25,057560,347,https://oge.fipi.ru/bank/questions.php?proj=DE0E276E497AB3784C3FC4CC20248DC0&page=347&pagesize=10#q057560,https://oge.fipi.ru/bank/questions.php?proj=DE0E276E497AB3784C3FC4CC20248DC0&page=347#q057560,verified_local_archive
25,1D6569,347,https://oge.fipi.ru/bank/questions.php?proj=DE0E276E497AB3784C3FC4CC20248DC0&page=347&pagesize=10#q1D6569,https://oge.fipi.ru/bank/questions.php?proj=DE0E276E497AB3784C3FC4CC20248DC0&page=347#q1D6569,verified_local_archive
25,DFC86B,347,https://oge.fipi.ru/bank/questions.php?proj=DE0E276E497AB3784C3FC4CC20248DC0&page=347&pagesize=10#qDFC86B,https://oge.fipi.ru/bank/questions.php?proj=DE0E276E497AB3784C3FC4CC20248DC0&page=347#qDFC86B,verified_local_archive
25,C6F56B,348,https://oge.fipi.ru/bank/questions.php?proj=DE0E276E497AB3784C3FC4CC20248DC0&page=348&pagesize=10#qC6F56B,https://oge.fipi.ru/bank/questions.php?proj=DE0E276E497AB3784C3FC4CC20248DC0&page=348#qC6F56B,verified_local_archive
25,E4D760,348,https://oge.fipi.ru/bank/questions.php?proj=DE0E276E497AB3784C3FC4CC20248DC0&page=348&pagesize=10#qE4D760,https://oge.fipi.ru/bank/questions.php?proj=DE0E276E497AB3784C3FC4CC20248DC0&page=348#qE4D760,verified_local_archive
25,80A169,349,https://oge.fipi.ru/bank/questions.php?proj=DE0E276E497AB3784C3FC4CC20248DC0&page=349&pagesize=10#q80A169,https://oge.fipi.ru/bank/questions.php?proj=DE0E276E497AB3784C3FC4CC20248DC0&page=349#q80A169,verified_local_archive
25,23E631,349,https://oge.fipi.ru/bank/questions.php?proj=DE0E276E497AB3784C3FC4CC20248DC0&page=349&pagesize=10#q23E631,https://oge.fipi.ru/bank/questions.php?proj=DE0E276E497AB3784C3FC4CC20248DC0&page=349#q23E631,verified_local_archive
25,29F53E,349,https://oge.fipi.ru/bank/questions.php?proj=DE0E276E497AB3784C3FC4CC20248DC0&page=349&pagesize=10#q29F53E,https://oge.fipi.ru/bank/questions.php?proj=DE0E276E497AB3784C3FC4CC20248DC0&page=349#q29F53E,verified_local_archive
25,954230,349,https://oge.fipi.ru/bank/questions.php?proj=DE0E276E497AB3784C3FC4CC20248DC0&page=349&pagesize=10#q954230,https://oge.fipi.ru/bank/questions.php?proj=DE0E276E497AB3784C3FC4CC20248DC0&page=349#q954230,verified_local_archive
25,67503F,350,https://oge.fipi.ru/bank/questions.php?proj=DE0E276E497AB3784C3FC4CC20248DC0&page=350&pagesize=10#q67503F,https://oge.fipi.ru/bank/questions.php?proj=DE0E276E497AB3784C3FC4CC20248DC0&page=350#q67503F,verified_local_archive
25,3FA333,350,https://oge.fipi.ru/bank/questions.php?proj=DE0E276E497AB3784C3FC4CC20248DC0&page=350&pagesize=10#q3FA333,https://oge.fipi.ru/bank/questions.php?proj=DE0E276E497AB3784C3FC4CC20248DC0&page=350#q3FA333,verified_local_archive
25,F8F38E,350,https://oge.fipi.ru/bank/questions.php?proj=DE0E276E497AB3784C3FC4CC20248DC0&page=350&pagesize=10#qF8F38E,https://oge.fipi.ru/bank/questions.php?proj=DE0E276E497AB3784C3FC4CC20248DC0&page=350#qF8F38E,verified_local_archive
25,15838B,351,https://oge.fipi.ru/bank/questions.php?proj=DE0E276E497AB3784C3FC4CC20248DC0&page=351&pagesize=10#q15838B,https://oge.fipi.ru/bank/questions.php?proj=DE0E276E497AB3784C3FC4CC20248DC0&page=351#q15838B,verified_local_archive
25,D9CD8D,351,https://oge.fipi.ru/bank/questions.php?proj=DE0E276E497AB3784C3FC4CC20248DC0&page=351&pagesize=10#qD9CD8D,https://oge.fipi.ru/bank/questions.php?proj=DE0E276E497AB3784C3FC4CC20248DC0&page=351#qD9CD8D,verified_local_archive
25,A24A8E,351,https://oge.fipi.ru/bank/questions.php?proj=DE0E276E497AB3784C3FC4CC20248DC0&page=351&pagesize=10#qA24A8E,https://oge.fipi.ru/bank/questions.php?proj=DE0E276E497AB3784C3FC4CC20248DC0&page=351#qA24A8E,verified_local_archive
25,ECF283,352,https://oge.fipi.ru/bank/questions.php?proj=DE0E276E497AB3784C3FC4CC20248DC0&page=352&pagesize=10#qECF283,https://oge.fipi.ru/bank/questions.php?proj=DE0E276E497AB3784C3FC4CC20248DC0&page=352#qECF283,verified_local_archive
